﻿<?xml version="1.0" encoding="utf-8"?>
<abapGit version="v1.0.0" serializer="LCL_OBJECT_CLAS" serializer_version="v1.0.0">
 <asx:abap xmlns:asx="http://www.sap.com/abapxml" version="1.0">
  <asx:values>
   <VSEOCLASS>
    <CLSNAME>ZCL_NCA_RTO_UIBB_TO_GUIBB</CLSNAME>
    <LANGU>E</LANGU>
    <DESCRIPT>Class API for GUIBBs</DESCRIPT>
    <STATE>1</STATE>
    <CLSCCINCL>X</CLSCCINCL>
    <FIXPT>X</FIXPT>
    <UNICODE>X</UNICODE>
   </VSEOCLASS>
   <DESCRIPTIONS>
    <SEOCOMPOTX>
     <CLSNAME>ZCL_NCA_RTO_UIBB_TO_GUIBB</CLSNAME>
     <CMPNAME>APPEND_FIELDS_GUIBBF</CMPNAME>
     <LANGU>E</LANGU>
     <DESCRIPT>Append Fields of Classification to a Form UIBB</DESCRIPT>
    </SEOCOMPOTX>
    <SEOCOMPOTX>
     <CLSNAME>ZCL_NCA_RTO_UIBB_TO_GUIBB</CLSNAME>
     <CMPNAME>APPEND_FIELDS_GUIBBL</CMPNAME>
     <LANGU>E</LANGU>
     <DESCRIPT>Append Fields of Classification to a List UIBB</DESCRIPT>
    </SEOCOMPOTX>
    <SEOCOMPOTX>
     <CLSNAME>ZCL_NCA_RTO_UIBB_TO_GUIBB</CLSNAME>
     <CMPNAME>APPEND_FIELDS_GUIBBS</CMPNAME>
     <LANGU>E</LANGU>
     <DESCRIPT>Append Fields of Classification to a Search UIBB</DESCRIPT>
    </SEOCOMPOTX>
    <SEOCOMPOTX>
     <CLSNAME>ZCL_NCA_RTO_UIBB_TO_GUIBB</CLSNAME>
     <CMPNAME>CALC_CHANGELOG</CMPNAME>
     <LANGU>E</LANGU>
     <DESCRIPT>Calculate Changelog</DESCRIPT>
    </SEOCOMPOTX>
    <SEOCOMPOTX>
     <CLSNAME>ZCL_NCA_RTO_UIBB_TO_GUIBB</CLSNAME>
     <CMPNAME>CHECK_INPUT</CMPNAME>
     <LANGU>E</LANGU>
     <DESCRIPT>Check Fixed Values and Mandatory Input</DESCRIPT>
    </SEOCOMPOTX>
    <SEOCOMPOTX>
     <CLSNAME>ZCL_NCA_RTO_UIBB_TO_GUIBB</CLSNAME>
     <CMPNAME>CONSTRUCTOR</CMPNAME>
     <LANGU>E</LANGU>
     <DESCRIPT>CONSTRUCTOR</DESCRIPT>
    </SEOCOMPOTX>
    <SEOCOMPOTX>
     <CLSNAME>ZCL_NCA_RTO_UIBB_TO_GUIBB</CLSNAME>
     <CMPNAME>FLUSH</CMPNAME>
     <LANGU>E</LANGU>
     <DESCRIPT>Standard FPM method to store data from the standard UIBBs.</DESCRIPT>
    </SEOCOMPOTX>
    <SEOCOMPOTX>
     <CLSNAME>ZCL_NCA_RTO_UIBB_TO_GUIBB</CLSNAME>
     <CMPNAME>GET_DATA</CMPNAME>
     <LANGU>E</LANGU>
     <DESCRIPT>FPM Get Data</DESCRIPT>
    </SEOCOMPOTX>
    <SEOCOMPOTX>
     <CLSNAME>ZCL_NCA_RTO_UIBB_TO_GUIBB</CLSNAME>
     <CMPNAME>GET_UIBB_DEF</CMPNAME>
     <LANGU>E</LANGU>
     <DESCRIPT>get class definition object zcl_mara_cl_class</DESCRIPT>
    </SEOCOMPOTX>
    <SEOCOMPOTX>
     <CLSNAME>ZCL_NCA_RTO_UIBB_TO_GUIBB</CLSNAME>
     <CMPNAME>IS_DIRTY</CMPNAME>
     <LANGU>E</LANGU>
     <DESCRIPT>has changed values?</DESCRIPT>
    </SEOCOMPOTX>
    <SEOCOMPOTX>
     <CLSNAME>ZCL_NCA_RTO_UIBB_TO_GUIBB</CLSNAME>
     <CMPNAME>MO_UIBB</CMPNAME>
     <LANGU>E</LANGU>
     <DESCRIPT>Class API for Classification</DESCRIPT>
    </SEOCOMPOTX>
    <SEOCOMPOTX>
     <CLSNAME>ZCL_NCA_RTO_UIBB_TO_GUIBB</CLSNAME>
     <CMPNAME>MS_UIBB_KEY</CMPNAME>
     <LANGU>E</LANGU>
     <DESCRIPT>UIBBS Key Include</DESCRIPT>
    </SEOCOMPOTX>
    <SEOCOMPOTX>
     <CLSNAME>ZCL_NCA_RTO_UIBB_TO_GUIBB</CLSNAME>
     <CMPNAME>SEARCH</CMPNAME>
     <LANGU>E</LANGU>
     <DESCRIPT>obsolete</DESCRIPT>
    </SEOCOMPOTX>
    <SEOCOMPOTX>
     <CLSNAME>ZCL_NCA_RTO_UIBB_TO_GUIBB</CLSNAME>
     <CMPNAME>_GET_DATA_REF</CMPNAME>
     <LANGU>E</LANGU>
     <DESCRIPT>FPM Get Data</DESCRIPT>
    </SEOCOMPOTX>
    <SEOCOMPOTX>
     <CLSNAME>ZCL_NCA_RTO_UIBB_TO_GUIBB</CLSNAME>
     <CMPNAME>_GET_DATA_REF_NCA</CMPNAME>
     <LANGU>E</LANGU>
     <DESCRIPT>FPM Get Data</DESCRIPT>
    </SEOCOMPOTX>
    <SEOCOMPOTX>
     <CLSNAME>ZCL_NCA_RTO_UIBB_TO_GUIBB</CLSNAME>
     <CMPNAME>_GET_DATA_REF_TAB</CMPNAME>
     <LANGU>E</LANGU>
     <DESCRIPT>FPM Get Data</DESCRIPT>
    </SEOCOMPOTX>
   </DESCRIPTIONS>
  </asx:values>
 </asx:abap>
</abapGit>
