﻿<?xml version="1.0" encoding="utf-8"?>
<abapGit version="v1.0.0" serializer="LCL_OBJECT_CLAS" serializer_version="v1.0.0">
 <asx:abap xmlns:asx="http://www.sap.com/abapxml" version="1.0">
  <asx:values>
   <VSEOCLASS>
    <CLSNAME>ZCL_NCA_RTO_UIBB</CLSNAME>
    <LANGU>E</LANGU>
    <DESCRIPT>Class API for Classification</DESCRIPT>
    <STATE>1</STATE>
    <CLSCCINCL>X</CLSCCINCL>
    <FIXPT>X</FIXPT>
    <UNICODE>X</UNICODE>
   </VSEOCLASS>
   <DESCRIPTIONS>
    <SEOCOMPOTX>
     <CLSNAME>ZCL_NCA_RTO_UIBB</CLSNAME>
     <CMPNAME>CONSTRUCTOR</CMPNAME>
     <LANGU>E</LANGU>
     <DESCRIPT>CONSTRUCTOR</DESCRIPT>
    </SEOCOMPOTX>
    <SEOCOMPOTX>
     <CLSNAME>ZCL_NCA_RTO_UIBB</CLSNAME>
     <CMPNAME>GET_DESCRIPTIONS</CMPNAME>
     <LANGU>E</LANGU>
     <DESCRIPT>get class descriptions</DESCRIPT>
    </SEOCOMPOTX>
    <SEOCOMPOTX>
     <CLSNAME>ZCL_NCA_RTO_UIBB</CLSNAME>
     <CMPNAME>GET_FIELD_CATALOG</CMPNAME>
     <LANGU>E</LANGU>
     <DESCRIPT>get field cat + comps buffered</DESCRIPT>
    </SEOCOMPOTX>
    <SEOCOMPOTX>
     <CLSNAME>ZCL_NCA_RTO_UIBB</CLSNAME>
     <CMPNAME>GET_INSTANCE</CMPNAME>
     <LANGU>E</LANGU>
     <DESCRIPT>Singleton</DESCRIPT>
    </SEOCOMPOTX>
    <SEOCOMPOTX>
     <CLSNAME>ZCL_NCA_RTO_UIBB</CLSNAME>
     <CMPNAME>GET_LIST_FIELD_CATALOG</CMPNAME>
     <LANGU>E</LANGU>
     <DESCRIPT>get list field catalog + tec fileds</DESCRIPT>
    </SEOCOMPOTX>
    <SEOCOMPOTX>
     <CLSNAME>ZCL_NCA_RTO_UIBB</CLSNAME>
     <CMPNAME>GET_UICO</CMPNAME>
     <LANGU>E</LANGU>
     <DESCRIPT>get characteristic</DESCRIPT>
    </SEOCOMPOTX>
    <SEOCOMPOTX>
     <CLSNAME>ZCL_NCA_RTO_UIBB</CLSNAME>
     <CMPNAME>GET_UICOS</CMPNAME>
     <LANGU>E</LANGU>
     <DESCRIPT>get characteristics</DESCRIPT>
    </SEOCOMPOTX>
    <SEOCOMPOTX>
     <CLSNAME>ZCL_NCA_RTO_UIBB</CLSNAME>
     <CMPNAME>GET_UICO_OBJECT</CMPNAME>
     <LANGU>E</LANGU>
     <DESCRIPT>get class attribute</DESCRIPT>
    </SEOCOMPOTX>
    <SEOCOMPOTX>
     <CLSNAME>ZCL_NCA_RTO_UIBB</CLSNAME>
     <CMPNAME>INITIALIZE</CMPNAME>
     <LANGU>E</LANGU>
     <DESCRIPT>reload data</DESCRIPT>
    </SEOCOMPOTX>
    <SEOCOMPOTX>
     <CLSNAME>ZCL_NCA_RTO_UIBB</CLSNAME>
     <CMPNAME>INVALIDATE</CMPNAME>
     <LANGU>E</LANGU>
     <DESCRIPT>invalidate</DESCRIPT>
    </SEOCOMPOTX>
    <SEOCOMPOTX>
     <CLSNAME>ZCL_NCA_RTO_UIBB</CLSNAME>
     <CMPNAME>MO_LIST_FIELD_CATALOG</CMPNAME>
     <LANGU>E</LANGU>
     <DESCRIPT>Runtime Type Services</DESCRIPT>
    </SEOCOMPOTX>
    <SEOCOMPOTX>
     <CLSNAME>ZCL_NCA_RTO_UIBB</CLSNAME>
     <CMPNAME>MV_UIBB_ID</CMPNAME>
     <LANGU>E</LANGU>
     <DESCRIPT>NCA Key ID</DESCRIPT>
    </SEOCOMPOTX>
   </DESCRIPTIONS>
  </asx:values>
 </asx:abap>
</abapGit>
