﻿<?xml version="1.0" encoding="utf-8"?>
<abapGit version="v1.0.0" serializer="LCL_OBJECT_CLAS" serializer_version="v1.0.0">
 <asx:abap xmlns:asx="http://www.sap.com/abapxml" version="1.0">
  <asx:values>
   <VSEOCLASS>
    <CLSNAME>ZCL_NCA_RTO_VALUES</CLSNAME>
    <LANGU>E</LANGU>
    <DESCRIPT>Class Attribute Values by Class</DESCRIPT>
    <STATE>1</STATE>
    <CLSCCINCL>X</CLSCCINCL>
    <FIXPT>X</FIXPT>
    <UNICODE>X</UNICODE>
   </VSEOCLASS>
   <DESCRIPTIONS>
    <SEOCOMPOTX>
     <CLSNAME>ZCL_NCA_RTO_VALUES</CLSNAME>
     <CMPNAME>CHANGE_VALUE_CHAR</CMPNAME>
     <LANGU>E</LANGU>
     <DESCRIPT>Change Value</DESCRIPT>
    </SEOCOMPOTX>
    <SEOCOMPOTX>
     <CLSNAME>ZCL_NCA_RTO_VALUES</CLSNAME>
     <CMPNAME>CHANGE_VALUE_NUM</CMPNAME>
     <LANGU>E</LANGU>
     <DESCRIPT>Change Value</DESCRIPT>
    </SEOCOMPOTX>
    <SEOCOMPOTX>
     <CLSNAME>ZCL_NCA_RTO_VALUES</CLSNAME>
     <CMPNAME>CHANGE_VALUE_STRING</CMPNAME>
     <LANGU>E</LANGU>
     <DESCRIPT>Change Value</DESCRIPT>
    </SEOCOMPOTX>
    <SEOCOMPOTX>
     <CLSNAME>ZCL_NCA_RTO_VALUES</CLSNAME>
     <CMPNAME>CONSTRUCTOR</CMPNAME>
     <LANGU>E</LANGU>
     <DESCRIPT>CONSTRUCTOR</DESCRIPT>
    </SEOCOMPOTX>
    <SEOCOMPOTX>
     <CLSNAME>ZCL_NCA_RTO_VALUES</CLSNAME>
     <CMPNAME>DELETE_VALUES</CMPNAME>
     <LANGU>E</LANGU>
     <DESCRIPT>Delete Values</DESCRIPT>
    </SEOCOMPOTX>
    <SEOCOMPOTX>
     <CLSNAME>ZCL_NCA_RTO_VALUES</CLSNAME>
     <CMPNAME>GET_VALUE_CHAR</CMPNAME>
     <LANGU>E</LANGU>
     <DESCRIPT>Get Value</DESCRIPT>
    </SEOCOMPOTX>
    <SEOCOMPOTX>
     <CLSNAME>ZCL_NCA_RTO_VALUES</CLSNAME>
     <CMPNAME>GET_VALUE_NUM</CMPNAME>
     <LANGU>E</LANGU>
     <DESCRIPT>Get Value</DESCRIPT>
    </SEOCOMPOTX>
    <SEOCOMPOTX>
     <CLSNAME>ZCL_NCA_RTO_VALUES</CLSNAME>
     <CMPNAME>GET_VALUE_NUM_DATETIME</CMPNAME>
     <LANGU>E</LANGU>
     <DESCRIPT>Get Value</DESCRIPT>
    </SEOCOMPOTX>
    <SEOCOMPOTX>
     <CLSNAME>ZCL_NCA_RTO_VALUES</CLSNAME>
     <CMPNAME>GET_VALUE_STRING</CMPNAME>
     <LANGU>E</LANGU>
     <DESCRIPT>Get Value</DESCRIPT>
    </SEOCOMPOTX>
    <SEOCOMPOTX>
     <CLSNAME>ZCL_NCA_RTO_VALUES</CLSNAME>
     <CMPNAME>MS_OBJ_KEY</CMPNAME>
     <LANGU>E</LANGU>
     <DESCRIPT>OBJ Key Include</DESCRIPT>
    </SEOCOMPOTX>
    <SEOCOMPOTX>
     <CLSNAME>ZCL_NCA_RTO_VALUES</CLSNAME>
     <CMPNAME>MT_VAL_CHANGE_CHAR</CMPNAME>
     <LANGU>E</LANGU>
     <DESCRIPT>NCA Object Values Char</DESCRIPT>
    </SEOCOMPOTX>
    <SEOCOMPOTX>
     <CLSNAME>ZCL_NCA_RTO_VALUES</CLSNAME>
     <CMPNAME>MT_VAL_CHANGE_NUM</CMPNAME>
     <LANGU>E</LANGU>
     <DESCRIPT>NCA Object Values Char</DESCRIPT>
    </SEOCOMPOTX>
    <SEOCOMPOTX>
     <CLSNAME>ZCL_NCA_RTO_VALUES</CLSNAME>
     <CMPNAME>MT_VAL_CHANGE_TEXT</CMPNAME>
     <LANGU>E</LANGU>
     <DESCRIPT>NCA Object Values Char</DESCRIPT>
    </SEOCOMPOTX>
    <SEOCOMPOTX>
     <CLSNAME>ZCL_NCA_RTO_VALUES</CLSNAME>
     <CMPNAME>MT_VAL_CHAR</CMPNAME>
     <LANGU>E</LANGU>
     <DESCRIPT>NCA Object Values Char</DESCRIPT>
    </SEOCOMPOTX>
    <SEOCOMPOTX>
     <CLSNAME>ZCL_NCA_RTO_VALUES</CLSNAME>
     <CMPNAME>MT_VAL_NUM</CMPNAME>
     <LANGU>E</LANGU>
     <DESCRIPT>NCA Object Values Char</DESCRIPT>
    </SEOCOMPOTX>
    <SEOCOMPOTX>
     <CLSNAME>ZCL_NCA_RTO_VALUES</CLSNAME>
     <CMPNAME>MT_VAL_TEXT</CMPNAME>
     <LANGU>E</LANGU>
     <DESCRIPT>NCA Object Values Char</DESCRIPT>
    </SEOCOMPOTX>
    <SEOCOMPOTX>
     <CLSNAME>ZCL_NCA_RTO_VALUES</CLSNAME>
     <CMPNAME>MV_TABLE_SUFFIX</CMPNAME>
     <LANGU>E</LANGU>
     <DESCRIPT>Value Database Set</DESCRIPT>
    </SEOCOMPOTX>
    <SEOCOMPOTX>
     <CLSNAME>ZCL_NCA_RTO_VALUES</CLSNAME>
     <CMPNAME>SAVE_CHANGES</CMPNAME>
     <LANGU>E</LANGU>
     <DESCRIPT>Save Changes of Characts</DESCRIPT>
    </SEOCOMPOTX>
    <SEOCOMPOTX>
     <CLSNAME>ZCL_NCA_RTO_VALUES</CLSNAME>
     <CMPNAME>_WRITE_CHANGE_DOC</CMPNAME>
     <LANGU>E</LANGU>
     <DESCRIPT>Write Chagne Docs</DESCRIPT>
    </SEOCOMPOTX>
   </DESCRIPTIONS>
  </asx:values>
 </asx:abap>
</abapGit>
