﻿<?xml version="1.0" encoding="utf-8"?>
<abapGit version="v1.0.0" serializer="LCL_OBJECT_CLAS" serializer_version="v1.0.0">
 <asx:abap xmlns:asx="http://www.sap.com/abapxml" version="1.0">
  <asx:values>
   <VSEOCLASS>
    <CLSNAME>ZCL_NCA_MESSAGES</CLSNAME>
    <LANGU>E</LANGU>
    <DESCRIPT>Messages</DESCRIPT>
    <STATE>1</STATE>
    <CLSCCINCL>X</CLSCCINCL>
    <FIXPT>X</FIXPT>
    <UNICODE>X</UNICODE>
   </VSEOCLASS>
   <DESCRIPTIONS>
    <SEOCOMPOTX>
     <CLSNAME>ZCL_NCA_MESSAGES</CLSNAME>
     <CMPNAME>GET_MESSAGE</CMPNAME>
     <LANGU>E</LANGU>
     <DESCRIPT>Get Message</DESCRIPT>
    </SEOCOMPOTX>
    <SEOCOMPOTX>
     <CLSNAME>ZCL_NCA_MESSAGES</CLSNAME>
     <CMPNAME>GET_MESSAGES</CMPNAME>
     <LANGU>E</LANGU>
     <DESCRIPT>Get Messages</DESCRIPT>
    </SEOCOMPOTX>
    <SEOCOMPOTX>
     <CLSNAME>ZCL_NCA_MESSAGES</CLSNAME>
     <CMPNAME>HAS_ERRORS</CMPNAME>
     <LANGU>E</LANGU>
     <DESCRIPT>Check for Errors in Massage Table</DESCRIPT>
    </SEOCOMPOTX>
    <SEOCOMPOTX>
     <CLSNAME>ZCL_NCA_MESSAGES</CLSNAME>
     <CMPNAME>HAS_MESSAGES</CMPNAME>
     <LANGU>E</LANGU>
     <DESCRIPT>Check for Messages in Massage Table</DESCRIPT>
    </SEOCOMPOTX>
    <SEOCOMPOTX>
     <CLSNAME>ZCL_NCA_MESSAGES</CLSNAME>
     <CMPNAME>HAS_WARNINGS</CMPNAME>
     <LANGU>E</LANGU>
     <DESCRIPT>Check for Warnings in Massage Table</DESCRIPT>
    </SEOCOMPOTX>
    <SEOCOMPOTX>
     <CLSNAME>ZCL_NCA_MESSAGES</CLSNAME>
     <CMPNAME>INITIALIZE</CMPNAME>
     <LANGU>E</LANGU>
     <DESCRIPT>Initialize Messages</DESCRIPT>
    </SEOCOMPOTX>
    <SEOCOMPOTX>
     <CLSNAME>ZCL_NCA_MESSAGES</CLSNAME>
     <CMPNAME>RAISE_MESSAGES</CMPNAME>
     <LANGU>E</LANGU>
     <DESCRIPT>Raise Messages</DESCRIPT>
    </SEOCOMPOTX>
    <SEOCOMPOTX>
     <CLSNAME>ZCL_NCA_MESSAGES</CLSNAME>
     <CMPNAME>SET_EXCEPTION</CMPNAME>
     <LANGU>E</LANGU>
     <DESCRIPT>Set Exception Message</DESCRIPT>
    </SEOCOMPOTX>
    <SEOCOMPOTX>
     <CLSNAME>ZCL_NCA_MESSAGES</CLSNAME>
     <CMPNAME>SET_MESSAGES_BAPIRET</CMPNAME>
     <LANGU>E</LANGU>
     <DESCRIPT>Set BAPIRET Messages</DESCRIPT>
    </SEOCOMPOTX>
    <SEOCOMPOTX>
     <CLSNAME>ZCL_NCA_MESSAGES</CLSNAME>
     <CMPNAME>SET_MESSAGES_FDT_LOG</CMPNAME>
     <LANGU>E</LANGU>
     <DESCRIPT>Set FDT Log Messages</DESCRIPT>
    </SEOCOMPOTX>
    <SEOCOMPOTX>
     <CLSNAME>ZCL_NCA_MESSAGES</CLSNAME>
     <CMPNAME>SET_MESSAGES_FPM</CMPNAME>
     <LANGU>E</LANGU>
     <DESCRIPT>Set FPM Messages</DESCRIPT>
    </SEOCOMPOTX>
    <SEOCOMPOTX>
     <CLSNAME>ZCL_NCA_MESSAGES</CLSNAME>
     <CMPNAME>SET_MESSAGE_BAPIRET</CMPNAME>
     <LANGU>E</LANGU>
     <DESCRIPT>Set BAPIRET Message</DESCRIPT>
    </SEOCOMPOTX>
    <SEOCOMPOTX>
     <CLSNAME>ZCL_NCA_MESSAGES</CLSNAME>
     <CMPNAME>SET_MESSAGE_FDT_LOG</CMPNAME>
     <LANGU>E</LANGU>
     <DESCRIPT>Set FDT Log Messages</DESCRIPT>
    </SEOCOMPOTX>
    <SEOCOMPOTX>
     <CLSNAME>ZCL_NCA_MESSAGES</CLSNAME>
     <CMPNAME>SET_MESSAGE_FPM</CMPNAME>
     <LANGU>E</LANGU>
     <DESCRIPT>Set FPM Message</DESCRIPT>
    </SEOCOMPOTX>
    <SEOCOMPOTX>
     <CLSNAME>ZCL_NCA_MESSAGES</CLSNAME>
     <CMPNAME>SET_MESSAGE_SYMSG</CMPNAME>
     <LANGU>E</LANGU>
     <DESCRIPT>Set System Message</DESCRIPT>
    </SEOCOMPOTX>
   </DESCRIPTIONS>
  </asx:values>
 </asx:abap>
</abapGit>
