﻿<?xml version="1.0" encoding="utf-8"?>
<abapGit version="v1.0.0" serializer="LCL_OBJECT_CLAS" serializer_version="v1.0.0">
 <asx:abap xmlns:asx="http://www.sap.com/abapxml" version="1.0">
  <asx:values>
   <VSEOCLASS>
    <CLSNAME>ZCL_NCA_RTO_UICO</CLSNAME>
    <LANGU>E</LANGU>
    <DESCRIPT>Class Attributes</DESCRIPT>
    <STATE>1</STATE>
    <CLSCCINCL>X</CLSCCINCL>
    <FIXPT>X</FIXPT>
    <UNICODE>X</UNICODE>
   </VSEOCLASS>
   <TPOOL>
    <item>
     <ID>I</ID>
     <KEY>001</KEY>
     <ENTRY>Value not found.</ENTRY>
     <LENGTH>26</LENGTH>
    </item>
   </TPOOL>
   <DESCRIPTIONS>
    <SEOCOMPOTX>
     <CLSNAME>ZCL_NCA_RTO_UICO</CLSNAME>
     <CMPNAME>CONSTRUCTOR</CMPNAME>
     <LANGU>E</LANGU>
     <DESCRIPT>CONSTRUCTOR</DESCRIPT>
    </SEOCOMPOTX>
    <SEOCOMPOTX>
     <CLSNAME>ZCL_NCA_RTO_UICO</CLSNAME>
     <CMPNAME>CONV_VAL_DB_TO_UIBB</CMPNAME>
     <LANGU>E</LANGU>
     <DESCRIPT>convert to output format</DESCRIPT>
    </SEOCOMPOTX>
    <SEOCOMPOTX>
     <CLSNAME>ZCL_NCA_RTO_UICO</CLSNAME>
     <CMPNAME>GET_DESCR</CMPNAME>
     <LANGU>E</LANGU>
     <DESCRIPT>Get Description</DESCRIPT>
    </SEOCOMPOTX>
    <SEOCOMPOTX>
     <CLSNAME>ZCL_NCA_RTO_UICO</CLSNAME>
     <CMPNAME>GET_DETAIL</CMPNAME>
     <LANGU>E</LANGU>
     <DESCRIPT>Get Label Text</DESCRIPT>
    </SEOCOMPOTX>
    <SEOCOMPOTX>
     <CLSNAME>ZCL_NCA_RTO_UICO</CLSNAME>
     <CMPNAME>GET_FIELD_DESCRIPTION</CMPNAME>
     <LANGU>E</LANGU>
     <DESCRIPT>Get Field Description for Form UIBB</DESCRIPT>
    </SEOCOMPOTX>
    <SEOCOMPOTX>
     <CLSNAME>ZCL_NCA_RTO_UICO</CLSNAME>
     <CMPNAME>GET_FIELD_TYPE</CMPNAME>
     <LANGU>E</LANGU>
     <DESCRIPT>Get Field Description for Form UIBB</DESCRIPT>
    </SEOCOMPOTX>
    <SEOCOMPOTX>
     <CLSNAME>ZCL_NCA_RTO_UICO</CLSNAME>
     <CMPNAME>GET_FIXED_VALUES</CMPNAME>
     <LANGU>E</LANGU>
     <DESCRIPT>Get Fixed Values</DESCRIPT>
    </SEOCOMPOTX>
    <SEOCOMPOTX>
     <CLSNAME>ZCL_NCA_RTO_UICO</CLSNAME>
     <CMPNAME>GET_LABEL_TEXT</CMPNAME>
     <LANGU>E</LANGU>
     <DESCRIPT>Get Label Text</DESCRIPT>
    </SEOCOMPOTX>
    <SEOCOMPOTX>
     <CLSNAME>ZCL_NCA_RTO_UICO</CLSNAME>
     <CMPNAME>MO_NCA</CMPNAME>
     <LANGU>E</LANGU>
     <DESCRIPT>NCA Object API</DESCRIPT>
    </SEOCOMPOTX>
    <SEOCOMPOTX>
     <CLSNAME>ZCL_NCA_RTO_UICO</CLSNAME>
     <CMPNAME>MS_NCA_UICO</CMPNAME>
     <LANGU>E</LANGU>
     <DESCRIPT>Structure Type for ZCT_NCA_UICO</DESCRIPT>
    </SEOCOMPOTX>
    <SEOCOMPOTX>
     <CLSNAME>ZCL_NCA_RTO_UICO</CLSNAME>
     <CMPNAME>MT_TEXT</CMPNAME>
     <LANGU>E</LANGU>
     <DESCRIPT>NCA UI Components Texts</DESCRIPT>
    </SEOCOMPOTX>
    <SEOCOMPOTX>
     <CLSNAME>ZCL_NCA_RTO_UICO</CLSNAME>
     <CMPNAME>MT_VALUES</CMPNAME>
     <LANGU>E</LANGU>
     <DESCRIPT>NCA UI Components Values</DESCRIPT>
    </SEOCOMPOTX>
    <SEOCOMPOTX>
     <CLSNAME>ZCL_NCA_RTO_UICO</CLSNAME>
     <CMPNAME>MV_CREATE_MODE</CMPNAME>
     <LANGU>E</LANGU>
     <DESCRIPT>Boolean Variable (X=True, -=False, Space=Unknown)</DESCRIPT>
    </SEOCOMPOTX>
    <SEOCOMPOTX>
     <CLSNAME>ZCL_NCA_RTO_UICO</CLSNAME>
     <CMPNAME>MV_NAME</CMPNAME>
     <LANGU>E</LANGU>
     <DESCRIPT>Characteristic Name</DESCRIPT>
    </SEOCOMPOTX>
    <SEOCOMPOTX>
     <CLSNAME>ZCL_NCA_RTO_UICO</CLSNAME>
     <CMPNAME>SET_NCA_UICO</CMPNAME>
     <LANGU>E</LANGU>
     <DESCRIPT>Set UICO Detail</DESCRIPT>
    </SEOCOMPOTX>
   </DESCRIPTIONS>
  </asx:values>
 </asx:abap>
</abapGit>
