﻿<?xml version="1.0" encoding="utf-8"?>
<abapGit version="v1.0.0" serializer="LCL_OBJECT_CLAS" serializer_version="v1.0.0">
 <asx:abap xmlns:asx="http://www.sap.com/abapxml" version="1.0">
  <asx:values>
   <VSEOCLASS>
    <CLSNAME>ZCL_NCA_GOS_API</CLSNAME>
    <LANGU>E</LANGU>
    <DESCRIPT>NCA GOS Api for Attachments</DESCRIPT>
    <STATE>1</STATE>
    <CLSCCINCL>X</CLSCCINCL>
    <FIXPT>X</FIXPT>
    <UNICODE>X</UNICODE>
   </VSEOCLASS>
   <DESCRIPTIONS>
    <SEOCOMPOTX>
     <CLSNAME>ZCL_NCA_GOS_API</CLSNAME>
     <CMPNAME>CONSTRUCTOR</CMPNAME>
     <LANGU>E</LANGU>
     <DESCRIPT>CONSTRUCTOR</DESCRIPT>
    </SEOCOMPOTX>
    <SEOCOMPOTX>
     <CLSNAME>ZCL_NCA_GOS_API</CLSNAME>
     <CMPNAME>CREATE_ATTACHMENT</CMPNAME>
     <LANGU>E</LANGU>
     <DESCRIPT>Append Attachment</DESCRIPT>
    </SEOCOMPOTX>
    <SEOCOMPOTX>
     <CLSNAME>ZCL_NCA_GOS_API</CLSNAME>
     <CMPNAME>DELETE_ATTACHMENT</CMPNAME>
     <LANGU>E</LANGU>
     <DESCRIPT>Delete Attachment</DESCRIPT>
    </SEOCOMPOTX>
    <SEOCOMPOTX>
     <CLSNAME>ZCL_NCA_GOS_API</CLSNAME>
     <CMPNAME>GET_ATTACHMENTS</CMPNAME>
     <LANGU>E</LANGU>
     <DESCRIPT>Get Attachments</DESCRIPT>
    </SEOCOMPOTX>
    <SEOCOMPOTX>
     <CLSNAME>ZCL_NCA_GOS_API</CLSNAME>
     <CMPNAME>GET_ATTACHMENT_FOR_DL</CMPNAME>
     <LANGU>E</LANGU>
     <DESCRIPT>Get the Attachment for Download</DESCRIPT>
    </SEOCOMPOTX>
    <SEOCOMPOTX>
     <CLSNAME>ZCL_NCA_GOS_API</CLSNAME>
     <CMPNAME>GO_MESSAGES</CMPNAME>
     <LANGU>E</LANGU>
     <DESCRIPT>Messages</DESCRIPT>
    </SEOCOMPOTX>
    <SEOCOMPOTX>
     <CLSNAME>ZCL_NCA_GOS_API</CLSNAME>
     <CMPNAME>MO_GOS_API</CMPNAME>
     <LANGU>E</LANGU>
     <DESCRIPT>GOS API: Access to External GOS Attachment List</DESCRIPT>
    </SEOCOMPOTX>
    <SEOCOMPOTX>
     <CLSNAME>ZCL_NCA_GOS_API</CLSNAME>
     <CMPNAME>MT_ATTACHMENT</CMPNAME>
     <LANGU>E</LANGU>
     <DESCRIPT>GOS API: Output Table for Attachment List</DESCRIPT>
    </SEOCOMPOTX>
    <SEOCOMPOTX>
     <CLSNAME>ZCL_NCA_GOS_API</CLSNAME>
     <CMPNAME>MT_ATTACHMENT_CRT</CMPNAME>
     <LANGU>E</LANGU>
     <DESCRIPT>table type for ZNCA_S_NCA_CRT_ATTACHMENT</DESCRIPT>
    </SEOCOMPOTX>
    <SEOCOMPOTX>
     <CLSNAME>ZCL_NCA_GOS_API</CLSNAME>
     <CMPNAME>MT_ATTACHMENT_DEL</CMPNAME>
     <LANGU>E</LANGU>
     <DESCRIPT>GOS API: Table of Attachment IDs</DESCRIPT>
    </SEOCOMPOTX>
    <SEOCOMPOTX>
     <CLSNAME>ZCL_NCA_GOS_API</CLSNAME>
     <CMPNAME>MV_ATTA_CAT</CMPNAME>
     <LANGU>E</LANGU>
     <DESCRIPT>GOS API: Attachment Category</DESCRIPT>
    </SEOCOMPOTX>
    <SEOCOMPOTX>
     <CLSNAME>ZCL_NCA_GOS_API</CLSNAME>
     <CMPNAME>MV_COMMIT</CMPNAME>
     <LANGU>E</LANGU>
     <DESCRIPT>Checkbox</DESCRIPT>
    </SEOCOMPOTX>
    <SEOCOMPOTX>
     <CLSNAME>ZCL_NCA_GOS_API</CLSNAME>
     <CMPNAME>MV_LOADED</CMPNAME>
     <LANGU>E</LANGU>
     <DESCRIPT>lazy loaded?</DESCRIPT>
    </SEOCOMPOTX>
    <SEOCOMPOTX>
     <CLSNAME>ZCL_NCA_GOS_API</CLSNAME>
     <CMPNAME>SAVE</CMPNAME>
     <LANGU>E</LANGU>
     <DESCRIPT>Save Changes</DESCRIPT>
    </SEOCOMPOTX>
    <SEOCOMPOTX>
     <CLSNAME>ZCL_NCA_GOS_API</CLSNAME>
     <CMPNAME>_CREATE_ATTACHMENT_DB</CMPNAME>
     <LANGU>E</LANGU>
     <DESCRIPT>Create Attachment DB</DESCRIPT>
    </SEOCOMPOTX>
    <SEOCOMPOTX>
     <CLSNAME>ZCL_NCA_GOS_API</CLSNAME>
     <CMPNAME>_DELETE_ATTACHMENT_DB</CMPNAME>
     <LANGU>E</LANGU>
     <DESCRIPT>Delete Attachment from DB</DESCRIPT>
    </SEOCOMPOTX>
    <SEOCOMPOTX>
     <CLSNAME>ZCL_NCA_GOS_API</CLSNAME>
     <CMPNAME>_READ_DB_ATTACHMENTS</CMPNAME>
     <LANGU>E</LANGU>
     <DESCRIPT>Read Attachment from DB</DESCRIPT>
    </SEOCOMPOTX>
   </DESCRIPTIONS>
  </asx:values>
 </asx:abap>
</abapGit>
