﻿<?xml version="1.0" encoding="utf-8"?>
<abapGit version="v1.0.0" serializer="LCL_OBJECT_CLAS" serializer_version="v1.0.0">
 <asx:abap xmlns:asx="http://www.sap.com/abapxml" version="1.0">
  <asx:values>
   <VSEOCLASS>
    <CLSNAME>ZCL_NCA_OBJECT</CLSNAME>
    <LANGU>E</LANGU>
    <DESCRIPT>NCA Object API</DESCRIPT>
    <STATE>1</STATE>
    <CLSCCINCL>X</CLSCCINCL>
    <FIXPT>X</FIXPT>
    <UNICODE>X</UNICODE>
   </VSEOCLASS>
   <DESCRIPTIONS>
    <SEOCOMPOTX>
     <CLSNAME>ZCL_NCA_OBJECT</CLSNAME>
     <CMPNAME>CANCEL_OBJ_CHANGES</CMPNAME>
     <LANGU>E</LANGU>
     <DESCRIPT>Cancel Chages of Object</DESCRIPT>
    </SEOCOMPOTX>
    <SEOCOMPOTX>
     <CLSNAME>ZCL_NCA_OBJECT</CLSNAME>
     <CMPNAME>CONSTRUCTOR</CMPNAME>
     <LANGU>E</LANGU>
     <DESCRIPT>CONSTRUCTOR</DESCRIPT>
    </SEOCOMPOTX>
    <SEOCOMPOTX>
     <CLSNAME>ZCL_NCA_OBJECT</CLSNAME>
     <CMPNAME>COPY_NCA_APP</CMPNAME>
     <LANGU>E</LANGU>
     <DESCRIPT>Copy NCA App</DESCRIPT>
    </SEOCOMPOTX>
    <SEOCOMPOTX>
     <CLSNAME>ZCL_NCA_OBJECT</CLSNAME>
     <CMPNAME>CREATE_NCA_OBJ</CMPNAME>
     <LANGU>E</LANGU>
     <DESCRIPT>Create NCA Object Instance</DESCRIPT>
    </SEOCOMPOTX>
    <SEOCOMPOTX>
     <CLSNAME>ZCL_NCA_OBJECT</CLSNAME>
     <CMPNAME>CREATE_NCA_OBJ_DT</CMPNAME>
     <LANGU>E</LANGU>
     <DESCRIPT>Create New Data ID</DESCRIPT>
    </SEOCOMPOTX>
    <SEOCOMPOTX>
     <CLSNAME>ZCL_NCA_OBJECT</CLSNAME>
     <CMPNAME>CREATE_NCA_OBJ_DT_DB</CMPNAME>
     <LANGU>E</LANGU>
     <DESCRIPT>Delete Data object Data from DB</DESCRIPT>
    </SEOCOMPOTX>
    <SEOCOMPOTX>
     <CLSNAME>ZCL_NCA_OBJECT</CLSNAME>
     <CMPNAME>DELETE_NCA_OBJ</CMPNAME>
     <LANGU>E</LANGU>
     <DESCRIPT>Delete Data object</DESCRIPT>
    </SEOCOMPOTX>
    <SEOCOMPOTX>
     <CLSNAME>ZCL_NCA_OBJECT</CLSNAME>
     <CMPNAME>DELETE_NCA_OBJ_DT</CMPNAME>
     <LANGU>E</LANGU>
     <DESCRIPT>Delete Data object Buffer</DESCRIPT>
    </SEOCOMPOTX>
    <SEOCOMPOTX>
     <CLSNAME>ZCL_NCA_OBJECT</CLSNAME>
     <CMPNAME>DELETE_NCA_OBJ_DT_DB</CMPNAME>
     <LANGU>E</LANGU>
     <DESCRIPT>Delete Data object Data from DB</DESCRIPT>
    </SEOCOMPOTX>
    <SEOCOMPOTX>
     <CLSNAME>ZCL_NCA_OBJECT</CLSNAME>
     <CMPNAME>GET_APP_STRUCTURE</CMPNAME>
     <LANGU>E</LANGU>
     <DESCRIPT>Get NCA APP Structure</DESCRIPT>
    </SEOCOMPOTX>
    <SEOCOMPOTX>
     <CLSNAME>ZCL_NCA_OBJECT</CLSNAME>
     <CMPNAME>GET_CHANGE_DOCS</CMPNAME>
     <LANGU>E</LANGU>
     <DESCRIPT>Get Change Documents</DESCRIPT>
    </SEOCOMPOTX>
    <SEOCOMPOTX>
     <CLSNAME>ZCL_NCA_OBJECT</CLSNAME>
     <CMPNAME>GET_DATA_READ_TIMESTAMP</CMPNAME>
     <LANGU>E</LANGU>
     <DESCRIPT>get timestamp read for locking</DESCRIPT>
    </SEOCOMPOTX>
    <SEOCOMPOTX>
     <CLSNAME>ZCL_NCA_OBJECT</CLSNAME>
     <CMPNAME>GET_NCA_ACTIONS</CMPNAME>
     <LANGU>E</LANGU>
     <DESCRIPT>Get NCA</DESCRIPT>
    </SEOCOMPOTX>
    <SEOCOMPOTX>
     <CLSNAME>ZCL_NCA_OBJECT</CLSNAME>
     <CMPNAME>GET_NCA_APP_REP</CMPNAME>
     <LANGU>E</LANGU>
     <DESCRIPT>Get NCA</DESCRIPT>
    </SEOCOMPOTX>
    <SEOCOMPOTX>
     <CLSNAME>ZCL_NCA_OBJECT</CLSNAME>
     <CMPNAME>GET_NCA_APP_REPF</CMPNAME>
     <LANGU>E</LANGU>
     <DESCRIPT>Get NCA</DESCRIPT>
    </SEOCOMPOTX>
    <SEOCOMPOTX>
     <CLSNAME>ZCL_NCA_OBJECT</CLSNAME>
     <CMPNAME>GET_NCA_APP_REP_DEL</CMPNAME>
     <LANGU>E</LANGU>
     <DESCRIPT>Get NCA</DESCRIPT>
    </SEOCOMPOTX>
    <SEOCOMPOTX>
     <CLSNAME>ZCL_NCA_OBJECT</CLSNAME>
     <CMPNAME>GET_NCA_CHANGE_ID</CMPNAME>
     <LANGU>E</LANGU>
     <DESCRIPT>Get Current Change ID</DESCRIPT>
    </SEOCOMPOTX>
    <SEOCOMPOTX>
     <CLSNAME>ZCL_NCA_OBJECT</CLSNAME>
     <CMPNAME>GET_NCA_ID_BY_OBJNUM</CMPNAME>
     <LANGU>E</LANGU>
     <DESCRIPT>Get NCA IDs by Object Key</DESCRIPT>
    </SEOCOMPOTX>
    <SEOCOMPOTX>
     <CLSNAME>ZCL_NCA_OBJECT</CLSNAME>
     <CMPNAME>GET_NCA_OBJ</CMPNAME>
     <LANGU>E</LANGU>
     <DESCRIPT>Get NCA Object</DESCRIPT>
    </SEOCOMPOTX>
    <SEOCOMPOTX>
     <CLSNAME>ZCL_NCA_OBJECT</CLSNAME>
     <CMPNAME>GET_NCA_OBJ_DATA</CMPNAME>
     <LANGU>E</LANGU>
     <DESCRIPT>Get NCA Object Data</DESCRIPT>
    </SEOCOMPOTX>
    <SEOCOMPOTX>
     <CLSNAME>ZCL_NCA_OBJECT</CLSNAME>
     <CMPNAME>GET_NCA_OBJ_ID</CMPNAME>
     <LANGU>E</LANGU>
     <DESCRIPT>Get NCA Obj ID</DESCRIPT>
    </SEOCOMPOTX>
    <SEOCOMPOTX>
     <CLSNAME>ZCL_NCA_OBJECT</CLSNAME>
     <CMPNAME>GET_NCA_OBJ_KEY</CMPNAME>
     <LANGU>E</LANGU>
     <DESCRIPT>Get NCA Object Key</DESCRIPT>
    </SEOCOMPOTX>
    <SEOCOMPOTX>
     <CLSNAME>ZCL_NCA_OBJECT</CLSNAME>
     <CMPNAME>GET_NCA_UICO_ALLOWED_VALUES</CMPNAME>
     <LANGU>E</LANGU>
     <DESCRIPT>Get Allowed Values</DESCRIPT>
    </SEOCOMPOTX>
    <SEOCOMPOTX>
     <CLSNAME>ZCL_NCA_OBJECT</CLSNAME>
     <CMPNAME>MO_RTO_VALUES</CMPNAME>
     <LANGU>E</LANGU>
     <DESCRIPT>Class Attribute Values by Class</DESCRIPT>
    </SEOCOMPOTX>
    <SEOCOMPOTX>
     <CLSNAME>ZCL_NCA_OBJECT</CLSNAME>
     <CMPNAME>MS_APP_STRUCTURE</CMPNAME>
     <LANGU>E</LANGU>
     <DESCRIPT>Structure Type for ZCT_NCA_APP</DESCRIPT>
    </SEOCOMPOTX>
    <SEOCOMPOTX>
     <CLSNAME>ZCL_NCA_OBJECT</CLSNAME>
     <CMPNAME>MS_NCA_OBJ</CMPNAME>
     <LANGU>E</LANGU>
     <DESCRIPT>Table Type for ZMARA_NCA_KEY</DESCRIPT>
    </SEOCOMPOTX>
    <SEOCOMPOTX>
     <CLSNAME>ZCL_NCA_OBJECT</CLSNAME>
     <CMPNAME>MS_SAVED_APP_STRUC</CMPNAME>
     <LANGU>E</LANGU>
     <DESCRIPT>Structure Type for ZCT_NCA_APP</DESCRIPT>
    </SEOCOMPOTX>
    <SEOCOMPOTX>
     <CLSNAME>ZCL_NCA_OBJECT</CLSNAME>
     <CMPNAME>MT_NCA_OBJ_DT_CRT</CMPNAME>
     <LANGU>E</LANGU>
     <DESCRIPT>Table Type for ZMARA_S_NCA_OBJ_DT</DESCRIPT>
    </SEOCOMPOTX>
    <SEOCOMPOTX>
     <CLSNAME>ZCL_NCA_OBJECT</CLSNAME>
     <CMPNAME>MT_NCA_OBJ_DT_DEL</CMPNAME>
     <LANGU>E</LANGU>
     <DESCRIPT>Table Type for ZMARA_S_NCA_OBJ_DT</DESCRIPT>
    </SEOCOMPOTX>
    <SEOCOMPOTX>
     <CLSNAME>ZCL_NCA_OBJECT</CLSNAME>
     <CMPNAME>MT_REF_NCA_OBJECTS</CMPNAME>
     <LANGU>E</LANGU>
     <DESCRIPT>Table Type for ZMARA_S_NCA_OBJECT</DESCRIPT>
    </SEOCOMPOTX>
    <SEOCOMPOTX>
     <CLSNAME>ZCL_NCA_OBJECT</CLSNAME>
     <CMPNAME>MV_CURRENT_LOG_ID</CMPNAME>
     <LANGU>E</LANGU>
     <DESCRIPT>Universal Unique Identifier</DESCRIPT>
    </SEOCOMPOTX>
    <SEOCOMPOTX>
     <CLSNAME>ZCL_NCA_OBJECT</CLSNAME>
     <CMPNAME>MV_DATA_READ_TIMESTAMPL</CMPNAME>
     <LANGU>E</LANGU>
     <DESCRIPT>UTC Time Stamp in Long Form (YYYYMMDDhhmmssmmmuuun)</DESCRIPT>
    </SEOCOMPOTX>
    <SEOCOMPOTX>
     <CLSNAME>ZCL_NCA_OBJECT</CLSNAME>
     <CMPNAME>MV_NCA_OBJ_ID</CMPNAME>
     <LANGU>E</LANGU>
     <DESCRIPT>NCA Object ID</DESCRIPT>
    </SEOCOMPOTX>
    <SEOCOMPOTX>
     <CLSNAME>ZCL_NCA_OBJECT</CLSNAME>
     <CMPNAME>PROCESS_EVENT</CMPNAME>
     <LANGU>E</LANGU>
     <DESCRIPT>Process Event</DESCRIPT>
    </SEOCOMPOTX>
    <SEOCOMPOTX>
     <CLSNAME>ZCL_NCA_OBJECT</CLSNAME>
     <CMPNAME>SAVE_APP_STRUC</CMPNAME>
     <LANGU>E</LANGU>
     <DESCRIPT>Save NCA APP Struc</DESCRIPT>
    </SEOCOMPOTX>
    <SEOCOMPOTX>
     <CLSNAME>ZCL_NCA_OBJECT</CLSNAME>
     <CMPNAME>SET_DATA_READ_TIMESTAMP</CMPNAME>
     <LANGU>E</LANGU>
     <DESCRIPT>set timestamp read for locking</DESCRIPT>
    </SEOCOMPOTX>
    <SEOCOMPOTX>
     <CLSNAME>ZCL_NCA_OBJECT</CLSNAME>
     <CMPNAME>UPDATE_APP_STRUCTURE</CMPNAME>
     <LANGU>E</LANGU>
     <DESCRIPT>Update NCA APP Structure</DESCRIPT>
    </SEOCOMPOTX>
    <SEOCOMPOTX>
     <CLSNAME>ZCL_NCA_OBJECT</CLSNAME>
     <CMPNAME>_CHECK_AUTHORIZATION</CMPNAME>
     <LANGU>E</LANGU>
     <DESCRIPT>Check Authorization for NCA App</DESCRIPT>
    </SEOCOMPOTX>
    <SEOCOMPOTX>
     <CLSNAME>ZCL_NCA_OBJECT</CLSNAME>
     <CMPNAME>_CHECK_DATA_NOT_CHANGED</CMPNAME>
     <LANGU>E</LANGU>
     <DESCRIPT>Check Authorization for NCA App</DESCRIPT>
    </SEOCOMPOTX>
    <SEOCOMPOTX>
     <CLSNAME>ZCL_NCA_OBJECT</CLSNAME>
     <CMPNAME>_CHECK_INPUT</CMPNAME>
     <LANGU>E</LANGU>
     <DESCRIPT>Check Input and Mandatory</DESCRIPT>
    </SEOCOMPOTX>
    <SEOCOMPOTX>
     <CLSNAME>ZCL_NCA_OBJECT</CLSNAME>
     <CMPNAME>_GET_REF_NCA_OBJECTS</CMPNAME>
     <LANGU>E</LANGU>
     <DESCRIPT>Get Referenced NCA Objects</DESCRIPT>
    </SEOCOMPOTX>
    <SEOCOMPOTX>
     <CLSNAME>ZCL_NCA_OBJECT</CLSNAME>
     <CMPNAME>_GET_REF_NCA_UIBBS</CMPNAME>
     <LANGU>E</LANGU>
     <DESCRIPT>Get Referenced NCA Objects</DESCRIPT>
    </SEOCOMPOTX>
    <SEOCOMPOTX>
     <CLSNAME>ZCL_NCA_OBJECT</CLSNAME>
     <CMPNAME>_ON_LOAD</CMPNAME>
     <LANGU>E</LANGU>
     <DESCRIPT>on load</DESCRIPT>
    </SEOCOMPOTX>
    <SEOCOMPOTX>
     <CLSNAME>ZCL_NCA_OBJECT</CLSNAME>
     <CMPNAME>_READ_CHANGE_DOCS</CMPNAME>
     <LANGU>E</LANGU>
     <DESCRIPT>Get Change Documents</DESCRIPT>
    </SEOCOMPOTX>
    <SEOCOMPOTX>
     <CLSNAME>ZCL_NCA_OBJECT</CLSNAME>
     <CMPNAME>_READ_CHANGE_DOCS_NCA</CMPNAME>
     <LANGU>E</LANGU>
     <DESCRIPT>Get Change Documents</DESCRIPT>
    </SEOCOMPOTX>
    <SEOCOMPOTX>
     <CLSNAME>ZCL_NCA_OBJECT</CLSNAME>
     <CMPNAME>_READ_DB_NCA_OBJ</CMPNAME>
     <LANGU>E</LANGU>
     <DESCRIPT>Read NCA_Table Table</DESCRIPT>
    </SEOCOMPOTX>
    <SEOCOMPOTX>
     <CLSNAME>ZCL_NCA_OBJECT</CLSNAME>
     <CMPNAME>_READ_DB_NCA_OBJ_DT</CMPNAME>
     <LANGU>E</LANGU>
     <DESCRIPT>Read NCA Object Data</DESCRIPT>
    </SEOCOMPOTX>
    <SEOCOMPOTX>
     <CLSNAME>ZCL_NCA_OBJECT</CLSNAME>
     <CMPNAME>_REFRESH_OBJ_DATA</CMPNAME>
     <LANGU>E</LANGU>
     <DESCRIPT>Refresh Data</DESCRIPT>
    </SEOCOMPOTX>
    <SEOCOMPOTX>
     <CLSNAME>ZCL_NCA_OBJECT</CLSNAME>
     <CMPNAME>_SAVE</CMPNAME>
     <LANGU>E</LANGU>
     <DESCRIPT>Save</DESCRIPT>
    </SEOCOMPOTX>
    <SEOCOMPOTX>
     <CLSNAME>ZCL_NCA_OBJECT</CLSNAME>
     <CMPNAME>_UPDATE_DB_NCA_OBJ</CMPNAME>
     <LANGU>E</LANGU>
     <DESCRIPT>Update NCA UICO</DESCRIPT>
    </SEOCOMPOTX>
    <SEOCOMPOTX>
     <CLSNAME>ZCL_NCA_OBJECT</CLSNAME>
     <CMPNAME>_UPDATE_DB_NCA_OBJ_DT</CMPNAME>
     <LANGU>E</LANGU>
     <DESCRIPT>Update NCA UICO</DESCRIPT>
    </SEOCOMPOTX>
    <SEOCOMPOTX>
     <CLSNAME>ZCL_NCA_OBJECT</CLSNAME>
     <CMPNAME>_WRITE_ACTION_LOG</CMPNAME>
     <LANGU>E</LANGU>
     <DESCRIPT>Write Action Log</DESCRIPT>
    </SEOCOMPOTX>
    <SEOCOMPOTX>
     <CLSNAME>ZCL_NCA_OBJECT</CLSNAME>
     <CMPNAME>_WRITE_CHANGE_LOG</CMPNAME>
     <LANGU>E</LANGU>
     <DESCRIPT>Write Change Log</DESCRIPT>
    </SEOCOMPOTX>
   </DESCRIPTIONS>
  </asx:values>
 </asx:abap>
</abapGit>
