﻿<?xml version="1.0" encoding="utf-8"?>
<abapGit version="v1.0.0" serializer="LCL_OBJECT_CLAS" serializer_version="v1.0.0">
 <asx:abap xmlns:asx="http://www.sap.com/abapxml" version="1.0">
  <asx:values>
   <VSEOCLASS>
    <CLSNAME>ZCL_NCA_UTILITIES</CLSNAME>
    <LANGU>E</LANGU>
    <DESCRIPT>Utilities</DESCRIPT>
    <STATE>1</STATE>
    <CLSCCINCL>X</CLSCCINCL>
    <FIXPT>X</FIXPT>
    <UNICODE>X</UNICODE>
   </VSEOCLASS>
   <DESCRIPTIONS>
    <SEOCOMPOTX>
     <CLSNAME>ZCL_NCA_UTILITIES</CLSNAME>
     <CMPNAME>APPEND_TEXT_FIELDS_FORM</CMPNAME>
     <LANGU>E</LANGU>
     <DESCRIPT>Append dynamic Text Fields</DESCRIPT>
    </SEOCOMPOTX>
    <SEOCOMPOTX>
     <CLSNAME>ZCL_NCA_UTILITIES</CLSNAME>
     <CMPNAME>BUILD_SEARCH_INPUT_TAB</CMPNAME>
     <LANGU>E</LANGU>
     <DESCRIPT>Build Search Input Table by Attributes</DESCRIPT>
    </SEOCOMPOTX>
    <SEOCOMPOTX>
     <CLSNAME>ZCL_NCA_UTILITIES</CLSNAME>
     <CMPNAME>BUILD_UIBB_DATA</CMPNAME>
     <LANGU>E</LANGU>
     <DESCRIPT>build uibb data</DESCRIPT>
    </SEOCOMPOTX>
    <SEOCOMPOTX>
     <CLSNAME>ZCL_NCA_UTILITIES</CLSNAME>
     <CMPNAME>CONVERT_FPM_SEARCH_INPUT</CMPNAME>
     <LANGU>E</LANGU>
     <DESCRIPT>Convert FPM Search Input to NCA Search Input</DESCRIPT>
    </SEOCOMPOTX>
    <SEOCOMPOTX>
     <CLSNAME>ZCL_NCA_UTILITIES</CLSNAME>
     <CMPNAME>CONVERT_STRING_TO_TLINES</CMPNAME>
     <LANGU>E</LANGU>
     <DESCRIPT>Convert TLINES to XSTRING</DESCRIPT>
    </SEOCOMPOTX>
    <SEOCOMPOTX>
     <CLSNAME>ZCL_NCA_UTILITIES</CLSNAME>
     <CMPNAME>CONVERT_TLINES_TO_STRING</CMPNAME>
     <LANGU>E</LANGU>
     <DESCRIPT>Convert TLINES to XSTRING</DESCRIPT>
    </SEOCOMPOTX>
    <SEOCOMPOTX>
     <CLSNAME>ZCL_NCA_UTILITIES</CLSNAME>
     <CMPNAME>GET_COMPONENTS_OF_STRUC</CMPNAME>
     <LANGU>E</LANGU>
     <DESCRIPT>Get Components for Structure (incl. Includes)</DESCRIPT>
    </SEOCOMPOTX>
    <SEOCOMPOTX>
     <CLSNAME>ZCL_NCA_UTILITIES</CLSNAME>
     <CMPNAME>GET_FIXED_VALUES_4_FIELD_USAGE</CMPNAME>
     <LANGU>E</LANGU>
     <DESCRIPT>Get Fixed Values for UIBB Method CHANGE_FIELD_USAGE</DESCRIPT>
    </SEOCOMPOTX>
    <SEOCOMPOTX>
     <CLSNAME>ZCL_NCA_UTILITIES</CLSNAME>
     <CMPNAME>GET_FIXED_VALUES_4_SEARCH_HELP</CMPNAME>
     <LANGU>E</LANGU>
     <DESCRIPT>Get fixed SH/FV values</DESCRIPT>
    </SEOCOMPOTX>
    <SEOCOMPOTX>
     <CLSNAME>ZCL_NCA_UTILITIES</CLSNAME>
     <CMPNAME>GET_FIXED_VALUES_BY_SHLP</CMPNAME>
     <LANGU>E</LANGU>
     <DESCRIPT>Get fixed SH/FV values</DESCRIPT>
    </SEOCOMPOTX>
    <SEOCOMPOTX>
     <CLSNAME>ZCL_NCA_UTILITIES</CLSNAME>
     <CMPNAME>GET_FIXED_VALUES_DOMAIN</CMPNAME>
     <LANGU>E</LANGU>
     <DESCRIPT>Get Fixed Values for Domain</DESCRIPT>
    </SEOCOMPOTX>
    <SEOCOMPOTX>
     <CLSNAME>ZCL_NCA_UTILITIES</CLSNAME>
     <CMPNAME>GET_SHLP</CMPNAME>
     <LANGU>E</LANGU>
     <DESCRIPT>Get Search Help</DESCRIPT>
    </SEOCOMPOTX>
    <SEOCOMPOTX>
     <CLSNAME>ZCL_NCA_UTILITIES</CLSNAME>
     <CMPNAME>GET_TEXT_TABLE_DOMAIN</CMPNAME>
     <LANGU>E</LANGU>
     <DESCRIPT>Get Text Table for Domain</DESCRIPT>
    </SEOCOMPOTX>
    <SEOCOMPOTX>
     <CLSNAME>ZCL_NCA_UTILITIES</CLSNAME>
     <CMPNAME>GET_UICO_TYPE</CMPNAME>
     <LANGU>E</LANGU>
     <DESCRIPT>Get UICO Type</DESCRIPT>
    </SEOCOMPOTX>
    <SEOCOMPOTX>
     <CLSNAME>ZCL_NCA_UTILITIES</CLSNAME>
     <CMPNAME>GET_WD_COLOR_BY_HEX</CMPNAME>
     <LANGU>E</LANGU>
     <DESCRIPT>Get Color No from Hexcode</DESCRIPT>
    </SEOCOMPOTX>
    <SEOCOMPOTX>
     <CLSNAME>ZCL_NCA_UTILITIES</CLSNAME>
     <CMPNAME>MAP_EVENT_TO_BRF</CMPNAME>
     <LANGU>E</LANGU>
     <DESCRIPT>map fpm Event to BRF Action</DESCRIPT>
    </SEOCOMPOTX>
    <SEOCOMPOTX>
     <CLSNAME>ZCL_NCA_UTILITIES</CLSNAME>
     <CMPNAME>WRITE_TRANSPORT_ENTRY_HEADER</CMPNAME>
     <LANGU>E</LANGU>
     <DESCRIPT>Header</DESCRIPT>
    </SEOCOMPOTX>
    <SEOCOMPOTX>
     <CLSNAME>ZCL_NCA_UTILITIES</CLSNAME>
     <CMPNAME>WRITE_TRANSPORT_ENTRY_KEY</CMPNAME>
     <LANGU>E</LANGU>
     <DESCRIPT>Table Key</DESCRIPT>
    </SEOCOMPOTX>
   </DESCRIPTIONS>
  </asx:values>
 </asx:abap>
</abapGit>
