﻿<?xml version="1.0" encoding="utf-8"?>
<abapGit version="v1.0.0" serializer="LCL_OBJECT_CLAS" serializer_version="v1.0.0">
 <asx:abap xmlns:asx="http://www.sap.com/abapxml" version="1.0">
  <asx:values>
   <VSEOCLASS>
    <CLSNAME>ZCL_NCA_RTO_SEARCH_SERVICE</CLSNAME>
    <LANGU>E</LANGU>
    <DESCRIPT>Data service</DESCRIPT>
    <STATE>1</STATE>
    <CLSCCINCL>X</CLSCCINCL>
    <FIXPT>X</FIXPT>
    <UNICODE>X</UNICODE>
   </VSEOCLASS>
   <DESCRIPTIONS>
    <SEOCOMPOTX>
     <CLSNAME>ZCL_NCA_RTO_SEARCH_SERVICE</CLSNAME>
     <CMPNAME>MO_BRF_APP</CMPNAME>
     <LANGU>E</LANGU>
     <DESCRIPT>BRF Plus Application Service</DESCRIPT>
    </SEOCOMPOTX>
    <SEOCOMPOTX>
     <CLSNAME>ZCL_NCA_RTO_SEARCH_SERVICE</CLSNAME>
     <CMPNAME>MT_MASS_LOADING_ACTIVE</CMPNAME>
     <LANGU>E</LANGU>
     <DESCRIPT>tt for obj key</DESCRIPT>
    </SEOCOMPOTX>
   </DESCRIPTIONS>
  </asx:values>
 </asx:abap>
</abapGit>
