﻿<?xml version="1.0" encoding="utf-8"?>
<abapGit version="v1.0.0" serializer="LCL_OBJECT_CLAS" serializer_version="v1.0.0">
 <asx:abap xmlns:asx="http://www.sap.com/abapxml" version="1.0">
  <asx:values>
   <VSEOCLASS>
    <CLSNAME>ZCL_NCA_CONSTANTS</CLSNAME>
    <LANGU>E</LANGU>
    <DESCRIPT>Constants</DESCRIPT>
    <STATE>1</STATE>
    <CLSCCINCL>X</CLSCCINCL>
    <FIXPT>X</FIXPT>
    <UNICODE>X</UNICODE>
   </VSEOCLASS>
   <DESCRIPTIONS>
    <SEOCOMPOTX>
     <CLSNAME>ZCL_NCA_CONSTANTS</CLSNAME>
     <CMPNAME>GC_AT_ACT</CMPNAME>
     <LANGU>E</LANGU>
     <DESCRIPT>Name of database table for object</DESCRIPT>
    </SEOCOMPOTX>
    <SEOCOMPOTX>
     <CLSNAME>ZCL_NCA_CONSTANTS</CLSNAME>
     <CMPNAME>GC_AT_CHG</CMPNAME>
     <LANGU>E</LANGU>
     <DESCRIPT>Name of database table for object</DESCRIPT>
    </SEOCOMPOTX>
    <SEOCOMPOTX>
     <CLSNAME>ZCL_NCA_CONSTANTS</CLSNAME>
     <CMPNAME>GC_AT_OBJ</CMPNAME>
     <LANGU>E</LANGU>
     <DESCRIPT>Name of database table for object</DESCRIPT>
    </SEOCOMPOTX>
    <SEOCOMPOTX>
     <CLSNAME>ZCL_NCA_CONSTANTS</CLSNAME>
     <CMPNAME>GC_AT_OVC</CMPNAME>
     <LANGU>E</LANGU>
     <DESCRIPT>Name of database table for object</DESCRIPT>
    </SEOCOMPOTX>
    <SEOCOMPOTX>
     <CLSNAME>ZCL_NCA_CONSTANTS</CLSNAME>
     <CMPNAME>GC_AT_OVN</CMPNAME>
     <LANGU>E</LANGU>
     <DESCRIPT>Name of database table for object</DESCRIPT>
    </SEOCOMPOTX>
    <SEOCOMPOTX>
     <CLSNAME>ZCL_NCA_CONSTANTS</CLSNAME>
     <CMPNAME>GC_AT_OVT</CMPNAME>
     <LANGU>E</LANGU>
     <DESCRIPT>Name of database table for object</DESCRIPT>
    </SEOCOMPOTX>
    <SEOCOMPOTX>
     <CLSNAME>ZCL_NCA_CONSTANTS</CLSNAME>
     <CMPNAME>GC_CDOC_OBJECT</CMPNAME>
     <LANGU>E</LANGU>
     <DESCRIPT>Object class</DESCRIPT>
    </SEOCOMPOTX>
    <SEOCOMPOTX>
     <CLSNAME>ZCL_NCA_CONSTANTS</CLSNAME>
     <CMPNAME>GC_CLASSGROUP</CMPNAME>
     <LANGU>E</LANGU>
     <DESCRIPT>Class Group</DESCRIPT>
    </SEOCOMPOTX>
    <SEOCOMPOTX>
     <CLSNAME>ZCL_NCA_CONSTANTS</CLSNAME>
     <CMPNAME>GC_CT_APP</CMPNAME>
     <LANGU>E</LANGU>
     <DESCRIPT>Name of database table for object</DESCRIPT>
    </SEOCOMPOTX>
    <SEOCOMPOTX>
     <CLSNAME>ZCL_NCA_CONSTANTS</CLSNAME>
     <CMPNAME>GC_CT_APP_REP</CMPNAME>
     <LANGU>E</LANGU>
     <DESCRIPT>Name of database table for object</DESCRIPT>
    </SEOCOMPOTX>
    <SEOCOMPOTX>
     <CLSNAME>ZCL_NCA_CONSTANTS</CLSNAME>
     <CMPNAME>GC_CT_APP_REPF</CMPNAME>
     <LANGU>E</LANGU>
     <DESCRIPT>Name of database table for object</DESCRIPT>
    </SEOCOMPOTX>
    <SEOCOMPOTX>
     <CLSNAME>ZCL_NCA_CONSTANTS</CLSNAME>
     <CMPNAME>GC_CT_UIBBS</CMPNAME>
     <LANGU>E</LANGU>
     <DESCRIPT>Name of database table for object</DESCRIPT>
    </SEOCOMPOTX>
    <SEOCOMPOTX>
     <CLSNAME>ZCL_NCA_CONSTANTS</CLSNAME>
     <CMPNAME>GC_CT_UICO</CMPNAME>
     <LANGU>E</LANGU>
     <DESCRIPT>Name of database table for object</DESCRIPT>
    </SEOCOMPOTX>
    <SEOCOMPOTX>
     <CLSNAME>ZCL_NCA_CONSTANTS</CLSNAME>
     <CMPNAME>GC_CT_UICO_T</CMPNAME>
     <LANGU>E</LANGU>
     <DESCRIPT>Name of database table for object</DESCRIPT>
    </SEOCOMPOTX>
    <SEOCOMPOTX>
     <CLSNAME>ZCL_NCA_CONSTANTS</CLSNAME>
     <CMPNAME>GC_CT_UICO_V</CMPNAME>
     <LANGU>E</LANGU>
     <DESCRIPT>Name of database table for object</DESCRIPT>
    </SEOCOMPOTX>
    <SEOCOMPOTX>
     <CLSNAME>ZCL_NCA_CONSTANTS</CLSNAME>
     <CMPNAME>GC_DEFAULT_APP_NAME</CMPNAME>
     <LANGU>E</LANGU>
     <DESCRIPT>Web Dynpro: Application Name</DESCRIPT>
    </SEOCOMPOTX>
    <SEOCOMPOTX>
     <CLSNAME>ZCL_NCA_CONSTANTS</CLSNAME>
     <CMPNAME>GC_EVENT_BACK</CMPNAME>
     <LANGU>E</LANGU>
     <DESCRIPT>ID of the FPM Event</DESCRIPT>
    </SEOCOMPOTX>
    <SEOCOMPOTX>
     <CLSNAME>ZCL_NCA_CONSTANTS</CLSNAME>
     <CMPNAME>GC_EVENT_CREATE_NEW</CMPNAME>
     <LANGU>E</LANGU>
     <DESCRIPT>ID of the FPM Event</DESCRIPT>
    </SEOCOMPOTX>
    <SEOCOMPOTX>
     <CLSNAME>ZCL_NCA_CONSTANTS</CLSNAME>
     <CMPNAME>GC_EVENT_DELETE</CMPNAME>
     <LANGU>E</LANGU>
     <DESCRIPT>ID of the FPM Event</DESCRIPT>
    </SEOCOMPOTX>
    <SEOCOMPOTX>
     <CLSNAME>ZCL_NCA_CONSTANTS</CLSNAME>
     <CMPNAME>GC_EVENT_EDIT</CMPNAME>
     <LANGU>E</LANGU>
     <DESCRIPT>ID of the FPM Event</DESCRIPT>
    </SEOCOMPOTX>
    <SEOCOMPOTX>
     <CLSNAME>ZCL_NCA_CONSTANTS</CLSNAME>
     <CMPNAME>GC_EVENT_SAVE_UIBB_REF</CMPNAME>
     <LANGU>E</LANGU>
     <DESCRIPT>ID of the FPM Event</DESCRIPT>
    </SEOCOMPOTX>
    <SEOCOMPOTX>
     <CLSNAME>ZCL_NCA_CONSTANTS</CLSNAME>
     <CMPNAME>GC_EVENT_SHOW_TRACE</CMPNAME>
     <LANGU>E</LANGU>
     <DESCRIPT>ID of the FPM Event</DESCRIPT>
    </SEOCOMPOTX>
    <SEOCOMPOTX>
     <CLSNAME>ZCL_NCA_CONSTANTS</CLSNAME>
     <CMPNAME>GC_FIELD_NAME_CHAR</CMPNAME>
     <LANGU>E</LANGU>
     <DESCRIPT>Data element (semantic domain)</DESCRIPT>
    </SEOCOMPOTX>
    <SEOCOMPOTX>
     <CLSNAME>ZCL_NCA_CONSTANTS</CLSNAME>
     <CMPNAME>GC_FIELD_NAME_CURR</CMPNAME>
     <LANGU>E</LANGU>
     <DESCRIPT>Data element (semantic domain)</DESCRIPT>
    </SEOCOMPOTX>
    <SEOCOMPOTX>
     <CLSNAME>ZCL_NCA_CONSTANTS</CLSNAME>
     <CMPNAME>GC_FIELD_NAME_DATE</CMPNAME>
     <LANGU>E</LANGU>
     <DESCRIPT>Data element (semantic domain)</DESCRIPT>
    </SEOCOMPOTX>
    <SEOCOMPOTX>
     <CLSNAME>ZCL_NCA_CONSTANTS</CLSNAME>
     <CMPNAME>GC_FIELD_NAME_NUM</CMPNAME>
     <LANGU>E</LANGU>
     <DESCRIPT>Data element (semantic domain)</DESCRIPT>
    </SEOCOMPOTX>
    <SEOCOMPOTX>
     <CLSNAME>ZCL_NCA_CONSTANTS</CLSNAME>
     <CMPNAME>GC_FIELD_NAME_TIME</CMPNAME>
     <LANGU>E</LANGU>
     <DESCRIPT>Data element (semantic domain)</DESCRIPT>
    </SEOCOMPOTX>
    <SEOCOMPOTX>
     <CLSNAME>ZCL_NCA_CONSTANTS</CLSNAME>
     <CMPNAME>GC_FIELD_UPPER_CASE</CMPNAME>
     <LANGU>E</LANGU>
     <DESCRIPT>Data element (semantic domain)</DESCRIPT>
    </SEOCOMPOTX>
    <SEOCOMPOTX>
     <CLSNAME>ZCL_NCA_CONSTANTS</CLSNAME>
     <CMPNAME>GC_MAX_DATE</CMPNAME>
     <LANGU>E</LANGU>
     <DESCRIPT>Field of type DATS</DESCRIPT>
    </SEOCOMPOTX>
    <SEOCOMPOTX>
     <CLSNAME>ZCL_NCA_CONSTANTS</CLSNAME>
     <CMPNAME>GC_MESSAGE_CLASS</CMPNAME>
     <LANGU>E</LANGU>
     <DESCRIPT>Message Class</DESCRIPT>
    </SEOCOMPOTX>
    <SEOCOMPOTX>
     <CLSNAME>ZCL_NCA_CONSTANTS</CLSNAME>
     <CMPNAME>GC_NUMBER_RANGE_APP</CMPNAME>
     <LANGU>E</LANGU>
     <DESCRIPT>Name of number range object</DESCRIPT>
    </SEOCOMPOTX>
    <SEOCOMPOTX>
     <CLSNAME>ZCL_NCA_CONSTANTS</CLSNAME>
     <CMPNAME>GC_UIBB_FORM_FIELD_WIDTHX</CMPNAME>
     <LANGU>E</LANGU>
     <DESCRIPT>Output Length</DESCRIPT>
    </SEOCOMPOTX>
    <SEOCOMPOTX>
     <CLSNAME>ZCL_NCA_CONSTANTS</CLSNAME>
     <CMPNAME>GC_UUID_PREFIX</CMPNAME>
     <LANGU>E</LANGU>
     <DESCRIPT>R/2 table</DESCRIPT>
    </SEOCOMPOTX>
   </DESCRIPTIONS>
  </asx:values>
 </asx:abap>
</abapGit>
