﻿<?xml version="1.0" encoding="utf-8"?>
<abapGit version="v1.0.0" serializer="LCL_OBJECT_CLAS" serializer_version="v1.0.0">
 <asx:abap xmlns:asx="http://www.sap.com/abapxml" version="1.0">
  <asx:values>
   <VSEOCLASS>
    <CLSNAME>ZCL_NCA_APP_CFG</CLSNAME>
    <LANGU>D</LANGU>
    <DESCRIPT>NCA Object Configuration</DESCRIPT>
    <STATE>1</STATE>
    <CLSCCINCL>X</CLSCCINCL>
    <FIXPT>X</FIXPT>
    <UNICODE>X</UNICODE>
   </VSEOCLASS>
   <DESCRIPTIONS>
    <SEOCOMPOTX>
     <CLSNAME>ZCL_NCA_APP_CFG</CLSNAME>
     <CMPNAME>CONSTRUCTOR</CMPNAME>
     <LANGU>D</LANGU>
     <DESCRIPT>CONSTRUCTOR</DESCRIPT>
    </SEOCOMPOTX>
    <SEOCOMPOTX>
     <CLSNAME>ZCL_NCA_APP_CFG</CLSNAME>
     <CMPNAME>CONSTRUCTOR</CMPNAME>
     <LANGU>E</LANGU>
     <DESCRIPT>CONSTRUCTOR</DESCRIPT>
    </SEOCOMPOTX>
    <SEOCOMPOTX>
     <CLSNAME>ZCL_NCA_APP_CFG</CLSNAME>
     <CMPNAME>CREATE_DEVICE_CFG</CMPNAME>
     <LANGU>D</LANGU>
     <DESCRIPT>Get Device Type (if selected does not exist)</DESCRIPT>
    </SEOCOMPOTX>
    <SEOCOMPOTX>
     <CLSNAME>ZCL_NCA_APP_CFG</CLSNAME>
     <CMPNAME>CREATE_DEVICE_CFG</CMPNAME>
     <LANGU>E</LANGU>
     <DESCRIPT>Get Device Type (if selected does not exist)</DESCRIPT>
    </SEOCOMPOTX>
    <SEOCOMPOTX>
     <CLSNAME>ZCL_NCA_APP_CFG</CLSNAME>
     <CMPNAME>CREATE_NCA_APP</CMPNAME>
     <LANGU>D</LANGU>
     <DESCRIPT>Create NCA Application</DESCRIPT>
    </SEOCOMPOTX>
    <SEOCOMPOTX>
     <CLSNAME>ZCL_NCA_APP_CFG</CLSNAME>
     <CMPNAME>CREATE_NCA_APP</CMPNAME>
     <LANGU>E</LANGU>
     <DESCRIPT>Create NCA Application</DESCRIPT>
    </SEOCOMPOTX>
    <SEOCOMPOTX>
     <CLSNAME>ZCL_NCA_APP_CFG</CLSNAME>
     <CMPNAME>CREATE_NCA_UIBB</CMPNAME>
     <LANGU>D</LANGU>
     <DESCRIPT>Create NCA UIBB</DESCRIPT>
    </SEOCOMPOTX>
    <SEOCOMPOTX>
     <CLSNAME>ZCL_NCA_APP_CFG</CLSNAME>
     <CMPNAME>CREATE_NCA_UIBB</CMPNAME>
     <LANGU>E</LANGU>
     <DESCRIPT>Create NCA UIBB</DESCRIPT>
    </SEOCOMPOTX>
    <SEOCOMPOTX>
     <CLSNAME>ZCL_NCA_APP_CFG</CLSNAME>
     <CMPNAME>DELETE_NCA_APP</CMPNAME>
     <LANGU>D</LANGU>
     <DESCRIPT>Delete App</DESCRIPT>
    </SEOCOMPOTX>
    <SEOCOMPOTX>
     <CLSNAME>ZCL_NCA_APP_CFG</CLSNAME>
     <CMPNAME>DELETE_NCA_APP</CMPNAME>
     <LANGU>E</LANGU>
     <DESCRIPT>Delete App</DESCRIPT>
    </SEOCOMPOTX>
    <SEOCOMPOTX>
     <CLSNAME>ZCL_NCA_APP_CFG</CLSNAME>
     <CMPNAME>GET_APP_ID</CMPNAME>
     <LANGU>D</LANGU>
     <DESCRIPT>get app id</DESCRIPT>
    </SEOCOMPOTX>
    <SEOCOMPOTX>
     <CLSNAME>ZCL_NCA_APP_CFG</CLSNAME>
     <CMPNAME>GET_APP_ID</CMPNAME>
     <LANGU>E</LANGU>
     <DESCRIPT>get app id</DESCRIPT>
    </SEOCOMPOTX>
    <SEOCOMPOTX>
     <CLSNAME>ZCL_NCA_APP_CFG</CLSNAME>
     <CMPNAME>GET_DEVICE</CMPNAME>
     <LANGU>D</LANGU>
     <DESCRIPT>get device</DESCRIPT>
    </SEOCOMPOTX>
    <SEOCOMPOTX>
     <CLSNAME>ZCL_NCA_APP_CFG</CLSNAME>
     <CMPNAME>GET_DEVICE</CMPNAME>
     <LANGU>E</LANGU>
     <DESCRIPT>get device</DESCRIPT>
    </SEOCOMPOTX>
    <SEOCOMPOTX>
     <CLSNAME>ZCL_NCA_APP_CFG</CLSNAME>
     <CMPNAME>GET_MESSAGES</CMPNAME>
     <LANGU>D</LANGU>
     <DESCRIPT>get messages</DESCRIPT>
    </SEOCOMPOTX>
    <SEOCOMPOTX>
     <CLSNAME>ZCL_NCA_APP_CFG</CLSNAME>
     <CMPNAME>GET_MESSAGES</CMPNAME>
     <LANGU>E</LANGU>
     <DESCRIPT>get messages</DESCRIPT>
    </SEOCOMPOTX>
    <SEOCOMPOTX>
     <CLSNAME>ZCL_NCA_APP_CFG</CLSNAME>
     <CMPNAME>GET_NCA_APP</CMPNAME>
     <LANGU>D</LANGU>
     <DESCRIPT>Get NCA</DESCRIPT>
    </SEOCOMPOTX>
    <SEOCOMPOTX>
     <CLSNAME>ZCL_NCA_APP_CFG</CLSNAME>
     <CMPNAME>GET_NCA_APP</CMPNAME>
     <LANGU>E</LANGU>
     <DESCRIPT>Get NCA</DESCRIPT>
    </SEOCOMPOTX>
    <SEOCOMPOTX>
     <CLSNAME>ZCL_NCA_APP_CFG</CLSNAME>
     <CMPNAME>GET_NCA_DEVICES</CMPNAME>
     <LANGU>D</LANGU>
     <DESCRIPT>Get NCA</DESCRIPT>
    </SEOCOMPOTX>
    <SEOCOMPOTX>
     <CLSNAME>ZCL_NCA_APP_CFG</CLSNAME>
     <CMPNAME>GET_NCA_DEVICES</CMPNAME>
     <LANGU>E</LANGU>
     <DESCRIPT>Get NCA</DESCRIPT>
    </SEOCOMPOTX>
    <SEOCOMPOTX>
     <CLSNAME>ZCL_NCA_APP_CFG</CLSNAME>
     <CMPNAME>GET_NCA_SECTIONS</CMPNAME>
     <LANGU>D</LANGU>
     <DESCRIPT>Get NCA UI Building Blocks</DESCRIPT>
    </SEOCOMPOTX>
    <SEOCOMPOTX>
     <CLSNAME>ZCL_NCA_APP_CFG</CLSNAME>
     <CMPNAME>GET_NCA_TEXT</CMPNAME>
     <LANGU>D</LANGU>
     <DESCRIPT>Get NCA UI Components Values Texts</DESCRIPT>
    </SEOCOMPOTX>
    <SEOCOMPOTX>
     <CLSNAME>ZCL_NCA_APP_CFG</CLSNAME>
     <CMPNAME>GET_NCA_TEXT</CMPNAME>
     <LANGU>E</LANGU>
     <DESCRIPT>Get NCA UI Components Values Texts</DESCRIPT>
    </SEOCOMPOTX>
    <SEOCOMPOTX>
     <CLSNAME>ZCL_NCA_APP_CFG</CLSNAME>
     <CMPNAME>GET_NCA_TEXTS</CMPNAME>
     <LANGU>D</LANGU>
     <DESCRIPT>Get NCA UI Texts</DESCRIPT>
    </SEOCOMPOTX>
    <SEOCOMPOTX>
     <CLSNAME>ZCL_NCA_APP_CFG</CLSNAME>
     <CMPNAME>GET_NCA_TEXTS</CMPNAME>
     <LANGU>E</LANGU>
     <DESCRIPT>Get NCA UI Texts</DESCRIPT>
    </SEOCOMPOTX>
    <SEOCOMPOTX>
     <CLSNAME>ZCL_NCA_APP_CFG</CLSNAME>
     <CMPNAME>GET_NCA_UIBBS</CMPNAME>
     <LANGU>D</LANGU>
     <DESCRIPT>Get NCA UI Building Blocks</DESCRIPT>
    </SEOCOMPOTX>
    <SEOCOMPOTX>
     <CLSNAME>ZCL_NCA_APP_CFG</CLSNAME>
     <CMPNAME>GET_NCA_UIBBS</CMPNAME>
     <LANGU>E</LANGU>
     <DESCRIPT>Get NCA UI Building Blocks</DESCRIPT>
    </SEOCOMPOTX>
    <SEOCOMPOTX>
     <CLSNAME>ZCL_NCA_APP_CFG</CLSNAME>
     <CMPNAME>GET_NCA_UICO</CMPNAME>
     <LANGU>D</LANGU>
     <DESCRIPT>Get NCA UI Components</DESCRIPT>
    </SEOCOMPOTX>
    <SEOCOMPOTX>
     <CLSNAME>ZCL_NCA_APP_CFG</CLSNAME>
     <CMPNAME>GET_NCA_UICO</CMPNAME>
     <LANGU>E</LANGU>
     <DESCRIPT>Get NCA UI Components</DESCRIPT>
    </SEOCOMPOTX>
    <SEOCOMPOTX>
     <CLSNAME>ZCL_NCA_APP_CFG</CLSNAME>
     <CMPNAME>GET_NCA_UICO_SINGLE</CMPNAME>
     <LANGU>D</LANGU>
     <DESCRIPT>Get NCA UI Component</DESCRIPT>
    </SEOCOMPOTX>
    <SEOCOMPOTX>
     <CLSNAME>ZCL_NCA_APP_CFG</CLSNAME>
     <CMPNAME>GET_NCA_UICO_SINGLE</CMPNAME>
     <LANGU>E</LANGU>
     <DESCRIPT>Get NCA UI Component</DESCRIPT>
    </SEOCOMPOTX>
    <SEOCOMPOTX>
     <CLSNAME>ZCL_NCA_APP_CFG</CLSNAME>
     <CMPNAME>GET_NCA_UICO_V</CMPNAME>
     <LANGU>D</LANGU>
     <DESCRIPT>Get NCA UI Components Values</DESCRIPT>
    </SEOCOMPOTX>
    <SEOCOMPOTX>
     <CLSNAME>ZCL_NCA_APP_CFG</CLSNAME>
     <CMPNAME>GET_NCA_UICO_V</CMPNAME>
     <LANGU>E</LANGU>
     <DESCRIPT>Get NCA UI Components Values</DESCRIPT>
    </SEOCOMPOTX>
    <SEOCOMPOTX>
     <CLSNAME>ZCL_NCA_APP_CFG</CLSNAME>
     <CMPNAME>MO_BRF_APP</CMPNAME>
     <LANGU>D</LANGU>
     <DESCRIPT>BRF Plus Application Service</DESCRIPT>
    </SEOCOMPOTX>
    <SEOCOMPOTX>
     <CLSNAME>ZCL_NCA_APP_CFG</CLSNAME>
     <CMPNAME>MO_MESSAGES</CMPNAME>
     <LANGU>D</LANGU>
     <DESCRIPT>Messages</DESCRIPT>
    </SEOCOMPOTX>
    <SEOCOMPOTX>
     <CLSNAME>ZCL_NCA_APP_CFG</CLSNAME>
     <CMPNAME>MS_NCA_APP</CMPNAME>
     <LANGU>D</LANGU>
     <DESCRIPT>Structure Type for ZCT_NCA_APP</DESCRIPT>
    </SEOCOMPOTX>
    <SEOCOMPOTX>
     <CLSNAME>ZCL_NCA_APP_CFG</CLSNAME>
     <CMPNAME>MT_DEVICES_CONFIGURED</CMPNAME>
     <LANGU>D</LANGU>
     <DESCRIPT>Table Type for ZMARA_S_NCA_APP</DESCRIPT>
    </SEOCOMPOTX>
    <SEOCOMPOTX>
     <CLSNAME>ZCL_NCA_APP_CFG</CLSNAME>
     <CMPNAME>MT_NCA_ACTIONS</CMPNAME>
     <LANGU>D</LANGU>
     <DESCRIPT>Table Type for ZMARA_S_NCA_ACTIONS</DESCRIPT>
    </SEOCOMPOTX>
    <SEOCOMPOTX>
     <CLSNAME>ZCL_NCA_APP_CFG</CLSNAME>
     <CMPNAME>MT_NCA_APP_REP</CMPNAME>
     <LANGU>D</LANGU>
     <DESCRIPT>Table Type for ZMARA_S_NCA_APP_REP</DESCRIPT>
    </SEOCOMPOTX>
    <SEOCOMPOTX>
     <CLSNAME>ZCL_NCA_APP_CFG</CLSNAME>
     <CMPNAME>MT_NCA_APP_REPF</CMPNAME>
     <LANGU>D</LANGU>
     <DESCRIPT>Table Type for ZNCA_S_NCA_APP_REPF</DESCRIPT>
    </SEOCOMPOTX>
    <SEOCOMPOTX>
     <CLSNAME>ZCL_NCA_APP_CFG</CLSNAME>
     <CMPNAME>MT_NCA_APP_REP_DEL</CMPNAME>
     <LANGU>D</LANGU>
     <DESCRIPT>Table Type for ZMARA_S_NCA_APP_REP</DESCRIPT>
    </SEOCOMPOTX>
    <SEOCOMPOTX>
     <CLSNAME>ZCL_NCA_APP_CFG</CLSNAME>
     <CMPNAME>MT_NCA_UIBBS</CMPNAME>
     <LANGU>D</LANGU>
     <DESCRIPT>Table Type for ZMARA_S_NCA_UIBBS</DESCRIPT>
    </SEOCOMPOTX>
    <SEOCOMPOTX>
     <CLSNAME>ZCL_NCA_APP_CFG</CLSNAME>
     <CMPNAME>MT_NCA_UICO</CMPNAME>
     <LANGU>D</LANGU>
     <DESCRIPT>Table Type for ZMARA_S_NCA_UICO</DESCRIPT>
    </SEOCOMPOTX>
    <SEOCOMPOTX>
     <CLSNAME>ZCL_NCA_APP_CFG</CLSNAME>
     <CMPNAME>MT_NCA_UICO_T</CMPNAME>
     <LANGU>D</LANGU>
     <DESCRIPT>Structure Type for ZCT_NCA_UICO_T</DESCRIPT>
    </SEOCOMPOTX>
    <SEOCOMPOTX>
     <CLSNAME>ZCL_NCA_APP_CFG</CLSNAME>
     <CMPNAME>MT_NCA_UICO_V</CMPNAME>
     <LANGU>D</LANGU>
     <DESCRIPT>Table Type for ZNCA_S_NCA_UICO_V</DESCRIPT>
    </SEOCOMPOTX>
    <SEOCOMPOTX>
     <CLSNAME>ZCL_NCA_APP_CFG</CLSNAME>
     <CMPNAME>MV_BUILDER_MODE</CMPNAME>
     <LANGU>D</LANGU>
     <DESCRIPT>Checkbox</DESCRIPT>
    </SEOCOMPOTX>
    <SEOCOMPOTX>
     <CLSNAME>ZCL_NCA_APP_CFG</CLSNAME>
     <CMPNAME>MV_DEVICE</CMPNAME>
     <LANGU>D</LANGU>
     <DESCRIPT>Device</DESCRIPT>
    </SEOCOMPOTX>
    <SEOCOMPOTX>
     <CLSNAME>ZCL_NCA_APP_CFG</CLSNAME>
     <CMPNAME>MV_NCA_APP_ID</CMPNAME>
     <LANGU>D</LANGU>
     <DESCRIPT>NCA ID</DESCRIPT>
    </SEOCOMPOTX>
    <SEOCOMPOTX>
     <CLSNAME>ZCL_NCA_APP_CFG</CLSNAME>
     <CMPNAME>SET_NCA_ACTIONS</CMPNAME>
     <LANGU>D</LANGU>
     <DESCRIPT>Get NCA</DESCRIPT>
    </SEOCOMPOTX>
    <SEOCOMPOTX>
     <CLSNAME>ZCL_NCA_APP_CFG</CLSNAME>
     <CMPNAME>SET_NCA_ACTIONS</CMPNAME>
     <LANGU>E</LANGU>
     <DESCRIPT>Get NCA</DESCRIPT>
    </SEOCOMPOTX>
    <SEOCOMPOTX>
     <CLSNAME>ZCL_NCA_APP_CFG</CLSNAME>
     <CMPNAME>SET_NCA_APP</CMPNAME>
     <LANGU>D</LANGU>
     <DESCRIPT>Set NCA</DESCRIPT>
    </SEOCOMPOTX>
    <SEOCOMPOTX>
     <CLSNAME>ZCL_NCA_APP_CFG</CLSNAME>
     <CMPNAME>SET_NCA_APP</CMPNAME>
     <LANGU>E</LANGU>
     <DESCRIPT>Set NCA</DESCRIPT>
    </SEOCOMPOTX>
    <SEOCOMPOTX>
     <CLSNAME>ZCL_NCA_APP_CFG</CLSNAME>
     <CMPNAME>SET_NCA_APP_REP</CMPNAME>
     <LANGU>D</LANGU>
     <DESCRIPT>Set NCA</DESCRIPT>
    </SEOCOMPOTX>
    <SEOCOMPOTX>
     <CLSNAME>ZCL_NCA_APP_CFG</CLSNAME>
     <CMPNAME>SET_NCA_APP_REP</CMPNAME>
     <LANGU>E</LANGU>
     <DESCRIPT>Set NCA</DESCRIPT>
    </SEOCOMPOTX>
    <SEOCOMPOTX>
     <CLSNAME>ZCL_NCA_APP_CFG</CLSNAME>
     <CMPNAME>SET_NCA_APP_REPF</CMPNAME>
     <LANGU>D</LANGU>
     <DESCRIPT>Set NCA</DESCRIPT>
    </SEOCOMPOTX>
    <SEOCOMPOTX>
     <CLSNAME>ZCL_NCA_APP_CFG</CLSNAME>
     <CMPNAME>SET_NCA_APP_REPF</CMPNAME>
     <LANGU>E</LANGU>
     <DESCRIPT>Set NCA</DESCRIPT>
    </SEOCOMPOTX>
    <SEOCOMPOTX>
     <CLSNAME>ZCL_NCA_APP_CFG</CLSNAME>
     <CMPNAME>SET_NCA_SECTIONS</CMPNAME>
     <LANGU>D</LANGU>
     <DESCRIPT>Set NCA UI Building Blocks</DESCRIPT>
    </SEOCOMPOTX>
    <SEOCOMPOTX>
     <CLSNAME>ZCL_NCA_APP_CFG</CLSNAME>
     <CMPNAME>SET_NCA_TEXTS</CMPNAME>
     <LANGU>D</LANGU>
     <DESCRIPT>Set NCA UI Components</DESCRIPT>
    </SEOCOMPOTX>
    <SEOCOMPOTX>
     <CLSNAME>ZCL_NCA_APP_CFG</CLSNAME>
     <CMPNAME>SET_NCA_TEXTS</CMPNAME>
     <LANGU>E</LANGU>
     <DESCRIPT>Set NCA UI Components</DESCRIPT>
    </SEOCOMPOTX>
    <SEOCOMPOTX>
     <CLSNAME>ZCL_NCA_APP_CFG</CLSNAME>
     <CMPNAME>SET_NCA_UIBBS</CMPNAME>
     <LANGU>D</LANGU>
     <DESCRIPT>Set NCA UI Building Blocks</DESCRIPT>
    </SEOCOMPOTX>
    <SEOCOMPOTX>
     <CLSNAME>ZCL_NCA_APP_CFG</CLSNAME>
     <CMPNAME>SET_NCA_UIBBS</CMPNAME>
     <LANGU>E</LANGU>
     <DESCRIPT>Set NCA UI Building Blocks</DESCRIPT>
    </SEOCOMPOTX>
    <SEOCOMPOTX>
     <CLSNAME>ZCL_NCA_APP_CFG</CLSNAME>
     <CMPNAME>SET_NCA_UICO</CMPNAME>
     <LANGU>D</LANGU>
     <DESCRIPT>Set NCA UI Components</DESCRIPT>
    </SEOCOMPOTX>
    <SEOCOMPOTX>
     <CLSNAME>ZCL_NCA_APP_CFG</CLSNAME>
     <CMPNAME>SET_NCA_UICO</CMPNAME>
     <LANGU>E</LANGU>
     <DESCRIPT>Set NCA UI Components</DESCRIPT>
    </SEOCOMPOTX>
    <SEOCOMPOTX>
     <CLSNAME>ZCL_NCA_APP_CFG</CLSNAME>
     <CMPNAME>SET_NCA_UICO_V</CMPNAME>
     <LANGU>D</LANGU>
     <DESCRIPT>Set NCA UI Components</DESCRIPT>
    </SEOCOMPOTX>
    <SEOCOMPOTX>
     <CLSNAME>ZCL_NCA_APP_CFG</CLSNAME>
     <CMPNAME>SET_NCA_UICO_V</CMPNAME>
     <LANGU>E</LANGU>
     <DESCRIPT>Set NCA UI Components</DESCRIPT>
    </SEOCOMPOTX>
    <SEOCOMPOTX>
     <CLSNAME>ZCL_NCA_APP_CFG</CLSNAME>
     <CMPNAME>_DELETE_DB_NCA_APP</CMPNAME>
     <LANGU>D</LANGU>
     <DESCRIPT>Delete NCA App Structure</DESCRIPT>
    </SEOCOMPOTX>
    <SEOCOMPOTX>
     <CLSNAME>ZCL_NCA_APP_CFG</CLSNAME>
     <CMPNAME>_DELETE_DB_NCA_APP_REP</CMPNAME>
     <LANGU>D</LANGU>
     <DESCRIPT>Update NCA APP Reporting</DESCRIPT>
    </SEOCOMPOTX>
    <SEOCOMPOTX>
     <CLSNAME>ZCL_NCA_APP_CFG</CLSNAME>
     <CMPNAME>_DELETE_DB_NCA_TEXT</CMPNAME>
     <LANGU>D</LANGU>
     <DESCRIPT>Delete NCA TEXT</DESCRIPT>
    </SEOCOMPOTX>
    <SEOCOMPOTX>
     <CLSNAME>ZCL_NCA_APP_CFG</CLSNAME>
     <CMPNAME>_DELETE_DB_NCA_UIBB</CMPNAME>
     <LANGU>D</LANGU>
     <DESCRIPT>Delete NCA UIBB</DESCRIPT>
    </SEOCOMPOTX>
    <SEOCOMPOTX>
     <CLSNAME>ZCL_NCA_APP_CFG</CLSNAME>
     <CMPNAME>_DELETE_DB_NCA_UICO</CMPNAME>
     <LANGU>D</LANGU>
     <DESCRIPT>Delete NCA UICO</DESCRIPT>
    </SEOCOMPOTX>
    <SEOCOMPOTX>
     <CLSNAME>ZCL_NCA_APP_CFG</CLSNAME>
     <CMPNAME>_DELETE_DB_NCA_UICO_REF</CMPNAME>
     <LANGU>D</LANGU>
     <DESCRIPT>Delete NCA UICO</DESCRIPT>
    </SEOCOMPOTX>
    <SEOCOMPOTX>
     <CLSNAME>ZCL_NCA_APP_CFG</CLSNAME>
     <CMPNAME>_DELETE_DB_NCA_UICO_V</CMPNAME>
     <LANGU>D</LANGU>
     <DESCRIPT>Delete NCA TEXT</DESCRIPT>
    </SEOCOMPOTX>
    <SEOCOMPOTX>
     <CLSNAME>ZCL_NCA_APP_CFG</CLSNAME>
     <CMPNAME>_DETERMINE_DEVICE</CMPNAME>
     <LANGU>D</LANGU>
     <DESCRIPT>determine Device Type (if selected does not exist)</DESCRIPT>
    </SEOCOMPOTX>
    <SEOCOMPOTX>
     <CLSNAME>ZCL_NCA_APP_CFG</CLSNAME>
     <CMPNAME>_GET_NEXT_APP_ID</CMPNAME>
     <LANGU>D</LANGU>
     <DESCRIPT>Get Next App Id from Number Range</DESCRIPT>
    </SEOCOMPOTX>
    <SEOCOMPOTX>
     <CLSNAME>ZCL_NCA_APP_CFG</CLSNAME>
     <CMPNAME>_GET_NEXT_APP_ID</CMPNAME>
     <LANGU>E</LANGU>
     <DESCRIPT>Get Next App Id from Number Range</DESCRIPT>
    </SEOCOMPOTX>
    <SEOCOMPOTX>
     <CLSNAME>ZCL_NCA_APP_CFG</CLSNAME>
     <CMPNAME>_INSERT_DB_NCA</CMPNAME>
     <LANGU>D</LANGU>
     <DESCRIPT>Insert NCA APP</DESCRIPT>
    </SEOCOMPOTX>
    <SEOCOMPOTX>
     <CLSNAME>ZCL_NCA_APP_CFG</CLSNAME>
     <CMPNAME>_INSERT_DB_NCA</CMPNAME>
     <LANGU>E</LANGU>
     <DESCRIPT>Insert NCA APP</DESCRIPT>
    </SEOCOMPOTX>
    <SEOCOMPOTX>
     <CLSNAME>ZCL_NCA_APP_CFG</CLSNAME>
     <CMPNAME>_INSERT_DB_NCA_APP_REP</CMPNAME>
     <LANGU>D</LANGU>
     <DESCRIPT>Insert NCA APP Reporting</DESCRIPT>
    </SEOCOMPOTX>
    <SEOCOMPOTX>
     <CLSNAME>ZCL_NCA_APP_CFG</CLSNAME>
     <CMPNAME>_INSERT_DB_NCA_TEXTS</CMPNAME>
     <LANGU>D</LANGU>
     <DESCRIPT>Insert NCA Texts</DESCRIPT>
    </SEOCOMPOTX>
    <SEOCOMPOTX>
     <CLSNAME>ZCL_NCA_APP_CFG</CLSNAME>
     <CMPNAME>_INSERT_DB_NCA_UIBB</CMPNAME>
     <LANGU>D</LANGU>
     <DESCRIPT>Insert NCA UIBBS</DESCRIPT>
    </SEOCOMPOTX>
    <SEOCOMPOTX>
     <CLSNAME>ZCL_NCA_APP_CFG</CLSNAME>
     <CMPNAME>_INSERT_DB_NCA_UICO</CMPNAME>
     <LANGU>D</LANGU>
     <DESCRIPT>Insert NCA UICO</DESCRIPT>
    </SEOCOMPOTX>
    <SEOCOMPOTX>
     <CLSNAME>ZCL_NCA_APP_CFG</CLSNAME>
     <CMPNAME>_INSERT_DB_NCA_UICO_REF</CMPNAME>
     <LANGU>D</LANGU>
     <DESCRIPT>Update NCA UICO</DESCRIPT>
    </SEOCOMPOTX>
    <SEOCOMPOTX>
     <CLSNAME>ZCL_NCA_APP_CFG</CLSNAME>
     <CMPNAME>_READ_DB_NCA_APP</CMPNAME>
     <LANGU>D</LANGU>
     <DESCRIPT>Read NCA App</DESCRIPT>
    </SEOCOMPOTX>
    <SEOCOMPOTX>
     <CLSNAME>ZCL_NCA_APP_CFG</CLSNAME>
     <CMPNAME>_READ_DB_NCA_TEXTS</CMPNAME>
     <LANGU>D</LANGU>
     <DESCRIPT>Read NCA Texts</DESCRIPT>
    </SEOCOMPOTX>
    <SEOCOMPOTX>
     <CLSNAME>ZCL_NCA_APP_CFG</CLSNAME>
     <CMPNAME>_READ_DB_NCA_UIBBS</CMPNAME>
     <LANGU>D</LANGU>
     <DESCRIPT>Read NCA UIBBs</DESCRIPT>
    </SEOCOMPOTX>
    <SEOCOMPOTX>
     <CLSNAME>ZCL_NCA_APP_CFG</CLSNAME>
     <CMPNAME>_READ_DB_NCA_UICO</CMPNAME>
     <LANGU>D</LANGU>
     <DESCRIPT>Read NCA UIBBs</DESCRIPT>
    </SEOCOMPOTX>
    <SEOCOMPOTX>
     <CLSNAME>ZCL_NCA_APP_CFG</CLSNAME>
     <CMPNAME>_READ_DB_NCA_UICO_V</CMPNAME>
     <LANGU>D</LANGU>
     <DESCRIPT>Read NCA UIBBs</DESCRIPT>
    </SEOCOMPOTX>
    <SEOCOMPOTX>
     <CLSNAME>ZCL_NCA_APP_CFG</CLSNAME>
     <CMPNAME>_UPDATE_DB_NCA_APP</CMPNAME>
     <LANGU>D</LANGU>
     <DESCRIPT>Update NCA APP</DESCRIPT>
    </SEOCOMPOTX>
    <SEOCOMPOTX>
     <CLSNAME>ZCL_NCA_APP_CFG</CLSNAME>
     <CMPNAME>_UPDATE_DB_NCA_APP_REP</CMPNAME>
     <LANGU>D</LANGU>
     <DESCRIPT>Update NCA APP Reporting</DESCRIPT>
    </SEOCOMPOTX>
    <SEOCOMPOTX>
     <CLSNAME>ZCL_NCA_APP_CFG</CLSNAME>
     <CMPNAME>_UPDATE_DB_NCA_TEXTS</CMPNAME>
     <LANGU>D</LANGU>
     <DESCRIPT>Update NCA Texts</DESCRIPT>
    </SEOCOMPOTX>
    <SEOCOMPOTX>
     <CLSNAME>ZCL_NCA_APP_CFG</CLSNAME>
     <CMPNAME>_UPDATE_DB_NCA_UIBB</CMPNAME>
     <LANGU>D</LANGU>
     <DESCRIPT>Update NCA UIBBS</DESCRIPT>
    </SEOCOMPOTX>
    <SEOCOMPOTX>
     <CLSNAME>ZCL_NCA_APP_CFG</CLSNAME>
     <CMPNAME>_UPDATE_DB_NCA_UICO</CMPNAME>
     <LANGU>D</LANGU>
     <DESCRIPT>Update NCA UICO</DESCRIPT>
    </SEOCOMPOTX>
   </DESCRIPTIONS>
  </asx:values>
 </asx:abap>
</abapGit>
