﻿<?xml version="1.0" encoding="utf-8"?>
<abapGit version="v1.0.0" serializer="LCL_OBJECT_INTF" serializer_version="v1.0.0">
 <asx:abap xmlns:asx="http://www.sap.com/abapxml" version="1.0">
  <asx:values>
   <VSEOINTERF>
    <CLSNAME>ZIF_NCA_BADI_OBJECT</CLSNAME>
    <LANGU>E</LANGU>
    <DESCRIPT>Interface for BAdI: ZNCA_BADI_OBJECT</DESCRIPT>
    <EXPOSURE>2</EXPOSURE>
    <STATE>1</STATE>
    <UNICODE>X</UNICODE>
   </VSEOINTERF>
   <DESCRIPTIONS>
    <SEOCOMPOTX>
     <CLSNAME>ZIF_NCA_BADI_OBJECT</CLSNAME>
     <CMPNAME>AFTER_SEARCH_OBJECTS</CMPNAME>
     <LANGU>E</LANGU>
     <DESCRIPT>After Search for Objects</DESCRIPT>
    </SEOCOMPOTX>
    <SEOCOMPOTX>
     <CLSNAME>ZIF_NCA_BADI_OBJECT</CLSNAME>
     <CMPNAME>BEFORE_SEARCH_OBJECTS</CMPNAME>
     <LANGU>E</LANGU>
     <DESCRIPT>Before Search for Objects</DESCRIPT>
    </SEOCOMPOTX>
    <SEOCOMPOTX>
     <CLSNAME>ZIF_NCA_BADI_OBJECT</CLSNAME>
     <CMPNAME>PROCESS_ACTION_AFTER_BRF</CMPNAME>
     <LANGU>E</LANGU>
     <DESCRIPT>Process action after brf+ call</DESCRIPT>
    </SEOCOMPOTX>
    <SEOCOMPOTX>
     <CLSNAME>ZIF_NCA_BADI_OBJECT</CLSNAME>
     <CMPNAME>PROCESS_ACTION_BEFORE_BRF</CMPNAME>
     <LANGU>E</LANGU>
     <DESCRIPT>Process action before brf+ call</DESCRIPT>
    </SEOCOMPOTX>
   </DESCRIPTIONS>
  </asx:values>
 </asx:abap>
</abapGit>
