﻿<?xml version="1.0" encoding="utf-8"?>
<abapGit version="v1.0.0" serializer="LCL_OBJECT_DTEL" serializer_version="v1.0.0">
 <asx:abap xmlns:asx="http://www.sap.com/abapxml" version="1.0">
  <asx:values>
   <DD04V>
    <ROLLNAME>ZNCA_COMP_SEARCH_INPUT</ROLLNAME>
    <DDLANGUAGE>E</DDLANGUAGE>
    <DOMNAME>BOOLE</DOMNAME>
    <HEADLEN>18</HEADLEN>
    <SCRLEN1>10</SCRLEN1>
    <SCRLEN2>18</SCRLEN2>
    <SCRLEN3>18</SCRLEN3>
    <DDTEXT>Search Input Field</DDTEXT>
    <REPTEXT>Search Input Field</REPTEXT>
    <SCRTEXT_S>Search Inp</SCRTEXT_S>
    <SCRTEXT_M>Search Input Field</SCRTEXT_M>
    <SCRTEXT_L>Search Input Field</SCRTEXT_L>
    <DTELMASTER>E</DTELMASTER>
    <REFKIND>D</REFKIND>
   </DD04V>
   <I18N_LANGS>
    <LANGU>D</LANGU>
   </I18N_LANGS>
   <DD04_TEXTS>
    <item>
     <DDLANGUAGE>D</DDLANGUAGE>
     <DDTEXT>Eingabe (Suche)</DDTEXT>
     <REPTEXT>Eingabe (Suche)</REPTEXT>
     <SCRTEXT_S>Eingabe (S</SCRTEXT_S>
     <SCRTEXT_M>Eingabe (Suche)</SCRTEXT_M>
     <SCRTEXT_L>Eingabe (Suche)</SCRTEXT_L>
    </item>
   </DD04_TEXTS>
  </asx:values>
 </asx:abap>
</abapGit>
