﻿<?xml version="1.0" encoding="utf-8"?>
<abapGit version="v1.0.0" serializer="LCL_OBJECT_ENHS" serializer_version="v1.0.0">
 <asx:abap xmlns:asx="http://www.sap.com/abapxml" version="1.0">
  <asx:values>
   <TOOL>BADI_DEF</TOOL>
   <SHORTTEXT>NCA Enhancements for CORE</SHORTTEXT>
   <BADI_DATA>
    <ENH_BADI_DATA>
     <BADI_NAME>ZNCA_BADI_OBJECT</BADI_NAME>
     <INTERFACE_NAME>ZIF_NCA_BADI_OBJECT</INTERFACE_NAME>
     <SINGLE_USE>X</SINGLE_USE>
     <CONTEXT_MODE>N</CONTEXT_MODE>
     <BADI_SHORTTEXT>BADI for ZCL_NCA_OBJECT</BADI_SHORTTEXT>
     <BADI_SHORTTEXT_ID>00155D36F2031ED7BCA65C7112D71A54</BADI_SHORTTEXT_ID>
     <FILTERS>
      <ENH_BADI_FILTER>
       <FILTER_NAME>APP_ID</FILTER_NAME>
       <FILTER_TYPE>N</FILTER_TYPE>
       <FILTERTEXT>Filter for APP Id</FILTERTEXT>
       <FILTERTEXT_ID>00155D36F2031ED7BCA6663211373A54</FILTERTEXT_ID>
       <CHECK_TYPE>ZNCA_APP_ID</CHECK_TYPE>
      </ENH_BADI_FILTER>
     </FILTERS>
    </ENH_BADI_DATA>
   </BADI_DATA>
   <SOTR>
    <item>
     <HEADER>
      <CONCEPT>00155D36F2031ED7BCA72BCB97939A54</CONCEPT>
      <CREA_LAN>E</CREA_LAN>
      <TRALA_TYPE>1</TRALA_TYPE>
      <OBJID_VEC>AAE=</OBJID_VEC>
     </HEADER>
     <ENTRIES>
      <SOTR_TEXT>
       <CONCEPT>00155D36F2031ED7BCA72BCB97939A54</CONCEPT>
       <LANGU>E</LANGU>
       <LFD_NUM>0001</LFD_NUM>
       <FLAG_CNTXT>X</FLAG_CNTXT>
       <STATUS>R</STATUS>
       <LENGTH>038</LENGTH>
       <TEXT>NCA Enhancements for CORE</TEXT>
      </SOTR_TEXT>
     </ENTRIES>
    </item>
   </SOTR>
   <SOTR_USE>
    <SOTR_USE>
     <PGMID>R3TR</PGMID>
     <OBJECT>ENHS</OBJECT>
     <OBJ_NAME>ZNCA_ENHANCEMENT_CORE</OBJ_NAME>
     <CONCEPT>00155D36F2031ED7BCA72BCB97939A54</CONCEPT>
     <LFD_NUM>0001</LFD_NUM>
    </SOTR_USE>
   </SOTR_USE>
  </asx:values>
 </asx:abap>
</abapGit>
