﻿<?xml version="1.0" encoding="utf-8"?>
<abapGit version="v1.0.0" serializer="LCL_OBJECT_CHDO" serializer_version="v1.0.0">
 <asx:abap xmlns:asx="http://www.sap.com/abapxml" version="1.0">
  <asx:values>
   <CHDO>
    <REPORTS_GENERATED>
     <TCDRPS>
      <OBJECT>ZNCA_CHG_LOG</OBJECT>
      <REPORTNAME>ZNCA_CHG_LOG</REPORTNAME>
      <TEXTCASE>X</TEXTCASE>
      <ARBGEB>CD</ARBGEB>
      <FEHLERNR>600</FEHLERNR>
      <FGRP>ZNCA_CORE_FUNCTIONS</FGRP>
      <PREFIX>Y</PREFIX>
      <UPDATE_FLG>2</UPDATE_FLG>
     </TCDRPS>
    </REPORTS_GENERATED>
    <OBJECTS>
     <TCDOBS>
      <OBJECT>ZNCA_CHG_LOG</OBJECT>
      <TABNAME>ZAT_NCA_OBJ</TABNAME>
      <MULTCASE>X</MULTCASE>
      <DOCUDEL>X</DOCUDEL>
      <DOCUINS>X</DOCUINS>
      <DOCUD_NOIF>X</DOCUD_NOIF>
     </TCDOBS>
     <TCDOBS>
      <OBJECT>ZNCA_CHG_LOG</OBJECT>
      <TABNAME>ZAT_NCA_OBJ_DT</TABNAME>
      <MULTCASE>X</MULTCASE>
      <DOCUDEL>X</DOCUDEL>
      <DOCUINS>X</DOCUINS>
      <DOCUD_NOIF>X</DOCUD_NOIF>
     </TCDOBS>
     <TCDOBS>
      <OBJECT>ZNCA_CHG_LOG</OBJECT>
      <TABNAME>ZAT_NCA_OVC</TABNAME>
      <MULTCASE>X</MULTCASE>
      <DOCUDEL>X</DOCUDEL>
      <DOCUINS>X</DOCUINS>
      <DOCUD_NOIF>X</DOCUD_NOIF>
     </TCDOBS>
     <TCDOBS>
      <OBJECT>ZNCA_CHG_LOG</OBJECT>
      <TABNAME>ZAT_NCA_OVN</TABNAME>
      <MULTCASE>X</MULTCASE>
      <DOCUDEL>X</DOCUDEL>
      <DOCUINS>X</DOCUINS>
      <DOCUD_NOIF>X</DOCUD_NOIF>
     </TCDOBS>
     <TCDOBS>
      <OBJECT>ZNCA_CHG_LOG</OBJECT>
      <TABNAME>ZAT_NCA_OVT</TABNAME>
      <MULTCASE>X</MULTCASE>
      <DOCUDEL>X</DOCUDEL>
      <DOCUINS>X</DOCUINS>
      <DOCUD_NOIF>X</DOCUD_NOIF>
     </TCDOBS>
    </OBJECTS>
    <OBJECTS_TEXT>
     <TCDOBTS>
      <SPRAS>E</SPRAS>
      <OBJECT>ZNCA_CHG_LOG</OBJECT>
      <OBTEXT>NCA Change Log</OBTEXT>
     </TCDOBTS>
    </OBJECTS_TEXT>
   </CHDO>
  </asx:values>
 </asx:abap>
</abapGit>
