﻿<?xml version="1.0" encoding="utf-8"?>
<abapGit version="v1.0.0" serializer="LCL_OBJECT_DOMA" serializer_version="v1.0.0">
 <asx:abap xmlns:asx="http://www.sap.com/abapxml" version="1.0">
  <asx:values>
   <DD01V>
    <DOMNAME>ZNCA_AGGREGATION</DOMNAME>
    <DDLANGUAGE>E</DDLANGUAGE>
    <DATATYPE>CHAR</DATATYPE>
    <LENG>000003</LENG>
    <OUTPUTLEN>000003</OUTPUTLEN>
    <VALEXI>X</VALEXI>
    <DDTEXT>Aggregation Type</DDTEXT>
   </DD01V>
   <DD07V_TAB>
    <DD07V>
     <DOMNAME>ZNCA_AGGREGATION</DOMNAME>
     <VALPOS>0001</VALPOS>
     <DDLANGUAGE>E</DDLANGUAGE>
     <DOMVALUE_L>SUM</DOMVALUE_L>
     <DDTEXT>Sum</DDTEXT>
    </DD07V>
    <DD07V>
     <DOMNAME>ZNCA_AGGREGATION</DOMNAME>
     <VALPOS>0002</VALPOS>
     <DDLANGUAGE>E</DDLANGUAGE>
     <DOMVALUE_L>AVG</DOMVALUE_L>
     <DDTEXT>Average</DDTEXT>
    </DD07V>
    <DD07V>
     <DOMNAME>ZNCA_AGGREGATION</DOMNAME>
     <VALPOS>0003</VALPOS>
     <DDLANGUAGE>E</DDLANGUAGE>
     <DOMVALUE_L>MIN</DOMVALUE_L>
     <DDTEXT>Minimum</DDTEXT>
    </DD07V>
    <DD07V>
     <DOMNAME>ZNCA_AGGREGATION</DOMNAME>
     <VALPOS>0004</VALPOS>
     <DDLANGUAGE>E</DDLANGUAGE>
     <DOMVALUE_L>MAX</DOMVALUE_L>
     <DDTEXT>Maximum</DDTEXT>
    </DD07V>
    <DD07V>
     <DOMNAME>ZNCA_AGGREGATION</DOMNAME>
     <VALPOS>0005</VALPOS>
     <DDLANGUAGE>E</DDLANGUAGE>
     <DOMVALUE_L>CNT</DOMVALUE_L>
     <DDTEXT>Count</DDTEXT>
    </DD07V>
   </DD07V_TAB>
   <I18N_LANGS>
    <LANGU>D</LANGU>
   </I18N_LANGS>
   <DD01_TEXTS>
    <item>
     <DDLANGUAGE>D</DDLANGUAGE>
     <DDTEXT>Aggregations-Typ</DDTEXT>
    </item>
   </DD01_TEXTS>
   <DD07_TEXTS>
    <item>
     <VALPOS>0001</VALPOS>
     <DDLANGUAGE>D</DDLANGUAGE>
     <DOMVALUE_L>SUM</DOMVALUE_L>
     <DDTEXT>Summe</DDTEXT>
    </item>
    <item>
     <VALPOS>0002</VALPOS>
     <DDLANGUAGE>D</DDLANGUAGE>
     <DOMVALUE_L>AVG</DOMVALUE_L>
     <DDTEXT>Durchschnitt</DDTEXT>
    </item>
    <item>
     <VALPOS>0003</VALPOS>
     <DDLANGUAGE>D</DDLANGUAGE>
     <DOMVALUE_L>MIN</DOMVALUE_L>
     <DDTEXT>Minimum</DDTEXT>
    </item>
    <item>
     <VALPOS>0004</VALPOS>
     <DDLANGUAGE>D</DDLANGUAGE>
     <DOMVALUE_L>MAX</DOMVALUE_L>
     <DDTEXT>Maximum</DDTEXT>
    </item>
    <item>
     <VALPOS>0005</VALPOS>
     <DDLANGUAGE>D</DDLANGUAGE>
     <DOMVALUE_L>CNT</DOMVALUE_L>
     <DDTEXT>Anzahl</DDTEXT>
    </item>
   </DD07_TEXTS>
  </asx:values>
 </asx:abap>
</abapGit>
