﻿<?xml version="1.0" encoding="utf-8"?>
<abapGit version="v1.0.0" serializer="LCL_OBJECT_DTEL" serializer_version="v1.0.0">
 <asx:abap xmlns:asx="http://www.sap.com/abapxml" version="1.0">
  <asx:values>
   <DD04V>
    <ROLLNAME>ZNCA_CHANGE_TIME</ROLLNAME>
    <DDLANGUAGE>E</DDLANGUAGE>
    <DOMNAME>TIME</DOMNAME>
    <HEADLEN>11</HEADLEN>
    <SCRLEN1>10</SCRLEN1>
    <SCRLEN2>11</SCRLEN2>
    <SCRLEN3>11</SCRLEN3>
    <DDTEXT>Change Time</DDTEXT>
    <REPTEXT>Change Time</REPTEXT>
    <SCRTEXT_S>Change Tim</SCRTEXT_S>
    <SCRTEXT_M>Change Time</SCRTEXT_M>
    <SCRTEXT_L>Change Time</SCRTEXT_L>
    <DTELMASTER>E</DTELMASTER>
    <REFKIND>D</REFKIND>
   </DD04V>
   <I18N_LANGS>
    <LANGU>D</LANGU>
   </I18N_LANGS>
   <DD04_TEXTS>
    <item>
     <DDLANGUAGE>D</DDLANGUAGE>
     <DDTEXT>Geändert um</DDTEXT>
     <REPTEXT>Geändert um</REPTEXT>
     <SCRTEXT_S>Geändert u</SCRTEXT_S>
     <SCRTEXT_M>Geändert um</SCRTEXT_M>
     <SCRTEXT_L>Geändert um</SCRTEXT_L>
    </item>
   </DD04_TEXTS>
  </asx:values>
 </asx:abap>
</abapGit>
