﻿<?xml version="1.0" encoding="utf-8"?>
<abapGit version="v1.0.0" serializer="LCL_OBJECT_DTEL" serializer_version="v1.0.0">
 <asx:abap xmlns:asx="http://www.sap.com/abapxml" version="1.0">
  <asx:values>
   <DD04V>
    <ROLLNAME>ZNCA_COMP_ID</ROLLNAME>
    <DDLANGUAGE>E</DDLANGUAGE>
    <DOMNAME>FDT_NAME</DOMNAME>
    <HEADLEN>14</HEADLEN>
    <SCRLEN1>09</SCRLEN1>
    <SCRLEN2>14</SCRLEN2>
    <SCRLEN3>14</SCRLEN3>
    <DDTEXT>Component ID</DDTEXT>
    <REPTEXT>Component ID</REPTEXT>
    <SCRTEXT_S>Comp ID</SCRTEXT_S>
    <SCRTEXT_M>Component ID</SCRTEXT_M>
    <SCRTEXT_L>Component ID</SCRTEXT_L>
    <DTELMASTER>E</DTELMASTER>
    <REFKIND>D</REFKIND>
   </DD04V>
   <I18N_LANGS>
    <LANGU>D</LANGU>
   </I18N_LANGS>
   <DD04_TEXTS>
    <item>
     <DDLANGUAGE>D</DDLANGUAGE>
     <DDTEXT>Komponent ID</DDTEXT>
     <REPTEXT>Komponent ID</REPTEXT>
     <SCRTEXT_S>Komp ID</SCRTEXT_S>
     <SCRTEXT_M>Komponent ID</SCRTEXT_M>
     <SCRTEXT_L>Komponent ID</SCRTEXT_L>
    </item>
   </DD04_TEXTS>
  </asx:values>
 </asx:abap>
</abapGit>
