﻿<?xml version="1.0" encoding="utf-8"?>
<abapGit version="v1.0.0" serializer="LCL_OBJECT_DTEL" serializer_version="v1.0.0">
 <asx:abap xmlns:asx="http://www.sap.com/abapxml" version="1.0">
  <asx:values>
   <DD04V>
    <ROLLNAME>ZNCA_ACTION_ID</ROLLNAME>
    <DDLANGUAGE>E</DDLANGUAGE>
    <HEADLEN>30</HEADLEN>
    <SCRLEN1>10</SCRLEN1>
    <SCRLEN2>15</SCRLEN2>
    <SCRLEN3>20</SCRLEN3>
    <DDTEXT>Action ID</DDTEXT>
    <REPTEXT>Action ID</REPTEXT>
    <SCRTEXT_S>Action ID</SCRTEXT_S>
    <SCRTEXT_M>Action ID</SCRTEXT_M>
    <SCRTEXT_L>Action ID</SCRTEXT_L>
    <DTELMASTER>E</DTELMASTER>
    <DATATYPE>CHAR</DATATYPE>
    <LENG>000030</LENG>
    <OUTPUTLEN>000030</OUTPUTLEN>
   </DD04V>
   <I18N_LANGS>
    <LANGU>D</LANGU>
   </I18N_LANGS>
   <DD04_TEXTS>
    <item>
     <DDLANGUAGE>D</DDLANGUAGE>
     <DDTEXT>ID des FPM-Ereignisses</DDTEXT>
     <REPTEXT>ID des FPM-Ereignisses</REPTEXT>
     <SCRTEXT_S>EreignisID</SCRTEXT_S>
     <SCRTEXT_M>FPM-Ereignis-ID</SCRTEXT_M>
     <SCRTEXT_L>FPM-Ereignis-ID</SCRTEXT_L>
    </item>
   </DD04_TEXTS>
  </asx:values>
 </asx:abap>
</abapGit>
