﻿<?xml version="1.0" encoding="utf-8"?>
<abapGit version="v1.0.0" serializer="LCL_OBJECT_DTEL" serializer_version="v1.0.0">
 <asx:abap xmlns:asx="http://www.sap.com/abapxml" version="1.0">
  <asx:values>
   <DD04V>
    <ROLLNAME>ZNCA_JUMP_STRING</ROLLNAME>
    <DDLANGUAGE>E</DDLANGUAGE>
    <DOMNAME>STRING</DOMNAME>
    <HEADLEN>55</HEADLEN>
    <SCRLEN1>10</SCRLEN1>
    <SCRLEN2>20</SCRLEN2>
    <SCRLEN3>40</SCRLEN3>
    <DDTEXT>Jump String in Format TRANSACTION?PAR1=VAL1&amp;PAR2=VAL2</DDTEXT>
    <REPTEXT>Jump String in Format TRANSACTION?PAR1=VAL1&amp;PAR2=VAL2</REPTEXT>
    <SCRTEXT_S>TRN?P1=V1</SCRTEXT_S>
    <SCRTEXT_M>TRN?P1=V1&amp;P2=V2</SCRTEXT_M>
    <SCRTEXT_L>Jump TRN?PAR1=VAL1&amp;PAR2=VAL2</SCRTEXT_L>
    <DTELMASTER>D</DTELMASTER>
    <REFKIND>D</REFKIND>
   </DD04V>
   <I18N_LANGS>
    <LANGU>D</LANGU>
   </I18N_LANGS>
   <DD04_TEXTS>
    <item>
     <DDLANGUAGE>D</DDLANGUAGE>
     <DDTEXT>Jump String im Format TRANSAKTION?PAR1=VAL1&amp;PAR2=VAL2</DDTEXT>
     <REPTEXT>Jump String im Format TRANSAKTION?PAR1=VAL1&amp;PAR2=VAL2</REPTEXT>
     <SCRTEXT_S>TRN?P1=V1</SCRTEXT_S>
     <SCRTEXT_M>TRN?P1=V1&amp;P2=V2</SCRTEXT_M>
     <SCRTEXT_L>Jump TRN?PAR1=VAL1&amp;PAR2=VAL2</SCRTEXT_L>
    </item>
   </DD04_TEXTS>
  </asx:values>
 </asx:abap>
</abapGit>
