﻿<?xml version="1.0" encoding="utf-8"?>
<abapGit version="v1.0.0" serializer="LCL_OBJECT_DTEL" serializer_version="v1.0.0">
 <asx:abap xmlns:asx="http://www.sap.com/abapxml" version="1.0">
  <asx:values>
   <DD04V>
    <ROLLNAME>ZNCA_NUM_0100</ROLLNAME>
    <DDLANGUAGE>E</DDLANGUAGE>
    <DOMNAME>ZNCA_NUM_0100</DOMNAME>
    <HEADLEN>37</HEADLEN>
    <SCRLEN1>10</SCRLEN1>
    <SCRLEN2>20</SCRLEN2>
    <SCRLEN3>37</SCRLEN3>
    <DDTEXT>Numeric Field with Length 1 Decimal 0</DDTEXT>
    <REPTEXT>Numeric Field with Length 1 Decimal 0</REPTEXT>
    <SCRTEXT_S>Numeric Fi</SCRTEXT_S>
    <SCRTEXT_M>Numeric Field with L</SCRTEXT_M>
    <SCRTEXT_L>Numeric Field with Length 1 Decimal 0</SCRTEXT_L>
    <DTELMASTER>E</DTELMASTER>
    <REFKIND>D</REFKIND>
   </DD04V>
  </asx:values>
 </asx:abap>
</abapGit>
