﻿<?xml version="1.0" encoding="utf-8"?>
<abapGit version="v1.0.0" serializer="LCL_OBJECT_SHLP" serializer_version="v1.0.0">
 <asx:abap xmlns:asx="http://www.sap.com/abapxml" version="1.0">
  <asx:values>
   <DD30V>
    <SHLPNAME>ZNCA_NCA_UIBB_SHLP</SHLPNAME>
    <DDLANGUAGE>E</DDLANGUAGE>
    <DDTEXT>NCA UIBBs</DDTEXT>
    <ISSIMPLE>X</ISSIMPLE>
    <SELMETHOD>Z_NCA_APP_UIBB</SELMETHOD>
    <SELMTYPE>V</SELMTYPE>
    <DIALOGTYPE>D</DIALOGTYPE>
    <FUZZY_SIMILARITY>0.8</FUZZY_SIMILARITY>
   </DD30V>
   <DD32P_TABLE>
    <DD32P>
     <SHLPNAME>ZNCA_NCA_UIBB_SHLP</SHLPNAME>
     <FIELDNAME>CLASS_NAME</FIELDNAME>
     <FLPOSITION>0001</FLPOSITION>
     <ROLLNAME>KLASSE_D</ROLLNAME>
     <SHLPINPUT>X</SHLPINPUT>
     <SHLPOUTPUT>X</SHLPOUTPUT>
     <SHLPSELPOS>01</SHLPSELPOS>
     <SHLPLISPOS>01</SHLPLISPOS>
     <SCRLEN3>20</SCRLEN3>
    </DD32P>
    <DD32P>
     <SHLPNAME>ZNCA_NCA_UIBB_SHLP</SHLPNAME>
     <FIELDNAME>TITLE</FIELDNAME>
     <FLPOSITION>0002</FLPOSITION>
     <ROLLNAME>ZNCA_APP_DESCR</ROLLNAME>
     <SHLPINPUT>X</SHLPINPUT>
     <SHLPOUTPUT>X</SHLPOUTPUT>
     <SHLPSELPOS>02</SHLPSELPOS>
     <SHLPLISPOS>02</SHLPLISPOS>
     <SCRLEN3>14</SCRLEN3>
    </DD32P>
    <DD32P>
     <SHLPNAME>ZNCA_NCA_UIBB_SHLP</SHLPNAME>
     <FIELDNAME>NCA_UIBB_ID</FIELDNAME>
     <FLPOSITION>0003</FLPOSITION>
     <ROLLNAME>ZNCA_UIBB_ID</ROLLNAME>
     <SHLPINPUT>X</SHLPINPUT>
     <SHLPOUTPUT>X</SHLPOUTPUT>
     <SHLPSELPOS>03</SHLPSELPOS>
     <SHLPLISPOS>03</SHLPLISPOS>
     <SCRLEN3>20</SCRLEN3>
    </DD32P>
    <DD32P>
     <SHLPNAME>ZNCA_NCA_UIBB_SHLP</SHLPNAME>
     <FIELDNAME>NCA_APP_ID</FIELDNAME>
     <FLPOSITION>0004</FLPOSITION>
     <ROLLNAME>ZNCA_APP_ID</ROLLNAME>
     <SHLPOUTPUT>X</SHLPOUTPUT>
     <SHLPSELPOS>04</SHLPSELPOS>
     <SHLPLISPOS>04</SHLPLISPOS>
     <SCRLEN3>20</SCRLEN3>
    </DD32P>
    <DD32P>
     <SHLPNAME>ZNCA_NCA_UIBB_SHLP</SHLPNAME>
     <FIELDNAME>CLASS_TYPE</FIELDNAME>
     <FLPOSITION>0005</FLPOSITION>
     <ROLLNAME>KLASSENART</ROLLNAME>
     <SHLPOUTPUT>X</SHLPOUTPUT>
     <SHLPSELPOS>05</SHLPSELPOS>
     <SHLPLISPOS>05</SHLPLISPOS>
     <SCRLEN3>20</SCRLEN3>
    </DD32P>
    <DD32P>
     <SHLPNAME>ZNCA_NCA_UIBB_SHLP</SHLPNAME>
     <FIELDNAME>UIBB_TYPE</FIELDNAME>
     <FLPOSITION>0006</FLPOSITION>
     <ROLLNAME>ZNCA_UIBB_TYPE</ROLLNAME>
     <SHLPOUTPUT>X</SHLPOUTPUT>
     <SHLPSELPOS>06</SHLPSELPOS>
     <SHLPLISPOS>06</SHLPLISPOS>
     <SCRLEN3>12</SCRLEN3>
    </DD32P>
   </DD32P_TABLE>
  </asx:values>
 </asx:abap>
</abapGit>
