﻿<?xml version="1.0" encoding="utf-8"?>
<abapGit version="v1.0.0" serializer="LCL_OBJECT_DTEL" serializer_version="v1.0.0">
 <asx:abap xmlns:asx="http://www.sap.com/abapxml" version="1.0">
  <asx:values>
   <DD04V>
    <ROLLNAME>ZNCA_SEARCH_AUTO_REFRESH</ROLLNAME>
    <DDLANGUAGE>E</DDLANGUAGE>
    <DOMNAME>XFELD</DOMNAME>
    <HEADLEN>24</HEADLEN>
    <SCRLEN1>10</SCRLEN1>
    <SCRLEN2>20</SCRLEN2>
    <SCRLEN3>24</SCRLEN3>
    <DDTEXT>Automatic Search Refresh</DDTEXT>
    <REPTEXT>Automatic Search Refresh</REPTEXT>
    <SCRTEXT_S>Search Ref</SCRTEXT_S>
    <SCRTEXT_M>Automatic Search Ref</SCRTEXT_M>
    <SCRTEXT_L>Automatic Search Refresh</SCRTEXT_L>
    <DTELMASTER>E</DTELMASTER>
    <REFKIND>D</REFKIND>
   </DD04V>
   <I18N_LANGS>
    <LANGU>D</LANGU>
   </I18N_LANGS>
   <DD04_TEXTS>
    <item>
     <DDLANGUAGE>D</DDLANGUAGE>
     <DDTEXT>Suche autom. aktualisieren</DDTEXT>
     <REPTEXT>Suche autom. aktualisier</REPTEXT>
     <SCRTEXT_S>Suche auto</SCRTEXT_S>
     <SCRTEXT_M>Suche autom. aktuali</SCRTEXT_M>
     <SCRTEXT_L>Suche autom. aktualisier</SCRTEXT_L>
    </item>
   </DD04_TEXTS>
  </asx:values>
 </asx:abap>
</abapGit>
