﻿<?xml version="1.0" encoding="utf-8"?>
<abapGit version="v1.0.0" serializer="LCL_OBJECT_DTEL" serializer_version="v1.0.0">
 <asx:abap xmlns:asx="http://www.sap.com/abapxml" version="1.0">
  <asx:values>
   <DD04V>
    <ROLLNAME>ZNCA_DATE</ROLLNAME>
    <DDLANGUAGE>E</DDLANGUAGE>
    <DOMNAME>ZNCA_DATE</DOMNAME>
    <HEADLEN>10</HEADLEN>
    <SCRLEN1>10</SCRLEN1>
    <SCRLEN2>15</SCRLEN2>
    <SCRLEN3>20</SCRLEN3>
    <DDTEXT>Date Field</DDTEXT>
    <REPTEXT>Date Field</REPTEXT>
    <SCRTEXT_S>Date Field</SCRTEXT_S>
    <SCRTEXT_M>Date Field</SCRTEXT_M>
    <SCRTEXT_L>Date Field</SCRTEXT_L>
    <DTELMASTER>E</DTELMASTER>
    <REFKIND>D</REFKIND>
   </DD04V>
   <I18N_LANGS>
    <LANGU>D</LANGU>
   </I18N_LANGS>
   <DD04_TEXTS>
    <item>
     <DDLANGUAGE>D</DDLANGUAGE>
     <DDTEXT>Date Field</DDTEXT>
     <REPTEXT>Date Field</REPTEXT>
     <SCRTEXT_S>Date Field</SCRTEXT_S>
     <SCRTEXT_M>Date Field</SCRTEXT_M>
     <SCRTEXT_L>Date Field</SCRTEXT_L>
    </item>
   </DD04_TEXTS>
  </asx:values>
 </asx:abap>
</abapGit>
