﻿<?xml version="1.0" encoding="utf-8"?>
<abapGit version="v1.0.0" serializer="LCL_OBJECT_DTEL" serializer_version="v1.0.0">
 <asx:abap xmlns:asx="http://www.sap.com/abapxml" version="1.0">
  <asx:values>
   <DD04V>
    <ROLLNAME>ZNCA_COMP_MIN</ROLLNAME>
    <DDLANGUAGE>E</DDLANGUAGE>
    <DOMNAME>INT4</DOMNAME>
    <HEADLEN>14</HEADLEN>
    <SCRLEN1>10</SCRLEN1>
    <SCRLEN2>14</SCRLEN2>
    <SCRLEN3>14</SCRLEN3>
    <DDTEXT>Minimum input</DDTEXT>
    <REPTEXT>Minimum input</REPTEXT>
    <SCRTEXT_S>Min In</SCRTEXT_S>
    <SCRTEXT_M>Minimum input</SCRTEXT_M>
    <SCRTEXT_L>Minimum input</SCRTEXT_L>
    <DTELMASTER>E</DTELMASTER>
    <REFKIND>D</REFKIND>
   </DD04V>
   <I18N_LANGS>
    <LANGU>D</LANGU>
   </I18N_LANGS>
   <DD04_TEXTS>
    <item>
     <DDLANGUAGE>D</DDLANGUAGE>
     <DDTEXT>fMinimum Eingabe</DDTEXT>
     <REPTEXT>fMinimum Einga</REPTEXT>
     <SCRTEXT_S>Min Eigabe</SCRTEXT_S>
     <SCRTEXT_M>fMinimum Einga</SCRTEXT_M>
     <SCRTEXT_L>fMinimum Einga</SCRTEXT_L>
    </item>
   </DD04_TEXTS>
  </asx:values>
 </asx:abap>
</abapGit>
