﻿<?xml version="1.0" encoding="utf-8"?>
<abapGit version="v1.0.0" serializer="LCL_OBJECT_DTEL" serializer_version="v1.0.0">
 <asx:abap xmlns:asx="http://www.sap.com/abapxml" version="1.0">
  <asx:values>
   <DD04V>
    <ROLLNAME>ZNCA_TIME</ROLLNAME>
    <DDLANGUAGE>E</DDLANGUAGE>
    <DOMNAME>ZNCA_TIME</DOMNAME>
    <HEADLEN>10</HEADLEN>
    <SCRLEN1>10</SCRLEN1>
    <SCRLEN2>15</SCRLEN2>
    <SCRLEN3>20</SCRLEN3>
    <DDTEXT>Time Field</DDTEXT>
    <REPTEXT>Time Field</REPTEXT>
    <SCRTEXT_S>Time Field</SCRTEXT_S>
    <SCRTEXT_M>Time Field</SCRTEXT_M>
    <SCRTEXT_L>Time Field</SCRTEXT_L>
    <DTELMASTER>E</DTELMASTER>
    <REFKIND>D</REFKIND>
   </DD04V>
   <I18N_LANGS>
    <LANGU>D</LANGU>
   </I18N_LANGS>
   <DD04_TEXTS>
    <item>
     <DDLANGUAGE>D</DDLANGUAGE>
     <DDTEXT>Time Field</DDTEXT>
     <REPTEXT>Time Field</REPTEXT>
     <SCRTEXT_S>Time Field</SCRTEXT_S>
     <SCRTEXT_M>Time Field</SCRTEXT_M>
     <SCRTEXT_L>Time Field</SCRTEXT_L>
    </item>
   </DD04_TEXTS>
  </asx:values>
 </asx:abap>
</abapGit>
