﻿<?xml version="1.0" encoding="utf-8"?>
<abapGit version="v1.0.0" serializer="LCL_OBJECT_DTEL" serializer_version="v1.0.0">
 <asx:abap xmlns:asx="http://www.sap.com/abapxml" version="1.0">
  <asx:values>
   <DD04V>
    <ROLLNAME>ZNCA_COMP_SEARCH_OUT</ROLLNAME>
    <DDLANGUAGE>E</DDLANGUAGE>
    <DOMNAME>BOOLE</DOMNAME>
    <HEADLEN>18</HEADLEN>
    <SCRLEN1>10</SCRLEN1>
    <SCRLEN2>18</SCRLEN2>
    <SCRLEN3>18</SCRLEN3>
    <DDTEXT>Search Result</DDTEXT>
    <REPTEXT>Search Result</REPTEXT>
    <SCRTEXT_S>Search Res</SCRTEXT_S>
    <SCRTEXT_M>Search Result</SCRTEXT_M>
    <SCRTEXT_L>Search Result</SCRTEXT_L>
    <DTELMASTER>E</DTELMASTER>
    <REFKIND>D</REFKIND>
   </DD04V>
   <I18N_LANGS>
    <LANGU>D</LANGU>
   </I18N_LANGS>
   <DD04_TEXTS>
    <item>
     <DDLANGUAGE>D</DDLANGUAGE>
     <DDTEXT>Suchergebnis</DDTEXT>
     <REPTEXT>Suchergebnis</REPTEXT>
     <SCRTEXT_S>Suchergebn</SCRTEXT_S>
     <SCRTEXT_M>Suchergebnis</SCRTEXT_M>
     <SCRTEXT_L>Suchergebnis</SCRTEXT_L>
    </item>
   </DD04_TEXTS>
  </asx:values>
 </asx:abap>
</abapGit>
