﻿<?xml version="1.0" encoding="utf-8"?>
<abapGit version="v1.0.0" serializer="LCL_OBJECT_DTEL" serializer_version="v1.0.0">
 <asx:abap xmlns:asx="http://www.sap.com/abapxml" version="1.0">
  <asx:values>
   <DD04V>
    <ROLLNAME>ZNCA_DATE_INTERVAL</ROLLNAME>
    <DDLANGUAGE>E</DDLANGUAGE>
    <DOMNAME>ZNCA_DATE_INTERVAL</DOMNAME>
    <HEADLEN>13</HEADLEN>
    <SCRLEN1>10</SCRLEN1>
    <SCRLEN2>15</SCRLEN2>
    <SCRLEN3>20</SCRLEN3>
    <DDTEXT>Date Interval</DDTEXT>
    <REPTEXT>Date Interval</REPTEXT>
    <SCRTEXT_S>Date Inter</SCRTEXT_S>
    <SCRTEXT_M>Date Interval</SCRTEXT_M>
    <SCRTEXT_L>Date Interval</SCRTEXT_L>
    <DTELMASTER>E</DTELMASTER>
    <REFKIND>D</REFKIND>
   </DD04V>
   <I18N_LANGS>
    <LANGU>D</LANGU>
   </I18N_LANGS>
   <DD04_TEXTS>
    <item>
     <DDLANGUAGE>D</DDLANGUAGE>
     <DDTEXT>Datums Intervall</DDTEXT>
     <REPTEXT>Datums Interv</REPTEXT>
     <SCRTEXT_S>Datums Int</SCRTEXT_S>
     <SCRTEXT_M>Datums Interval</SCRTEXT_M>
     <SCRTEXT_L>Datums Intervall</SCRTEXT_L>
    </item>
   </DD04_TEXTS>
  </asx:values>
 </asx:abap>
</abapGit>
