﻿<?xml version="1.0" encoding="utf-8"?>
<abapGit version="v1.0.0" serializer="LCL_OBJECT_DTEL" serializer_version="v1.0.0">
 <asx:abap xmlns:asx="http://www.sap.com/abapxml" version="1.0">
  <asx:values>
   <DD04V>
    <ROLLNAME>ZNCA_SEARCH_SCREEN</ROLLNAME>
    <DDLANGUAGE>E</DDLANGUAGE>
    <DOMNAME>ZNCA_SEARCH_SCREEN</DOMNAME>
    <HEADLEN>19</HEADLEN>
    <SCRLEN1>10</SCRLEN1>
    <SCRLEN2>19</SCRLEN2>
    <SCRLEN3>19</SCRLEN3>
    <DDTEXT>Search Screen</DDTEXT>
    <REPTEXT>Search Screen</REPTEXT>
    <SCRTEXT_S>Search Scr</SCRTEXT_S>
    <SCRTEXT_M>Search Screen</SCRTEXT_M>
    <SCRTEXT_L>Search Screen</SCRTEXT_L>
    <DTELMASTER>E</DTELMASTER>
    <REFKIND>D</REFKIND>
   </DD04V>
   <I18N_LANGS>
    <LANGU>D</LANGU>
   </I18N_LANGS>
   <DD04_TEXTS>
    <item>
     <DDLANGUAGE>D</DDLANGUAGE>
     <DDTEXT>Suche</DDTEXT>
     <REPTEXT>Suche</REPTEXT>
     <SCRTEXT_S>Suche</SCRTEXT_S>
     <SCRTEXT_M>Suche</SCRTEXT_M>
     <SCRTEXT_L>Suche</SCRTEXT_L>
    </item>
   </DD04_TEXTS>
  </asx:values>
 </asx:abap>
</abapGit>
