﻿<?xml version="1.0" encoding="utf-8"?>
<abapGit version="v1.0.0" serializer="LCL_OBJECT_DTEL" serializer_version="v1.0.0">
 <asx:abap xmlns:asx="http://www.sap.com/abapxml" version="1.0">
  <asx:values>
   <DD04V>
    <ROLLNAME>ZNCA_SECTION_CONFIG</ROLLNAME>
    <DDLANGUAGE>E</DDLANGUAGE>
    <DOMNAME>ZNCA_SECTION_CONFIG</DOMNAME>
    <HEADLEN>21</HEADLEN>
    <SCRLEN1>10</SCRLEN1>
    <SCRLEN2>20</SCRLEN2>
    <SCRLEN3>21</SCRLEN3>
    <DDTEXT>Section Configuration</DDTEXT>
    <REPTEXT>Section Configuration</REPTEXT>
    <SCRTEXT_S>Section Co</SCRTEXT_S>
    <SCRTEXT_M>Section Configuratio</SCRTEXT_M>
    <SCRTEXT_L>Section Configuration</SCRTEXT_L>
    <DTELMASTER>E</DTELMASTER>
    <REFKIND>D</REFKIND>
   </DD04V>
  </asx:values>
 </asx:abap>
</abapGit>
