﻿<?xml version="1.0" encoding="utf-8"?>
<abapGit version="v1.0.0" serializer="LCL_OBJECT_SUSO" serializer_version="v1.0.0">
 <asx:abap xmlns:asx="http://www.sap.com/abapxml" version="1.0">
  <asx:values>
   <TOBJ>
    <OBJCT>ZNCA_CFG</OBJCT>
    <FIEL1>ACTVT</FIEL1>
    <FIEL2>ZNCA_APP</FIEL2>
    <OCLSS>ZNCA</OCLSS>
   </TOBJ>
   <TOBJT>
    <LANGU>E</LANGU>
    <OBJECT>ZNCA_CFG</OBJECT>
    <TTEXT>Configurator</TTEXT>
   </TOBJT>
   <TOBJVORFLG>
    <OBJCT>ZNCA_CFG</OBJCT>
   </TOBJVORFLG>
   <TACTZ>
    <TACTZ>
     <BROBJ>ZNCA_CFG</BROBJ>
     <ACTVT>01</ACTVT>
    </TACTZ>
    <TACTZ>
     <BROBJ>ZNCA_CFG</BROBJ>
     <ACTVT>02</ACTVT>
    </TACTZ>
    <TACTZ>
     <BROBJ>ZNCA_CFG</BROBJ>
     <ACTVT>03</ACTVT>
    </TACTZ>
    <TACTZ>
     <BROBJ>ZNCA_CFG</BROBJ>
     <ACTVT>06</ACTVT>
    </TACTZ>
   </TACTZ>
  </asx:values>
 </asx:abap>
</abapGit>
