﻿<?xml version="1.0" encoding="utf-8"?>
<abapGit version="v1.0.0" serializer="LCL_OBJECT_DOMA" serializer_version="v1.0.0">
 <asx:abap xmlns:asx="http://www.sap.com/abapxml" version="1.0">
  <asx:values>
   <DD01V>
    <DOMNAME>ZNCA_SECTION_ID</DOMNAME>
    <DDLANGUAGE>E</DDLANGUAGE>
    <DATATYPE>CHAR</DATATYPE>
    <LENG>000020</LENG>
    <OUTPUTLEN>000020</OUTPUTLEN>
    <VALEXI>X</VALEXI>
    <DDTEXT>Section ID</DDTEXT>
   </DD01V>
   <DD07V_TAB>
    <DD07V>
     <DOMNAME>ZNCA_SECTION_ID</DOMNAME>
     <VALPOS>0001</VALPOS>
     <DDLANGUAGE>E</DDLANGUAGE>
     <DOMVALUE_L>SECTION_1</DOMVALUE_L>
     <DDTEXT>Section 1</DDTEXT>
    </DD07V>
    <DD07V>
     <DOMNAME>ZNCA_SECTION_ID</DOMNAME>
     <VALPOS>0002</VALPOS>
     <DDLANGUAGE>E</DDLANGUAGE>
     <DOMVALUE_L>SECTION_2</DOMVALUE_L>
     <DDTEXT>Section 2</DDTEXT>
    </DD07V>
    <DD07V>
     <DOMNAME>ZNCA_SECTION_ID</DOMNAME>
     <VALPOS>0003</VALPOS>
     <DDLANGUAGE>E</DDLANGUAGE>
     <DOMVALUE_L>SECTION_3</DOMVALUE_L>
     <DDTEXT>Section 3</DDTEXT>
    </DD07V>
    <DD07V>
     <DOMNAME>ZNCA_SECTION_ID</DOMNAME>
     <VALPOS>0004</VALPOS>
     <DDLANGUAGE>E</DDLANGUAGE>
     <DOMVALUE_L>SECTION_4</DOMVALUE_L>
     <DDTEXT>Section 4</DDTEXT>
    </DD07V>
    <DD07V>
     <DOMNAME>ZNCA_SECTION_ID</DOMNAME>
     <VALPOS>0005</VALPOS>
     <DDLANGUAGE>E</DDLANGUAGE>
     <DOMVALUE_L>SECTION_5</DOMVALUE_L>
     <DDTEXT>Section 5</DDTEXT>
    </DD07V>
    <DD07V>
     <DOMNAME>ZNCA_SECTION_ID</DOMNAME>
     <VALPOS>0006</VALPOS>
     <DDLANGUAGE>E</DDLANGUAGE>
     <DOMVALUE_L>SECTION_6</DOMVALUE_L>
     <DDTEXT>Section 6</DDTEXT>
    </DD07V>
    <DD07V>
     <DOMNAME>ZNCA_SECTION_ID</DOMNAME>
     <VALPOS>0007</VALPOS>
     <DDLANGUAGE>E</DDLANGUAGE>
     <DOMVALUE_L>SECTION_7</DOMVALUE_L>
     <DDTEXT>Section 7</DDTEXT>
    </DD07V>
    <DD07V>
     <DOMNAME>ZNCA_SECTION_ID</DOMNAME>
     <VALPOS>0008</VALPOS>
     <DDLANGUAGE>E</DDLANGUAGE>
     <DOMVALUE_L>SECTION_8</DOMVALUE_L>
     <DDTEXT>Section 8</DDTEXT>
    </DD07V>
    <DD07V>
     <DOMNAME>ZNCA_SECTION_ID</DOMNAME>
     <VALPOS>0009</VALPOS>
     <DDLANGUAGE>E</DDLANGUAGE>
     <DOMVALUE_L>SECTION_9</DOMVALUE_L>
     <DDTEXT>Section 9</DDTEXT>
    </DD07V>
   </DD07V_TAB>
  </asx:values>
 </asx:abap>
</abapGit>
