﻿<?xml version="1.0" encoding="utf-8"?>
<abapGit version="v1.0.0" serializer="LCL_OBJECT_DTEL" serializer_version="v1.0.0">
 <asx:abap xmlns:asx="http://www.sap.com/abapxml" version="1.0">
  <asx:values>
   <DD04V>
    <ROLLNAME>ZNCA_CHAR_25</ROLLNAME>
    <DDLANGUAGE>E</DDLANGUAGE>
    <DOMNAME>ZNCA_CHAR_25</DOMNAME>
    <HEADLEN>24</HEADLEN>
    <SCRLEN1>10</SCRLEN1>
    <SCRLEN2>20</SCRLEN2>
    <SCRLEN3>24</SCRLEN3>
    <DDTEXT>Character Field Length 25</DDTEXT>
    <REPTEXT>Character Field Length 6</REPTEXT>
    <SCRTEXT_S>Character</SCRTEXT_S>
    <SCRTEXT_M>Character Field Leng</SCRTEXT_M>
    <SCRTEXT_L>Character Field Length 6</SCRTEXT_L>
    <DTELMASTER>E</DTELMASTER>
    <REFKIND>D</REFKIND>
   </DD04V>
  </asx:values>
 </asx:abap>
</abapGit>
