﻿<?xml version="1.0" encoding="utf-8"?>
<abapGit version="v1.0.0" serializer="LCL_OBJECT_DTEL" serializer_version="v1.0.0">
 <asx:abap xmlns:asx="http://www.sap.com/abapxml" version="1.0">
  <asx:values>
   <DD04V>
    <ROLLNAME>ZNCA_APP_DISABLE</ROLLNAME>
    <DDLANGUAGE>E</DDLANGUAGE>
    <DOMNAME>XFELD</DOMNAME>
    <HEADLEN>30</HEADLEN>
    <SCRLEN1>10</SCRLEN1>
    <SCRLEN2>20</SCRLEN2>
    <SCRLEN3>30</SCRLEN3>
    <DDTEXT>Configuration Disabled</DDTEXT>
    <REPTEXT>Configuration Disabled</REPTEXT>
    <SCRTEXT_S>CFG Disabl</SCRTEXT_S>
    <SCRTEXT_M>Config. Disabled</SCRTEXT_M>
    <SCRTEXT_L>Configuration Disabled</SCRTEXT_L>
    <DTELMASTER>E</DTELMASTER>
    <REFKIND>D</REFKIND>
   </DD04V>
   <I18N_LANGS>
    <LANGU>D</LANGU>
   </I18N_LANGS>
   <DD04_TEXTS>
    <item>
     <DDLANGUAGE>D</DDLANGUAGE>
     <DDTEXT>Konfiguration deaktivert</DDTEXT>
     <REPTEXT>Konfig. deaktivert</REPTEXT>
     <SCRTEXT_S>Deaktivier</SCRTEXT_S>
     <SCRTEXT_M>Konfig. deaktivert</SCRTEXT_M>
     <SCRTEXT_L>Konfig. deaktivert</SCRTEXT_L>
    </item>
   </DD04_TEXTS>
  </asx:values>
 </asx:abap>
</abapGit>
