﻿<?xml version="1.0" encoding="utf-8"?>
<abapGit version="v1.0.0" serializer="LCL_OBJECT_DOMA" serializer_version="v1.0.0">
 <asx:abap xmlns:asx="http://www.sap.com/abapxml" version="1.0">
  <asx:values>
   <DD01V>
    <DOMNAME>ZNCA_BRF_TRACE_MODE</DOMNAME>
    <DDLANGUAGE>E</DDLANGUAGE>
    <DATATYPE>CHAR</DATATYPE>
    <LENG>000001</LENG>
    <OUTPUTLEN>000001</OUTPUTLEN>
    <VALEXI>X</VALEXI>
    <DDTEXT>FDT: Trace Mode</DDTEXT>
   </DD01V>
   <DD07V_TAB>
    <DD07V>
     <DOMNAME>ZNCA_BRF_TRACE_MODE</DOMNAME>
     <VALPOS>0001</VALPOS>
     <DDLANGUAGE>E</DDLANGUAGE>
     <DOMVALUE_L>T</DOMVALUE_L>
     <DDTEXT>Technical</DDTEXT>
    </DD07V>
    <DD07V>
     <DOMNAME>ZNCA_BRF_TRACE_MODE</DOMNAME>
     <VALPOS>0002</VALPOS>
     <DDLANGUAGE>E</DDLANGUAGE>
     <DOMVALUE_L>L</DOMVALUE_L>
     <DDTEXT>Lean</DDTEXT>
    </DD07V>
    <DD07V>
     <DOMNAME>ZNCA_BRF_TRACE_MODE</DOMNAME>
     <VALPOS>0003</VALPOS>
     <DDLANGUAGE>E</DDLANGUAGE>
     <DOMVALUE_L>R</DOMVALUE_L>
     <DDTEXT>Lean Trace Required</DDTEXT>
    </DD07V>
    <DD07V>
     <DOMNAME>ZNCA_BRF_TRACE_MODE</DOMNAME>
     <VALPOS>0004</VALPOS>
     <DDLANGUAGE>E</DDLANGUAGE>
     <DOMVALUE_L>0</DOMVALUE_L>
     <DDTEXT>Trace Function, Result, Context</DDTEXT>
    </DD07V>
    <DD07V>
     <DOMNAME>ZNCA_BRF_TRACE_MODE</DOMNAME>
     <VALPOS>0005</VALPOS>
     <DDLANGUAGE>E</DDLANGUAGE>
     <DOMVALUE_L>1</DOMVALUE_L>
     <DDTEXT>Trace Function, Context, Result, Expr. , no other values</DDTEXT>
    </DD07V>
    <DD07V>
     <DOMNAME>ZNCA_BRF_TRACE_MODE</DOMNAME>
     <VALPOS>0006</VALPOS>
     <DDLANGUAGE>E</DDLANGUAGE>
     <DOMVALUE_L>2</DOMVALUE_L>
     <DDTEXT>Trace Fct., Context, Result, Expr., Values up to 10 Lines</DDTEXT>
    </DD07V>
    <DD07V>
     <DOMNAME>ZNCA_BRF_TRACE_MODE</DOMNAME>
     <VALPOS>0007</VALPOS>
     <DDLANGUAGE>E</DDLANGUAGE>
     <DOMVALUE_L>3</DOMVALUE_L>
     <DDTEXT>Trace Fct., Context, Result, Expr., Values up to 100 Lines</DDTEXT>
    </DD07V>
    <DD07V>
     <DOMNAME>ZNCA_BRF_TRACE_MODE</DOMNAME>
     <VALPOS>0008</VALPOS>
     <DDLANGUAGE>E</DDLANGUAGE>
     <DOMVALUE_L>4</DOMVALUE_L>
     <DDTEXT>Trace Fct., Context, Result, Expr., Values up to 1000 Lines</DDTEXT>
    </DD07V>
    <DD07V>
     <DOMNAME>ZNCA_BRF_TRACE_MODE</DOMNAME>
     <VALPOS>0009</VALPOS>
     <DDLANGUAGE>E</DDLANGUAGE>
     <DOMVALUE_L>5</DOMVALUE_L>
     <DDTEXT>Trace Fct., Context, Result, Expr., all Values completely</DDTEXT>
    </DD07V>
    <DD07V>
     <DOMNAME>ZNCA_BRF_TRACE_MODE</DOMNAME>
     <VALPOS>0010</VALPOS>
     <DDLANGUAGE>E</DDLANGUAGE>
     <DDTEXT>Disabled</DDTEXT>
    </DD07V>
   </DD07V_TAB>
   <I18N_LANGS>
    <LANGU>D</LANGU>
   </I18N_LANGS>
   <DD01_TEXTS>
    <item>
     <DDLANGUAGE>D</DDLANGUAGE>
     <DDTEXT>FDT: Trace Mode</DDTEXT>
    </item>
   </DD01_TEXTS>
   <DD07_TEXTS>
    <item>
     <VALPOS>0001</VALPOS>
     <DDLANGUAGE>D</DDLANGUAGE>
     <DOMVALUE_L>T</DOMVALUE_L>
     <DDTEXT>Technisch</DDTEXT>
    </item>
    <item>
     <VALPOS>0002</VALPOS>
     <DDLANGUAGE>D</DDLANGUAGE>
     <DOMVALUE_L>L</DOMVALUE_L>
     <DDTEXT>Einfach</DDTEXT>
    </item>
    <item>
     <VALPOS>0003</VALPOS>
     <DDLANGUAGE>D</DDLANGUAGE>
     <DOMVALUE_L>R</DOMVALUE_L>
     <DDTEXT>Lean Trace erforderlich</DDTEXT>
    </item>
    <item>
     <VALPOS>0004</VALPOS>
     <DDLANGUAGE>D</DDLANGUAGE>
     <DOMVALUE_L>0</DOMVALUE_L>
     <DDTEXT>Trace-Funktion, Ergebnis, Kontext</DDTEXT>
    </item>
    <item>
     <VALPOS>0005</VALPOS>
     <DDLANGUAGE>D</DDLANGUAGE>
     <DOMVALUE_L>1</DOMVALUE_L>
     <DDTEXT>Trace-Funkt., Kontext, Ergebnis, Ausdr., keine anderen Werte</DDTEXT>
    </item>
    <item>
     <VALPOS>0006</VALPOS>
     <DDLANGUAGE>D</DDLANGUAGE>
     <DOMVALUE_L>2</DOMVALUE_L>
     <DDTEXT>Trace-Funkt., Kontext, Ergebn., Ausdr., Werte bis 10 Zeilen</DDTEXT>
    </item>
    <item>
     <VALPOS>0007</VALPOS>
     <DDLANGUAGE>D</DDLANGUAGE>
     <DOMVALUE_L>3</DOMVALUE_L>
     <DDTEXT>Trace-Funkt., Kontext, Ergebn., Ausdr., Werte bis 100 Zeilen</DDTEXT>
    </item>
    <item>
     <VALPOS>0008</VALPOS>
     <DDLANGUAGE>D</DDLANGUAGE>
     <DOMVALUE_L>4</DOMVALUE_L>
     <DDTEXT>Trace-Funkt., Kontext, Ergebn., Ausdr., Werte b. 1000 Zeilen</DDTEXT>
    </item>
    <item>
     <VALPOS>0009</VALPOS>
     <DDLANGUAGE>D</DDLANGUAGE>
     <DOMVALUE_L>5</DOMVALUE_L>
     <DDTEXT>Trace-Funkt., Kontext, Ergebn., Ausdr., alle Werte komplett</DDTEXT>
    </item>
    <item>
     <VALPOS>0010</VALPOS>
     <DDLANGUAGE>D</DDLANGUAGE>
     <DDTEXT>Deaktiviert</DDTEXT>
    </item>
   </DD07_TEXTS>
  </asx:values>
 </asx:abap>
</abapGit>
