﻿<?xml version="1.0" encoding="utf-8"?>
<abapGit version="v1.0.0" serializer="LCL_OBJECT_DTEL" serializer_version="v1.0.0">
 <asx:abap xmlns:asx="http://www.sap.com/abapxml" version="1.0">
  <asx:values>
   <DD04V>
    <ROLLNAME>ZNCA_NUMC6</ROLLNAME>
    <DDLANGUAGE>E</DDLANGUAGE>
    <HEADLEN>07</HEADLEN>
    <SCRLEN1>07</SCRLEN1>
    <SCRLEN2>07</SCRLEN2>
    <SCRLEN3>07</SCRLEN3>
    <DDTEXT>Numc 06</DDTEXT>
    <REPTEXT>Numc 06</REPTEXT>
    <SCRTEXT_S>Numc 06</SCRTEXT_S>
    <SCRTEXT_M>Numc 06</SCRTEXT_M>
    <SCRTEXT_L>Numc 06</SCRTEXT_L>
    <DTELMASTER>E</DTELMASTER>
    <DATATYPE>NUMC</DATATYPE>
    <LENG>000006</LENG>
    <OUTPUTLEN>000006</OUTPUTLEN>
   </DD04V>
   <I18N_LANGS>
    <LANGU>D</LANGU>
   </I18N_LANGS>
   <DD04_TEXTS>
    <item>
     <DDLANGUAGE>D</DDLANGUAGE>
     <DDTEXT>Numc 06</DDTEXT>
     <REPTEXT>Numc 06</REPTEXT>
     <SCRTEXT_S>Numc 06</SCRTEXT_S>
     <SCRTEXT_M>Numc 06</SCRTEXT_M>
     <SCRTEXT_L>Numc 06</SCRTEXT_L>
    </item>
   </DD04_TEXTS>
  </asx:values>
 </asx:abap>
</abapGit>
