﻿<?xml version="1.0" encoding="utf-8"?>
<abapGit version="v1.0.0" serializer="LCL_OBJECT_SUSO" serializer_version="v1.0.0">
 <asx:abap xmlns:asx="http://www.sap.com/abapxml" version="1.0">
  <asx:values>
   <TOBJ>
    <OBJCT>ZNCA_ACT</OBJCT>
    <FIEL1>ZNCA_APP</FIEL1>
    <FIEL2>ZNCA_ACT</FIEL2>
    <OCLSS>ZNCA</OCLSS>
   </TOBJ>
   <TOBJT>
    <LANGU>E</LANGU>
    <OBJECT>ZNCA_ACT</OBJECT>
    <TTEXT>Actions in NCA</TTEXT>
   </TOBJT>
   <TOBJVORFLG>
    <OBJCT>ZNCA_ACT</OBJCT>
   </TOBJVORFLG>
  </asx:values>
 </asx:abap>
</abapGit>
