﻿<?xml version="1.0" encoding="utf-8"?>
<abapGit version="v1.0.0" serializer="LCL_OBJECT_DTEL" serializer_version="v1.0.0">
 <asx:abap xmlns:asx="http://www.sap.com/abapxml" version="1.0">
  <asx:values>
   <DD04V>
    <ROLLNAME>ZNCA_COMP_EXT_DATA</ROLLNAME>
    <DDLANGUAGE>E</DDLANGUAGE>
    <DOMNAME>XFELD</DOMNAME>
    <HEADLEN>30</HEADLEN>
    <SCRLEN1>10</SCRLEN1>
    <SCRLEN2>20</SCRLEN2>
    <SCRLEN3>30</SCRLEN3>
    <DDTEXT>External Datahandling</DDTEXT>
    <REPTEXT>External Datahandling</REPTEXT>
    <SCRTEXT_S>Ext. Data</SCRTEXT_S>
    <SCRTEXT_M>External Datahandlin</SCRTEXT_M>
    <SCRTEXT_L>External Datahandling</SCRTEXT_L>
    <DTELMASTER>E</DTELMASTER>
    <REFKIND>D</REFKIND>
   </DD04V>
   <I18N_LANGS>
    <LANGU>D</LANGU>
   </I18N_LANGS>
   <DD04_TEXTS>
    <item>
     <DDLANGUAGE>D</DDLANGUAGE>
     <DDTEXT>Externe Daten</DDTEXT>
     <REPTEXT>Externe Daten</REPTEXT>
     <SCRTEXT_S>Ext. Data</SCRTEXT_S>
     <SCRTEXT_M>Externe Daten</SCRTEXT_M>
     <SCRTEXT_L>Externe Daten</SCRTEXT_L>
    </item>
   </DD04_TEXTS>
  </asx:values>
 </asx:abap>
</abapGit>
