﻿<?xml version="1.0" encoding="utf-8"?>
<abapGit version="v1.0.0" serializer="LCL_OBJECT_DTEL" serializer_version="v1.0.0">
 <asx:abap xmlns:asx="http://www.sap.com/abapxml" version="1.0">
  <asx:values>
   <DD04V>
    <ROLLNAME>ZNCA_CONFIG_LASTUPDATE</ROLLNAME>
    <DDLANGUAGE>E</DDLANGUAGE>
    <DOMNAME>TZNTSTMPS</DOMNAME>
    <HEADLEN>55</HEADLEN>
    <SCRLEN1>10</SCRLEN1>
    <SCRLEN2>20</SCRLEN2>
    <SCRLEN3>40</SCRLEN3>
    <DDTEXT>Lastupdate Configuration</DDTEXT>
    <REPTEXT>Lastupdate Configuration</REPTEXT>
    <SCRTEXT_S>Lastupd C</SCRTEXT_S>
    <SCRTEXT_M>Lastupdate Config</SCRTEXT_M>
    <SCRTEXT_L>Lastupdate Configuration</SCRTEXT_L>
    <DTELMASTER>D</DTELMASTER>
    <REFKIND>D</REFKIND>
   </DD04V>
   <I18N_LANGS>
    <LANGU>D</LANGU>
   </I18N_LANGS>
   <DD04_TEXTS>
    <item>
     <DDLANGUAGE>D</DDLANGUAGE>
     <DDTEXT>Konfiguration Lastupdate</DDTEXT>
     <REPTEXT>Konfiguration Lastupdate</REPTEXT>
     <SCRTEXT_S>K. Lastupd</SCRTEXT_S>
     <SCRTEXT_M>Konfg Lastupdate</SCRTEXT_M>
     <SCRTEXT_L>Konfiguration Lastupdate</SCRTEXT_L>
    </item>
   </DD04_TEXTS>
  </asx:values>
 </asx:abap>
</abapGit>
