﻿<?xml version="1.0" encoding="utf-8"?>
<abapGit version="v1.0.0" serializer="LCL_OBJECT_DOMA" serializer_version="v1.0.0">
 <asx:abap xmlns:asx="http://www.sap.com/abapxml" version="1.0">
  <asx:values>
   <DD01V>
    <DOMNAME>ZNCA_VALUE_DATABASE_SET</DOMNAME>
    <DDLANGUAGE>E</DDLANGUAGE>
    <DATATYPE>CHAR</DATATYPE>
    <LENG>000003</LENG>
    <OUTPUTLEN>000003</OUTPUTLEN>
    <VALEXI>X</VALEXI>
    <DDTEXT>Value Database Set</DDTEXT>
   </DD01V>
   <DD07V_TAB>
    <DD07V>
     <DOMNAME>ZNCA_VALUE_DATABASE_SET</DOMNAME>
     <VALPOS>0001</VALPOS>
     <DDLANGUAGE>E</DDLANGUAGE>
     <DDTEXT>Default</DDTEXT>
    </DD07V>
    <DD07V>
     <DOMNAME>ZNCA_VALUE_DATABASE_SET</DOMNAME>
     <VALPOS>0002</VALPOS>
     <DDLANGUAGE>E</DDLANGUAGE>
     <DOMVALUE_L>001</DOMVALUE_L>
     <DDTEXT>Database Set 001</DDTEXT>
    </DD07V>
    <DD07V>
     <DOMNAME>ZNCA_VALUE_DATABASE_SET</DOMNAME>
     <VALPOS>0003</VALPOS>
     <DDLANGUAGE>E</DDLANGUAGE>
     <DOMVALUE_L>002</DOMVALUE_L>
     <DDTEXT>Database Set 002</DDTEXT>
    </DD07V>
    <DD07V>
     <DOMNAME>ZNCA_VALUE_DATABASE_SET</DOMNAME>
     <VALPOS>0004</VALPOS>
     <DDLANGUAGE>E</DDLANGUAGE>
     <DOMVALUE_L>Z01</DOMVALUE_L>
     <DDTEXT>Database Set Z01</DDTEXT>
    </DD07V>
   </DD07V_TAB>
  </asx:values>
 </asx:abap>
</abapGit>
