﻿<?xml version="1.0" encoding="utf-8"?>
<abapGit version="v1.0.0" serializer="LCL_OBJECT_DTEL" serializer_version="v1.0.0">
 <asx:abap xmlns:asx="http://www.sap.com/abapxml" version="1.0">
  <asx:values>
   <DD04V>
    <ROLLNAME>ZNCA_APP_EDIT_MODE</ROLLNAME>
    <DDLANGUAGE>E</DDLANGUAGE>
    <DOMNAME>ZNCA_APP_EDIT_MODE</DOMNAME>
    <HEADLEN>30</HEADLEN>
    <SCRLEN1>10</SCRLEN1>
    <SCRLEN2>20</SCRLEN2>
    <SCRLEN3>30</SCRLEN3>
    <DDTEXT>Application Edit Mode</DDTEXT>
    <REPTEXT>Edit Mode</REPTEXT>
    <SCRTEXT_S>Edit Mode</SCRTEXT_S>
    <SCRTEXT_M>Edit Mode</SCRTEXT_M>
    <SCRTEXT_L>Edit Mode</SCRTEXT_L>
    <DTELMASTER>E</DTELMASTER>
    <REFKIND>D</REFKIND>
   </DD04V>
   <I18N_LANGS>
    <LANGU>D</LANGU>
   </I18N_LANGS>
   <DD04_TEXTS>
    <item>
     <DDLANGUAGE>D</DDLANGUAGE>
     <DDTEXT>Bearbeitungsmodus</DDTEXT>
     <REPTEXT>Bearbeitungsmodus</REPTEXT>
     <SCRTEXT_S>Bearbeitun</SCRTEXT_S>
     <SCRTEXT_M>Bearbeitungsmodus</SCRTEXT_M>
     <SCRTEXT_L>Bearbeitungsmodus</SCRTEXT_L>
    </item>
   </DD04_TEXTS>
  </asx:values>
 </asx:abap>
</abapGit>
