﻿<?xml version="1.0" encoding="utf-8"?>
<abapGit version="v1.0.0" serializer="LCL_OBJECT_DOMA" serializer_version="v1.0.0">
 <asx:abap xmlns:asx="http://www.sap.com/abapxml" version="1.0">
  <asx:values>
   <DD01V>
    <DOMNAME>ZNCA_CHAR_18</DOMNAME>
    <DDLANGUAGE>E</DDLANGUAGE>
    <DATATYPE>CHAR</DATATYPE>
    <LENG>000018</LENG>
    <OUTPUTLEN>000018</OUTPUTLEN>
    <LOWERCASE>X</LOWERCASE>
    <DDTEXT>Character Field Length 18</DDTEXT>
   </DD01V>
  </asx:values>
 </asx:abap>
</abapGit>
