﻿<?xml version="1.0" encoding="utf-8"?>
<abapGit version="v1.0.0" serializer="LCL_OBJECT_DTEL" serializer_version="v1.0.0">
 <asx:abap xmlns:asx="http://www.sap.com/abapxml" version="1.0">
  <asx:values>
   <DD04V>
    <ROLLNAME>ZNCA_APP_TYPE</ROLLNAME>
    <DDLANGUAGE>E</DDLANGUAGE>
    <DOMNAME>ZNCA_APP_TYPE</DOMNAME>
    <HEADLEN>30</HEADLEN>
    <SCRLEN1>10</SCRLEN1>
    <SCRLEN2>20</SCRLEN2>
    <SCRLEN3>30</SCRLEN3>
    <DDTEXT>NCA Application Type</DDTEXT>
    <REPTEXT>Application Generation Type</REPTEXT>
    <SCRTEXT_S>Gen Type</SCRTEXT_S>
    <SCRTEXT_M>Application Generati</SCRTEXT_M>
    <SCRTEXT_L>Application Generation Type</SCRTEXT_L>
    <DTELMASTER>E</DTELMASTER>
    <REFKIND>D</REFKIND>
   </DD04V>
   <I18N_LANGS>
    <LANGU>D</LANGU>
   </I18N_LANGS>
   <DD04_TEXTS>
    <item>
     <DDLANGUAGE>D</DDLANGUAGE>
     <DDTEXT>NCA Anwendungstyp</DDTEXT>
     <REPTEXT>NCA Anwendungstyp</REPTEXT>
     <SCRTEXT_S>NCA Typ</SCRTEXT_S>
     <SCRTEXT_M>NCA Anwendungstyp</SCRTEXT_M>
     <SCRTEXT_L>NCA Anwendungstyp</SCRTEXT_L>
    </item>
   </DD04_TEXTS>
  </asx:values>
 </asx:abap>
</abapGit>
