﻿<?xml version="1.0" encoding="utf-8"?>
<abapGit version="v1.0.0" serializer="LCL_OBJECT_DTEL" serializer_version="v1.0.0">
 <asx:abap xmlns:asx="http://www.sap.com/abapxml" version="1.0">
  <asx:values>
   <DD04V>
    <ROLLNAME>ZNCA_APP_DATA_HANDLING</ROLLNAME>
    <DDLANGUAGE>E</DDLANGUAGE>
    <DOMNAME>ZNCA_DATA_HANDLING</DOMNAME>
    <HEADLEN>30</HEADLEN>
    <SCRLEN1>10</SCRLEN1>
    <SCRLEN2>20</SCRLEN2>
    <SCRLEN3>30</SCRLEN3>
    <DDTEXT>Data Creation Mode</DDTEXT>
    <REPTEXT>Data Creation Mode</REPTEXT>
    <SCRTEXT_S>Data Mode</SCRTEXT_S>
    <SCRTEXT_M>Data Creation Mode</SCRTEXT_M>
    <SCRTEXT_L>Data Creation Mode</SCRTEXT_L>
    <DTELMASTER>E</DTELMASTER>
    <REFKIND>D</REFKIND>
   </DD04V>
   <I18N_LANGS>
    <LANGU>D</LANGU>
   </I18N_LANGS>
   <DD04_TEXTS>
    <item>
     <DDLANGUAGE>D</DDLANGUAGE>
     <DDTEXT>Anlege Modus</DDTEXT>
     <REPTEXT>Anlege Modus</REPTEXT>
     <SCRTEXT_S>Anlege Mod</SCRTEXT_S>
     <SCRTEXT_M>Anlege Modus</SCRTEXT_M>
     <SCRTEXT_L>Anlege Modus</SCRTEXT_L>
    </item>
   </DD04_TEXTS>
  </asx:values>
 </asx:abap>
</abapGit>
