﻿<?xml version="1.0" encoding="utf-8"?>
<abapGit version="v1.0.0" serializer="LCL_OBJECT_DTEL" serializer_version="v1.0.0">
 <asx:abap xmlns:asx="http://www.sap.com/abapxml" version="1.0">
  <asx:values>
   <DD04V>
    <ROLLNAME>ZNCA_COMP_MANDATORY</ROLLNAME>
    <DDLANGUAGE>E</DDLANGUAGE>
    <DOMNAME>BOOLE</DOMNAME>
    <HEADLEN>14</HEADLEN>
    <SCRLEN1>09</SCRLEN1>
    <SCRLEN2>14</SCRLEN2>
    <SCRLEN3>14</SCRLEN3>
    <DDTEXT>Mandatory</DDTEXT>
    <REPTEXT>Mandatory</REPTEXT>
    <SCRTEXT_S>Mandatory</SCRTEXT_S>
    <SCRTEXT_M>Mandatory</SCRTEXT_M>
    <SCRTEXT_L>Mandatory</SCRTEXT_L>
    <DTELMASTER>E</DTELMASTER>
    <REFKIND>D</REFKIND>
   </DD04V>
   <I18N_LANGS>
    <LANGU>D</LANGU>
   </I18N_LANGS>
   <DD04_TEXTS>
    <item>
     <DDLANGUAGE>D</DDLANGUAGE>
     <DDTEXT>Mussfeld</DDTEXT>
     <REPTEXT>Mussfeld</REPTEXT>
     <SCRTEXT_S>Mussfeld</SCRTEXT_S>
     <SCRTEXT_M>Mussfeld</SCRTEXT_M>
     <SCRTEXT_L>Mussfeld</SCRTEXT_L>
    </item>
   </DD04_TEXTS>
  </asx:values>
 </asx:abap>
</abapGit>
