﻿<?xml version="1.0" encoding="utf-8"?>
<abapGit version="v1.0.0" serializer="LCL_OBJECT_DTEL" serializer_version="v1.0.0">
 <asx:abap xmlns:asx="http://www.sap.com/abapxml" version="1.0">
  <asx:values>
   <DD04V>
    <ROLLNAME>ZNCA_DEVICE</ROLLNAME>
    <DDLANGUAGE>E</DDLANGUAGE>
    <DOMNAME>ZNCA_DEVICE</DOMNAME>
    <HEADLEN>55</HEADLEN>
    <SCRLEN1>10</SCRLEN1>
    <SCRLEN2>20</SCRLEN2>
    <SCRLEN3>40</SCRLEN3>
    <DDTEXT>Device</DDTEXT>
    <REPTEXT>Device</REPTEXT>
    <SCRTEXT_S>Device</SCRTEXT_S>
    <SCRTEXT_M>Device</SCRTEXT_M>
    <SCRTEXT_L>Device</SCRTEXT_L>
    <DTELMASTER>E</DTELMASTER>
    <REFKIND>D</REFKIND>
   </DD04V>
   <I18N_LANGS>
    <LANGU>D</LANGU>
   </I18N_LANGS>
   <DD04_TEXTS>
    <item>
     <DDLANGUAGE>D</DDLANGUAGE>
     <DDTEXT>Endgerät</DDTEXT>
     <REPTEXT>Endgerät</REPTEXT>
     <SCRTEXT_S>Endgerät</SCRTEXT_S>
     <SCRTEXT_M>Endgerät</SCRTEXT_M>
     <SCRTEXT_L>Endgerät</SCRTEXT_L>
    </item>
   </DD04_TEXTS>
  </asx:values>
 </asx:abap>
</abapGit>
