﻿<?xml version="1.0" encoding="utf-8"?>
<abapGit version="v1.0.0" serializer="LCL_OBJECT_DTEL" serializer_version="v1.0.0">
 <asx:abap xmlns:asx="http://www.sap.com/abapxml" version="1.0">
  <asx:values>
   <DD04V>
    <ROLLNAME>ZNCA_CHANGE_INDICATOR</ROLLNAME>
    <DDLANGUAGE>E</DDLANGUAGE>
    <DOMNAME>ZNCA_CHANGE_INDICATOR</DOMNAME>
    <HEADLEN>55</HEADLEN>
    <SCRLEN1>10</SCRLEN1>
    <SCRLEN2>20</SCRLEN2>
    <SCRLEN3>40</SCRLEN3>
    <DDTEXT>change indicator</DDTEXT>
    <REPTEXT>change indicator</REPTEXT>
    <SCRTEXT_S>chng ind</SCRTEXT_S>
    <SCRTEXT_M>change indicator</SCRTEXT_M>
    <SCRTEXT_L>change indicator</SCRTEXT_L>
    <DTELMASTER>E</DTELMASTER>
    <REFKIND>D</REFKIND>
   </DD04V>
   <I18N_LANGS>
    <LANGU>D</LANGU>
   </I18N_LANGS>
   <DD04_TEXTS>
    <item>
     <DDLANGUAGE>D</DDLANGUAGE>
     <DDTEXT>Änderungskennzeichen</DDTEXT>
     <REPTEXT>Änderungskennzeichen</REPTEXT>
     <SCRTEXT_S>Änd. KZ.</SCRTEXT_S>
     <SCRTEXT_M>Änder. Kennzeichen</SCRTEXT_M>
     <SCRTEXT_L>Änderungskennzeichen</SCRTEXT_L>
    </item>
   </DD04_TEXTS>
  </asx:values>
 </asx:abap>
</abapGit>
