﻿<?xml version="1.0" encoding="utf-8"?>
<abapGit version="v1.0.0" serializer="LCL_OBJECT_DTEL" serializer_version="v1.0.0">
 <asx:abap xmlns:asx="http://www.sap.com/abapxml" version="1.0">
  <asx:values>
   <DD04V>
    <ROLLNAME>ZNCA_CQ</ROLLNAME>
    <DDLANGUAGE>E</DDLANGUAGE>
    <DOMNAME>ZNCA_COMP_CQ</DOMNAME>
    <HEADLEN>19</HEADLEN>
    <SCRLEN1>09</SCRLEN1>
    <SCRLEN2>19</SCRLEN2>
    <SCRLEN3>19</SCRLEN3>
    <DDTEXT>Currency / Quantity</DDTEXT>
    <REPTEXT>Currency / Quantity</REPTEXT>
    <SCRTEXT_S>Curr/Quan</SCRTEXT_S>
    <SCRTEXT_M>Currency / Quantity</SCRTEXT_M>
    <SCRTEXT_L>Currency / Quantity</SCRTEXT_L>
    <DTELMASTER>E</DTELMASTER>
    <REFKIND>D</REFKIND>
   </DD04V>
   <I18N_LANGS>
    <LANGU>D</LANGU>
   </I18N_LANGS>
   <DD04_TEXTS>
    <item>
     <DDLANGUAGE>D</DDLANGUAGE>
     <DDTEXT>Währung / Menge</DDTEXT>
     <REPTEXT>Währung / Menge</REPTEXT>
     <SCRTEXT_S>Währung /</SCRTEXT_S>
     <SCRTEXT_M>Währung / Menge</SCRTEXT_M>
     <SCRTEXT_L>Währung / Menge</SCRTEXT_L>
    </item>
   </DD04_TEXTS>
  </asx:values>
 </asx:abap>
</abapGit>
