﻿<?xml version="1.0" encoding="utf-8"?>
<abapGit version="v1.0.0" serializer="LCL_OBJECT_DOMA" serializer_version="v1.0.0">
 <asx:abap xmlns:asx="http://www.sap.com/abapxml" version="1.0">
  <asx:values>
   <DD01V>
    <DOMNAME>ZNCA_NUM_0101</DOMNAME>
    <DDLANGUAGE>E</DDLANGUAGE>
    <DATATYPE>DEC</DATATYPE>
    <LENG>000001</LENG>
    <OUTPUTLEN>000004</OUTPUTLEN>
    <DECIMALS>000001</DECIMALS>
    <SIGNFLAG>X</SIGNFLAG>
    <DDTEXT>Numeric Field with Length 1 Decimal 1</DDTEXT>
   </DD01V>
  </asx:values>
 </asx:abap>
</abapGit>
