﻿<?xml version="1.0" encoding="utf-8"?>
<abapGit version="v1.0.0" serializer="LCL_OBJECT_DTEL" serializer_version="v1.0.0">
 <asx:abap xmlns:asx="http://www.sap.com/abapxml" version="1.0">
  <asx:values>
   <DD04V>
    <ROLLNAME>ZNCA_DEFAULT_LANGU</ROLLNAME>
    <DDLANGUAGE>E</DDLANGUAGE>
    <DOMNAME>LANGU</DOMNAME>
    <HEADLEN>55</HEADLEN>
    <SCRLEN1>10</SCRLEN1>
    <SCRLEN2>20</SCRLEN2>
    <SCRLEN3>40</SCRLEN3>
    <DDTEXT>Default Language</DDTEXT>
    <REPTEXT>Default Language</REPTEXT>
    <SCRTEXT_S>Default La</SCRTEXT_S>
    <SCRTEXT_M>Default Language</SCRTEXT_M>
    <SCRTEXT_L>Default Language</SCRTEXT_L>
    <DTELMASTER>E</DTELMASTER>
    <REFKIND>D</REFKIND>
   </DD04V>
  </asx:values>
 </asx:abap>
</abapGit>
