﻿<?xml version="1.0" encoding="utf-8"?>
<abapGit version="v1.0.0" serializer="LCL_OBJECT_DTEL" serializer_version="v1.0.0">
 <asx:abap xmlns:asx="http://www.sap.com/abapxml" version="1.0">
  <asx:values>
   <DD04V>
    <ROLLNAME>ZNCA_APP_DESCR</ROLLNAME>
    <DDLANGUAGE>E</DDLANGUAGE>
    <DOMNAME>TEXT30</DOMNAME>
    <HEADLEN>14</HEADLEN>
    <SCRLEN1>10</SCRLEN1>
    <SCRLEN2>14</SCRLEN2>
    <SCRLEN3>14</SCRLEN3>
    <DDTEXT>Description</DDTEXT>
    <REPTEXT>Description</REPTEXT>
    <SCRTEXT_S>Descr</SCRTEXT_S>
    <SCRTEXT_M>Description</SCRTEXT_M>
    <SCRTEXT_L>Description</SCRTEXT_L>
    <DTELMASTER>E</DTELMASTER>
    <REFKIND>D</REFKIND>
   </DD04V>
   <I18N_LANGS>
    <LANGU>D</LANGU>
   </I18N_LANGS>
   <DD04_TEXTS>
    <item>
     <DDLANGUAGE>D</DDLANGUAGE>
     <DDTEXT>Beschreibung</DDTEXT>
     <REPTEXT>Beschreibung</REPTEXT>
     <SCRTEXT_S>Beschreibu</SCRTEXT_S>
     <SCRTEXT_M>Beschreibung</SCRTEXT_M>
     <SCRTEXT_L>Beschreibung</SCRTEXT_L>
    </item>
   </DD04_TEXTS>
  </asx:values>
 </asx:abap>
</abapGit>
