﻿<?xml version="1.0" encoding="utf-8"?>
<abapGit version="v1.0.0" serializer="LCL_OBJECT_DTEL" serializer_version="v1.0.0">
 <asx:abap xmlns:asx="http://www.sap.com/abapxml" version="1.0">
  <asx:values>
   <DD04V>
    <ROLLNAME>ZNCA_READ_ONLY</ROLLNAME>
    <DDLANGUAGE>E</DDLANGUAGE>
    <DOMNAME>XFELD</DOMNAME>
    <HEADLEN>09</HEADLEN>
    <SCRLEN1>09</SCRLEN1>
    <SCRLEN2>09</SCRLEN2>
    <SCRLEN3>09</SCRLEN3>
    <DDTEXT>Read Only</DDTEXT>
    <REPTEXT>Read Only</REPTEXT>
    <SCRTEXT_S>Read Only</SCRTEXT_S>
    <SCRTEXT_M>Read Only</SCRTEXT_M>
    <SCRTEXT_L>Read Only</SCRTEXT_L>
    <DTELMASTER>E</DTELMASTER>
    <REFKIND>D</REFKIND>
   </DD04V>
   <I18N_LANGS>
    <LANGU>D</LANGU>
   </I18N_LANGS>
   <DD04_TEXTS>
    <item>
     <DDLANGUAGE>D</DDLANGUAGE>
     <DDTEXT>Nur Anzeige</DDTEXT>
     <REPTEXT>Anzeige</REPTEXT>
     <SCRTEXT_S>Anzeige</SCRTEXT_S>
     <SCRTEXT_M>Anzeige</SCRTEXT_M>
     <SCRTEXT_L>Anzeige</SCRTEXT_L>
    </item>
   </DD04_TEXTS>
  </asx:values>
 </asx:abap>
</abapGit>
