﻿<?xml version="1.0" encoding="utf-8"?>
<abapGit version="v1.0.0" serializer="LCL_OBJECT_DOMA" serializer_version="v1.0.0">
 <asx:abap xmlns:asx="http://www.sap.com/abapxml" version="1.0">
  <asx:values>
   <DD01V>
    <DOMNAME>ZNCA_DISPLAY_TYPE</DOMNAME>
    <DDLANGUAGE>E</DDLANGUAGE>
    <DATATYPE>CHAR</DATATYPE>
    <LENG>000002</LENG>
    <OUTPUTLEN>000002</OUTPUTLEN>
    <VALEXI>X</VALEXI>
    <DDTEXT>Display Type</DDTEXT>
   </DD01V>
   <DD07V_TAB>
    <DD07V>
     <DOMNAME>ZNCA_DISPLAY_TYPE</DOMNAME>
     <VALPOS>0001</VALPOS>
     <DDLANGUAGE>E</DDLANGUAGE>
     <DOMVALUE_L>IN</DOMVALUE_L>
     <DDTEXT>Input Field</DDTEXT>
    </DD07V>
    <DD07V>
     <DOMNAME>ZNCA_DISPLAY_TYPE</DOMNAME>
     <VALPOS>0002</VALPOS>
     <DDLANGUAGE>E</DDLANGUAGE>
     <DOMVALUE_L>DD</DOMVALUE_L>
     <DDTEXT>Dropdown List</DDTEXT>
    </DD07V>
    <DD07V>
     <DOMNAME>ZNCA_DISPLAY_TYPE</DOMNAME>
     <VALPOS>0003</VALPOS>
     <DDLANGUAGE>E</DDLANGUAGE>
     <DOMVALUE_L>CB</DOMVALUE_L>
     <DDTEXT>Checkbox</DDTEXT>
    </DD07V>
    <DD07V>
     <DOMNAME>ZNCA_DISPLAY_TYPE</DOMNAME>
     <VALPOS>0004</VALPOS>
     <DDLANGUAGE>E</DDLANGUAGE>
     <DOMVALUE_L>TS</DOMVALUE_L>
     <DDTEXT>Progress/Slider</DDTEXT>
    </DD07V>
    <DD07V>
     <DOMNAME>ZNCA_DISPLAY_TYPE</DOMNAME>
     <VALPOS>0005</VALPOS>
     <DDLANGUAGE>E</DDLANGUAGE>
     <DOMVALUE_L>RI</DOMVALUE_L>
     <DDTEXT>Rating Indicator</DDTEXT>
    </DD07V>
    <DD07V>
     <DOMNAME>ZNCA_DISPLAY_TYPE</DOMNAME>
     <VALPOS>0006</VALPOS>
     <DDLANGUAGE>E</DDLANGUAGE>
     <DOMVALUE_L>LU</DOMVALUE_L>
     <DDTEXT>Link to URL</DDTEXT>
    </DD07V>
   </DD07V_TAB>
   <I18N_LANGS>
    <LANGU>D</LANGU>
   </I18N_LANGS>
   <DD01_TEXTS>
    <item>
     <DDLANGUAGE>D</DDLANGUAGE>
     <DDTEXT>Anzeigeart</DDTEXT>
    </item>
   </DD01_TEXTS>
   <DD07_TEXTS>
    <item>
     <VALPOS>0001</VALPOS>
     <DDLANGUAGE>D</DDLANGUAGE>
     <DOMVALUE_L>IN</DOMVALUE_L>
     <DDTEXT>Eingabefeld</DDTEXT>
    </item>
    <item>
     <VALPOS>0002</VALPOS>
     <DDLANGUAGE>D</DDLANGUAGE>
     <DOMVALUE_L>DD</DOMVALUE_L>
     <DDTEXT>Dropdown-Liste</DDTEXT>
    </item>
    <item>
     <VALPOS>0003</VALPOS>
     <DDLANGUAGE>D</DDLANGUAGE>
     <DOMVALUE_L>CB</DOMVALUE_L>
     <DDTEXT>Ankreuzfeld</DDTEXT>
    </item>
    <item>
     <VALPOS>0004</VALPOS>
     <DDLANGUAGE>D</DDLANGUAGE>
     <DOMVALUE_L>TS</DOMVALUE_L>
     <DDTEXT>Fortschrittsbalken</DDTEXT>
    </item>
    <item>
     <VALPOS>0005</VALPOS>
     <DDLANGUAGE>D</DDLANGUAGE>
     <DOMVALUE_L>RI</DOMVALUE_L>
     <DDTEXT>Bewertungssterne</DDTEXT>
    </item>
    <item>
     <VALPOS>0006</VALPOS>
     <DDLANGUAGE>D</DDLANGUAGE>
     <DOMVALUE_L>LU</DOMVALUE_L>
     <DDTEXT>Link zu URL</DDTEXT>
    </item>
   </DD07_TEXTS>
  </asx:values>
 </asx:abap>
</abapGit>
