﻿<?xml version="1.0" encoding="utf-8"?>
<abapGit version="v1.0.0" serializer="LCL_OBJECT_DOMA" serializer_version="v1.0.0">
 <asx:abap xmlns:asx="http://www.sap.com/abapxml" version="1.0">
  <asx:values>
   <DD01V>
    <DOMNAME>ZNCA_CHAR_30</DOMNAME>
    <DDLANGUAGE>E</DDLANGUAGE>
    <DATATYPE>LCHR</DATATYPE>
    <LENG>000800</LENG>
    <OUTPUTLEN>000800</OUTPUTLEN>
    <LOWERCASE>X</LOWERCASE>
    <DDTEXT>Character Field Lenght 30</DDTEXT>
   </DD01V>
  </asx:values>
 </asx:abap>
</abapGit>
