﻿<?xml version="1.0" encoding="utf-8"?>
<abapGit version="v1.0.0" serializer="LCL_OBJECT_MSAG" serializer_version="v1.0.0">
 <asx:abap xmlns:asx="http://www.sap.com/abapxml" version="1.0">
  <asx:values>
   <T100A>
    <ARBGB>ZNCA_CORE</ARBGB>
    <MASTERLANG>E</MASTERLANG>
   </T100A>
   <T100>
    <T100>
     <SPRSL>E</SPRSL>
     <ARBGB>ZNCA_CORE</ARBGB>
     <MSGNR>000</MSGNR>
     <TEXT>&amp;1&amp;2&amp;3&amp;4</TEXT>
    </T100>
    <T100>
     <SPRSL>E</SPRSL>
     <ARBGB>ZNCA_CORE</ARBGB>
     <MSGNR>001</MSGNR>
     <TEXT>Sorry, no entries were found to your search parameter.</TEXT>
    </T100>
    <T100>
     <SPRSL>E</SPRSL>
     <ARBGB>ZNCA_CORE</ARBGB>
     <MSGNR>002</MSGNR>
     <TEXT>No authorization for action &amp;1 in application &amp;2</TEXT>
    </T100>
    <T100>
     <SPRSL>E</SPRSL>
     <ARBGB>ZNCA_CORE</ARBGB>
     <MSGNR>003</MSGNR>
     <TEXT>Data has been changed meanwhile by &amp;1 at &amp;2 &amp;3</TEXT>
    </T100>
    <T100>
     <SPRSL>E</SPRSL>
     <ARBGB>ZNCA_CORE</ARBGB>
     <MSGNR>004</MSGNR>
     <TEXT>Application &amp;1 does not exist.</TEXT>
    </T100>
    <T100>
     <SPRSL>E</SPRSL>
     <ARBGB>ZNCA_CORE</ARBGB>
     <MSGNR>005</MSGNR>
     <TEXT>Object &amp;1 has been deleted.</TEXT>
    </T100>
    <T100>
     <SPRSL>E</SPRSL>
     <ARBGB>ZNCA_CORE</ARBGB>
     <MSGNR>006</MSGNR>
     <TEXT>An Error occoured while deleting Object &amp;1.</TEXT>
    </T100>
    <T100>
     <SPRSL>E</SPRSL>
     <ARBGB>ZNCA_CORE</ARBGB>
     <MSGNR>007</MSGNR>
     <TEXT>Data saved successfully</TEXT>
    </T100>
    <T100>
     <SPRSL>E</SPRSL>
     <ARBGB>ZNCA_CORE</ARBGB>
     <MSGNR>008</MSGNR>
     <TEXT>No authorization for application &amp;1</TEXT>
    </T100>
    <T100>
     <SPRSL>E</SPRSL>
     <ARBGB>ZNCA_CORE</ARBGB>
     <MSGNR>009</MSGNR>
     <TEXT>Application is disabled. Please contact your system adminstrator.</TEXT>
    </T100>
    <T100>
     <SPRSL>E</SPRSL>
     <ARBGB>ZNCA_CORE</ARBGB>
     <MSGNR>010</MSGNR>
     <TEXT>Object &amp;1 has been created.</TEXT>
    </T100>
    <T100>
     <SPRSL>E</SPRSL>
     <ARBGB>ZNCA_CORE</ARBGB>
     <MSGNR>011</MSGNR>
     <TEXT>An Error occoured while creating Object &amp;1.</TEXT>
    </T100>
    <T100>
     <SPRSL>E</SPRSL>
     <ARBGB>ZNCA_CORE</ARBGB>
     <MSGNR>012</MSGNR>
     <TEXT>Application &amp;1 has been disabled and marked for deletion.</TEXT>
    </T100>
    <T100>
     <SPRSL>E</SPRSL>
     <ARBGB>ZNCA_CORE</ARBGB>
     <MSGNR>013</MSGNR>
     <TEXT>Attachment &amp;1 Created.</TEXT>
    </T100>
    <T100>
     <SPRSL>E</SPRSL>
     <ARBGB>ZNCA_CORE</ARBGB>
     <MSGNR>014</MSGNR>
     <TEXT>Attachment &amp;1 Deleted.</TEXT>
    </T100>
    <T100>
     <SPRSL>E</SPRSL>
     <ARBGB>ZNCA_CORE</ARBGB>
     <MSGNR>015</MSGNR>
     <TEXT>Please enter a value to all Mandatory fields.</TEXT>
    </T100>
    <T100>
     <SPRSL>E</SPRSL>
     <ARBGB>ZNCA_CORE</ARBGB>
     <MSGNR>016</MSGNR>
     <TEXT>The Value of &amp;1 does not match the fixed Values.</TEXT>
    </T100>
    <T100>
     <SPRSL>E</SPRSL>
     <ARBGB>ZNCA_CORE</ARBGB>
     <MSGNR>017</MSGNR>
     <TEXT>Nothing was changed.</TEXT>
    </T100>
    <T100>
     <SPRSL>E</SPRSL>
     <ARBGB>ZNCA_CORE</ARBGB>
     <MSGNR>018</MSGNR>
     <TEXT>No BRF+ Trace found.</TEXT>
    </T100>
   </T100>
  </asx:values>
 </asx:abap>
</abapGit>
