﻿<?xml version="1.0" encoding="utf-8"?>
<abapGit version="v1.0.0" serializer="LCL_OBJECT_DTEL" serializer_version="v1.0.0">
 <asx:abap xmlns:asx="http://www.sap.com/abapxml" version="1.0">
  <asx:values>
   <DD04V>
    <ROLLNAME>ZNCA_DATAREF_KEY</ROLLNAME>
    <DDLANGUAGE>E</DDLANGUAGE>
    <DOMNAME>XFELD</DOMNAME>
    <HEADLEN>55</HEADLEN>
    <SCRLEN1>10</SCRLEN1>
    <SCRLEN2>20</SCRLEN2>
    <SCRLEN3>40</SCRLEN3>
    <DDTEXT>Key Field</DDTEXT>
    <REPTEXT>Key Field</REPTEXT>
    <SCRTEXT_S>Key Field</SCRTEXT_S>
    <SCRTEXT_M>Key Field</SCRTEXT_M>
    <SCRTEXT_L>Key Field</SCRTEXT_L>
    <DTELMASTER>E</DTELMASTER>
    <REFKIND>D</REFKIND>
   </DD04V>
   <I18N_LANGS>
    <LANGU>D</LANGU>
   </I18N_LANGS>
   <DD04_TEXTS>
    <item>
     <DDLANGUAGE>D</DDLANGUAGE>
     <DDTEXT>Schlüsselfeld</DDTEXT>
     <REPTEXT>Schlüsselfeld</REPTEXT>
     <SCRTEXT_S>Schlüsself</SCRTEXT_S>
     <SCRTEXT_M>Schlüsselfeld</SCRTEXT_M>
     <SCRTEXT_L>Schlüsselfeld</SCRTEXT_L>
    </item>
   </DD04_TEXTS>
  </asx:values>
 </asx:abap>
</abapGit>
