﻿<?xml version="1.0" encoding="utf-8"?>
<abapGit version="v1.0.0" serializer="LCL_OBJECT_DOMA" serializer_version="v1.0.0">
 <asx:abap xmlns:asx="http://www.sap.com/abapxml" version="1.0">
  <asx:values>
   <DD01V>
    <DOMNAME>ZNCA_NUM_1103</DOMNAME>
    <DDLANGUAGE>E</DDLANGUAGE>
    <DATATYPE>DEC</DATATYPE>
    <LENG>000011</LENG>
    <OUTPUTLEN>000015</OUTPUTLEN>
    <DECIMALS>000003</DECIMALS>
    <SIGNFLAG>X</SIGNFLAG>
    <DDTEXT>Numeric Field with Length 11 Decimal 3</DDTEXT>
   </DD01V>
  </asx:values>
 </asx:abap>
</abapGit>
