﻿<?xml version="1.0" encoding="utf-8"?>
<abapGit version="v1.0.0" serializer="LCL_OBJECT_NROB" serializer_version="v1.0.0">
 <asx:abap xmlns:asx="http://www.sap.com/abapxml" version="1.0">
  <asx:values>
   <ATTRIBUTES>
    <OBJECT>ZNCA_APP</OBJECT>
    <DOMLEN>ZNCA_OBJ_ID</DOMLEN>
    <PERCENTAGE>10.0</PERCENTAGE>
    <NOIVBUFFER>00000001</NOIVBUFFER>
   </ATTRIBUTES>
   <TEXT>
    <LANGU>E</LANGU>
    <OBJECT>ZNCA_APP</OBJECT>
    <TXT>ZNCA_APP</TXT>
    <TXTSHORT>ZNCA_APP</TXTSHORT>
   </TEXT>
  </asx:values>
 </asx:abap>
</abapGit>
