﻿<?xml version="1.0" encoding="utf-8"?>
<abapGit version="v1.0.0" serializer="LCL_OBJECT_DTEL" serializer_version="v1.0.0">
 <asx:abap xmlns:asx="http://www.sap.com/abapxml" version="1.0">
  <asx:values>
   <DD04V>
    <ROLLNAME>ZNCA_UUID</ROLLNAME>
    <DDLANGUAGE>E</DDLANGUAGE>
    <DOMNAME>SYSUUID_C</DOMNAME>
    <HEADLEN>32</HEADLEN>
    <SCRLEN1>10</SCRLEN1>
    <SCRLEN2>19</SCRLEN2>
    <SCRLEN3>27</SCRLEN3>
    <DDTEXT>Universal Unique Identifier</DDTEXT>
    <REPTEXT>Universal Unique Identifier</REPTEXT>
    <SCRTEXT_S>UUID</SCRTEXT_S>
    <SCRTEXT_M>Universal Unique ID</SCRTEXT_M>
    <SCRTEXT_L>Universal Unique Identifier</SCRTEXT_L>
    <DTELMASTER>E</DTELMASTER>
    <SHLPNAME>FDT_SHLP_UUID</SHLPNAME>
    <SHLPFIELD>ID</SHLPFIELD>
    <REFKIND>D</REFKIND>
   </DD04V>
   <I18N_LANGS>
    <LANGU>D</LANGU>
   </I18N_LANGS>
   <DD04_TEXTS>
    <item>
     <DDLANGUAGE>D</DDLANGUAGE>
     <DDTEXT>FDT: Universal Unique Identifier</DDTEXT>
     <REPTEXT>Universal Unique Identifier</REPTEXT>
     <SCRTEXT_S>UUID</SCRTEXT_S>
     <SCRTEXT_M>Universal Unique ID</SCRTEXT_M>
     <SCRTEXT_L>Universal Unique Identifier</SCRTEXT_L>
    </item>
   </DD04_TEXTS>
  </asx:values>
 </asx:abap>
</abapGit>
