﻿<?xml version="1.0" encoding="utf-8"?>
<abapGit version="v1.0.0" serializer="LCL_OBJECT_DTEL" serializer_version="v1.0.0">
 <asx:abap xmlns:asx="http://www.sap.com/abapxml" version="1.0">
  <asx:values>
   <DD04V>
    <ROLLNAME>ZNCA_UI5_XML_MODE</ROLLNAME>
    <DDLANGUAGE>E</DDLANGUAGE>
    <DOMNAME>ZNCA_UI5_XML_MODE</DOMNAME>
    <HEADLEN>55</HEADLEN>
    <SCRLEN1>10</SCRLEN1>
    <SCRLEN2>20</SCRLEN2>
    <SCRLEN3>40</SCRLEN3>
    <DDTEXT>XML Mode UI5 NCA</DDTEXT>
    <REPTEXT>XML Mode UI5</REPTEXT>
    <SCRTEXT_S>XML Mode</SCRTEXT_S>
    <SCRTEXT_M>XML Mode UI5</SCRTEXT_M>
    <SCRTEXT_L>XML Mode UI5</SCRTEXT_L>
    <DTELMASTER>E</DTELMASTER>
    <REFKIND>D</REFKIND>
   </DD04V>
   <I18N_LANGS>
    <LANGU>D</LANGU>
   </I18N_LANGS>
   <DD04_TEXTS>
    <item>
     <DDLANGUAGE>D</DDLANGUAGE>
     <DDTEXT>XML Mode UI5 NCA</DDTEXT>
     <REPTEXT>XML Mode UI5</REPTEXT>
     <SCRTEXT_S>XML Mode</SCRTEXT_S>
     <SCRTEXT_M>XML Mode UI5</SCRTEXT_M>
     <SCRTEXT_L>XML Mode UI5</SCRTEXT_L>
    </item>
   </DD04_TEXTS>
  </asx:values>
 </asx:abap>
</abapGit>
