﻿<?xml version="1.0" encoding="utf-8"?>
<abapGit version="v1.0.0" serializer="LCL_OBJECT_SHLP" serializer_version="v1.0.0">
 <asx:abap xmlns:asx="http://www.sap.com/abapxml" version="1.0">
  <asx:values>
   <DD30V>
    <SHLPNAME>ZNCA_NCA_APP_SHLP</SHLPNAME>
    <DDLANGUAGE>E</DDLANGUAGE>
    <DDTEXT>NCA Application</DDTEXT>
    <ISSIMPLE>X</ISSIMPLE>
    <SELMETHOD>ZCT_NCA_APP</SELMETHOD>
    <SELMTYPE>T</SELMTYPE>
    <DIALOGTYPE>D</DIALOGTYPE>
    <FUZZY_SIMILARITY>0.8</FUZZY_SIMILARITY>
   </DD30V>
   <DD32P_TABLE>
    <DD32P>
     <SHLPNAME>ZNCA_NCA_APP_SHLP</SHLPNAME>
     <FIELDNAME>NCA_APP_ID</FIELDNAME>
     <FLPOSITION>0001</FLPOSITION>
     <ROLLNAME>ZNCA_APP_ID</ROLLNAME>
     <SHLPINPUT>X</SHLPINPUT>
     <SHLPOUTPUT>X</SHLPOUTPUT>
     <SHLPSELPOS>01</SHLPSELPOS>
     <SHLPLISPOS>01</SHLPLISPOS>
     <SCRLEN3>20</SCRLEN3>
    </DD32P>
    <DD32P>
     <SHLPNAME>ZNCA_NCA_APP_SHLP</SHLPNAME>
     <FIELDNAME>TITLE</FIELDNAME>
     <FLPOSITION>0002</FLPOSITION>
     <ROLLNAME>ZNCA_APP_DESCR</ROLLNAME>
     <SHLPSELPOS>02</SHLPSELPOS>
     <SHLPLISPOS>02</SHLPLISPOS>
     <SCRLEN3>14</SCRLEN3>
    </DD32P>
   </DD32P_TABLE>
  </asx:values>
 </asx:abap>
</abapGit>
