﻿<?xml version="1.0" encoding="utf-8"?>
<abapGit version="v1.0.0" serializer="LCL_OBJECT_DTEL" serializer_version="v1.0.0">
 <asx:abap xmlns:asx="http://www.sap.com/abapxml" version="1.0">
  <asx:values>
   <DD04V>
    <ROLLNAME>ZNCA_UIBB_REF_TYPE</ROLLNAME>
    <DDLANGUAGE>E</DDLANGUAGE>
    <DOMNAME>ZNCA_UIBB_REF_TYPE</DOMNAME>
    <HEADLEN>19</HEADLEN>
    <SCRLEN1>10</SCRLEN1>
    <SCRLEN2>19</SCRLEN2>
    <SCRLEN3>19</SCRLEN3>
    <DDTEXT>UIBB Reference Type</DDTEXT>
    <REPTEXT>UIBB Reference Type</REPTEXT>
    <SCRTEXT_S>UIBB Ref T</SCRTEXT_S>
    <SCRTEXT_M>UIBB Reference Type</SCRTEXT_M>
    <SCRTEXT_L>UIBB Reference Type</SCRTEXT_L>
    <DTELMASTER>E</DTELMASTER>
    <REFKIND>D</REFKIND>
   </DD04V>
   <I18N_LANGS>
    <LANGU>D</LANGU>
   </I18N_LANGS>
   <DD04_TEXTS>
    <item>
     <DDLANGUAGE>D</DDLANGUAGE>
     <DDTEXT>UIBB Referenz Typ</DDTEXT>
     <REPTEXT>UIBB Referenz Typ</REPTEXT>
     <SCRTEXT_S>UIBB Refer</SCRTEXT_S>
     <SCRTEXT_M>UIBB Referenz Typ</SCRTEXT_M>
     <SCRTEXT_L>UIBB Referenz Typ</SCRTEXT_L>
    </item>
   </DD04_TEXTS>
  </asx:values>
 </asx:abap>
</abapGit>
