﻿<?xml version="1.0" encoding="utf-8"?>
<abapGit version="v1.0.0" serializer="LCL_OBJECT_DTEL" serializer_version="v1.0.0">
 <asx:abap xmlns:asx="http://www.sap.com/abapxml" version="1.0">
  <asx:values>
   <DD04V>
    <ROLLNAME>ZNCA_APP_REP_ID</ROLLNAME>
    <DDLANGUAGE>E</DDLANGUAGE>
    <DOMNAME>FDT_NAME</DOMNAME>
    <HEADLEN>30</HEADLEN>
    <SCRLEN1>10</SCRLEN1>
    <SCRLEN2>20</SCRLEN2>
    <SCRLEN3>40</SCRLEN3>
    <DDTEXT>Application Reporting ID</DDTEXT>
    <REPTEXT>Application Reporting ID</REPTEXT>
    <SCRTEXT_S>APP Rep ID</SCRTEXT_S>
    <SCRTEXT_M>Application Reportin</SCRTEXT_M>
    <SCRTEXT_L>Application Reporting ID</SCRTEXT_L>
    <DTELMASTER>E</DTELMASTER>
    <REFKIND>D</REFKIND>
   </DD04V>
   <I18N_LANGS>
    <LANGU>D</LANGU>
   </I18N_LANGS>
   <DD04_TEXTS>
    <item>
     <DDLANGUAGE>D</DDLANGUAGE>
     <DDTEXT>Application Reporting ID</DDTEXT>
     <REPTEXT>Application Reporting ID</REPTEXT>
     <SCRTEXT_S>APP Rep ID</SCRTEXT_S>
     <SCRTEXT_M>Application Reportin</SCRTEXT_M>
     <SCRTEXT_L>Application Reporting ID</SCRTEXT_L>
    </item>
   </DD04_TEXTS>
  </asx:values>
 </asx:abap>
</abapGit>
