﻿<?xml version="1.0" encoding="utf-8"?>
<abapGit version="v1.0.0" serializer="LCL_OBJECT_DTEL" serializer_version="v1.0.0">
 <asx:abap xmlns:asx="http://www.sap.com/abapxml" version="1.0">
  <asx:values>
   <DD04V>
    <ROLLNAME>ZNCA_UICO_SECONDARY</ROLLNAME>
    <DDLANGUAGE>E</DDLANGUAGE>
    <DOMNAME>XFELD</DOMNAME>
    <HEADLEN>55</HEADLEN>
    <SCRLEN1>10</SCRLEN1>
    <SCRLEN2>20</SCRLEN2>
    <SCRLEN3>40</SCRLEN3>
    <DDTEXT>Secondary Key</DDTEXT>
    <REPTEXT>Secondary Key</REPTEXT>
    <SCRTEXT_S>Sec. Key</SCRTEXT_S>
    <SCRTEXT_M>Secondary Key</SCRTEXT_M>
    <SCRTEXT_L>Secondary Key</SCRTEXT_L>
    <DTELMASTER>E</DTELMASTER>
    <REFKIND>D</REFKIND>
   </DD04V>
   <I18N_LANGS>
    <LANGU>D</LANGU>
   </I18N_LANGS>
   <DD04_TEXTS>
    <item>
     <DDLANGUAGE>D</DDLANGUAGE>
     <DDTEXT>Fremdschlüssel</DDTEXT>
     <REPTEXT>Fremdschlüssel</REPTEXT>
     <SCRTEXT_S>Fremdschlü</SCRTEXT_S>
     <SCRTEXT_M>Fremdschlüssel</SCRTEXT_M>
     <SCRTEXT_L>Fremdschlüssel</SCRTEXT_L>
    </item>
   </DD04_TEXTS>
  </asx:values>
 </asx:abap>
</abapGit>
