﻿<?xml version="1.0" encoding="utf-8"?>
<abapGit version="v1.0.0" serializer="LCL_OBJECT_SICF" serializer_version="v1.0.0">
 <asx:abap xmlns:asx="http://www.sap.com/abapxml" version="1.0">
  <asx:values>
   <URL>/sap/bc/webdynpro/sap/NPL00111/</URL>
   <ICFSERVICE>
    <ICF_NAME>NPL00111</ICF_NAME>
    <ORIG_NAME>NPL00111</ORIG_NAME>
    <ICFALTNME>ZWDA_NCA_CONFIG_APP</ICFALTNME>
   </ICFSERVICE>
   <ICFDOCU>
    <ICF_NAME>NPL00111</ICF_NAME>
    <ICF_LANGU>E</ICF_LANGU>
    <ICF_DOCU>Non Code Application Builder</ICF_DOCU>
   </ICFDOCU>
  </asx:values>
 </asx:abap>
</abapGit>
