﻿<?xml version="1.0" encoding="utf-8"?>
<abapGit version="v1.0.0" serializer="LCL_OBJECT_CLAS" serializer_version="v1.0.0">
 <asx:abap xmlns:asx="http://www.sap.com/abapxml" version="1.0">
  <asx:values>
   <VSEOCLASS>
    <CLSNAME>ZCL_NCA_CONFIG_MODEL</CLSNAME>
    <LANGU>E</LANGU>
    <DESCRIPT>NCA Config Light Model</DESCRIPT>
    <STATE>1</STATE>
    <CLSCCINCL>X</CLSCCINCL>
    <FIXPT>X</FIXPT>
    <UNICODE>X</UNICODE>
   </VSEOCLASS>
   <TPOOL>
    <item>
     <ID>I</ID>
     <KEY>001</KEY>
     <ENTRY>Blau</ENTRY>
     <LENGTH>14</LENGTH>
    </item>
    <item>
     <ID>I</ID>
     <KEY>002</KEY>
     <ENTRY>Braun</ENTRY>
     <LENGTH>15</LENGTH>
    </item>
    <item>
     <ID>I</ID>
     <KEY>003</KEY>
     <ENTRY>Grau</ENTRY>
     <LENGTH>14</LENGTH>
    </item>
    <item>
     <ID>I</ID>
     <KEY>004</KEY>
     <ENTRY>Grün</ENTRY>
     <LENGTH>14</LENGTH>
    </item>
    <item>
     <ID>I</ID>
     <KEY>005</KEY>
     <ENTRY>Orange</ENTRY>
     <LENGTH>16</LENGTH>
    </item>
    <item>
     <ID>I</ID>
     <KEY>006</KEY>
     <ENTRY>Rot</ENTRY>
     <LENGTH>13</LENGTH>
    </item>
    <item>
     <ID>I</ID>
     <KEY>007</KEY>
     <ENTRY>Violett</ENTRY>
     <LENGTH>17</LENGTH>
    </item>
    <item>
     <ID>I</ID>
     <KEY>008</KEY>
     <ENTRY>Gelb</ENTRY>
     <LENGTH>14</LENGTH>
    </item>
    <item>
     <ID>I</ID>
     <KEY>101</KEY>
     <ENTRY>blue</ENTRY>
     <LENGTH>14</LENGTH>
    </item>
    <item>
     <ID>I</ID>
     <KEY>102</KEY>
     <ENTRY>brown</ENTRY>
     <LENGTH>15</LENGTH>
    </item>
    <item>
     <ID>I</ID>
     <KEY>103</KEY>
     <ENTRY>grey</ENTRY>
     <LENGTH>14</LENGTH>
    </item>
    <item>
     <ID>I</ID>
     <KEY>104</KEY>
     <ENTRY>green</ENTRY>
     <LENGTH>15</LENGTH>
    </item>
    <item>
     <ID>I</ID>
     <KEY>105</KEY>
     <ENTRY>orange</ENTRY>
     <LENGTH>16</LENGTH>
    </item>
    <item>
     <ID>I</ID>
     <KEY>106</KEY>
     <ENTRY>red</ENTRY>
     <LENGTH>13</LENGTH>
    </item>
    <item>
     <ID>I</ID>
     <KEY>107</KEY>
     <ENTRY>violett</ENTRY>
     <LENGTH>17</LENGTH>
    </item>
    <item>
     <ID>I</ID>
     <KEY>108</KEY>
     <ENTRY>yellow</ENTRY>
     <LENGTH>16</LENGTH>
    </item>
   </TPOOL>
   <DESCRIPTIONS>
    <SEOCOMPOTX>
     <CLSNAME>ZCL_NCA_CONFIG_MODEL</CLSNAME>
     <CMPNAME>CHANGE_FIELD_USAGE_UICO_DTREF</CMPNAME>
     <LANGU>E</LANGU>
     <DESCRIPT>GET_DATA Change Field Usage</DESCRIPT>
    </SEOCOMPOTX>
    <SEOCOMPOTX>
     <CLSNAME>ZCL_NCA_CONFIG_MODEL</CLSNAME>
     <CMPNAME>CHECK_AUTHORIZATION</CMPNAME>
     <LANGU>E</LANGU>
     <DESCRIPT>Check Config Authorization</DESCRIPT>
    </SEOCOMPOTX>
    <SEOCOMPOTX>
     <CLSNAME>ZCL_NCA_CONFIG_MODEL</CLSNAME>
     <CMPNAME>CONSTRUCTOR</CMPNAME>
     <LANGU>E</LANGU>
     <DESCRIPT>CONSTRUCTOR</DESCRIPT>
    </SEOCOMPOTX>
    <SEOCOMPOTX>
     <CLSNAME>ZCL_NCA_CONFIG_MODEL</CLSNAME>
     <CMPNAME>CREATE_REF_UIBB</CMPNAME>
     <LANGU>E</LANGU>
     <DESCRIPT>Create Reference UIBB</DESCRIPT>
    </SEOCOMPOTX>
    <SEOCOMPOTX>
     <CLSNAME>ZCL_NCA_CONFIG_MODEL</CLSNAME>
     <CMPNAME>GET_BRF_APPL</CMPNAME>
     <LANGU>E</LANGU>
     <DESCRIPT>Get BRF Integ Object</DESCRIPT>
    </SEOCOMPOTX>
    <SEOCOMPOTX>
     <CLSNAME>ZCL_NCA_CONFIG_MODEL</CLSNAME>
     <CMPNAME>GET_INSTANCE</CMPNAME>
     <LANGU>E</LANGU>
     <DESCRIPT>Get Singleton Instance</DESCRIPT>
    </SEOCOMPOTX>
    <SEOCOMPOTX>
     <CLSNAME>ZCL_NCA_CONFIG_MODEL</CLSNAME>
     <CMPNAME>GET_RANDOM_CLASS_NAME</CMPNAME>
     <LANGU>E</LANGU>
     <DESCRIPT>Get Random Class Name (Date Time)</DESCRIPT>
    </SEOCOMPOTX>
    <SEOCOMPOTX>
     <CLSNAME>ZCL_NCA_CONFIG_MODEL</CLSNAME>
     <CMPNAME>GO_FPM_EVENT</CMPNAME>
     <LANGU>E</LANGU>
     <DESCRIPT>CL_FPM_EVENT</DESCRIPT>
    </SEOCOMPOTX>
    <SEOCOMPOTX>
     <CLSNAME>ZCL_NCA_CONFIG_MODEL</CLSNAME>
     <CMPNAME>GS_APP_CREATE_FORM</CMPNAME>
     <LANGU>E</LANGU>
     <DESCRIPT>GUIBBF App Create</DESCRIPT>
    </SEOCOMPOTX>
    <SEOCOMPOTX>
     <CLSNAME>ZCL_NCA_CONFIG_MODEL</CLSNAME>
     <CMPNAME>GS_GUIBBF_TRKORR</CMPNAME>
     <LANGU>E</LANGU>
     <DESCRIPT>Request/Task</DESCRIPT>
    </SEOCOMPOTX>
    <SEOCOMPOTX>
     <CLSNAME>ZCL_NCA_CONFIG_MODEL</CLSNAME>
     <CMPNAME>GS_SELECTED_APP_RP</CMPNAME>
     <LANGU>E</LANGU>
     <DESCRIPT>Structure Type for ZCT_NCA_APP_REP</DESCRIPT>
    </SEOCOMPOTX>
    <SEOCOMPOTX>
     <CLSNAME>ZCL_NCA_CONFIG_MODEL</CLSNAME>
     <CMPNAME>GS_SELECTED_UIBB</CMPNAME>
     <LANGU>E</LANGU>
     <DESCRIPT>Structure Type for ZCT_NCA_UIBBS</DESCRIPT>
    </SEOCOMPOTX>
    <SEOCOMPOTX>
     <CLSNAME>ZCL_NCA_CONFIG_MODEL</CLSNAME>
     <CMPNAME>GS_SELECTED_UICO</CMPNAME>
     <LANGU>E</LANGU>
     <DESCRIPT>Structure Type for ZCT_NCA_UICO</DESCRIPT>
    </SEOCOMPOTX>
    <SEOCOMPOTX>
     <CLSNAME>ZCL_NCA_CONFIG_MODEL</CLSNAME>
     <CMPNAME>GS_T000</CMPNAME>
     <LANGU>E</LANGU>
     <DESCRIPT>Clients</DESCRIPT>
    </SEOCOMPOTX>
    <SEOCOMPOTX>
     <CLSNAME>ZCL_NCA_CONFIG_MODEL</CLSNAME>
     <CMPNAME>GT_SEARCH_RESULT</CMPNAME>
     <LANGU>E</LANGU>
     <DESCRIPT>Table Type for ZMARA_S_CONFIG_GUIBBS_FORM</DESCRIPT>
    </SEOCOMPOTX>
    <SEOCOMPOTX>
     <CLSNAME>ZCL_NCA_CONFIG_MODEL</CLSNAME>
     <CMPNAME>GV_DIRTY</CMPNAME>
     <LANGU>E</LANGU>
     <DESCRIPT>Checkbox</DESCRIPT>
    </SEOCOMPOTX>
    <SEOCOMPOTX>
     <CLSNAME>ZCL_NCA_CONFIG_MODEL</CLSNAME>
     <CMPNAME>INITIALIZE</CMPNAME>
     <LANGU>E</LANGU>
     <DESCRIPT>Initialize Model</DESCRIPT>
    </SEOCOMPOTX>
    <SEOCOMPOTX>
     <CLSNAME>ZCL_NCA_CONFIG_MODEL</CLSNAME>
     <CMPNAME>LOCK_OBJECTS</CMPNAME>
     <LANGU>E</LANGU>
     <DESCRIPT>Lock app and BRF</DESCRIPT>
    </SEOCOMPOTX>
    <SEOCOMPOTX>
     <CLSNAME>ZCL_NCA_CONFIG_MODEL</CLSNAME>
     <CMPNAME>MO_BRF_INTEGRATION</CMPNAME>
     <LANGU>E</LANGU>
     <DESCRIPT>BRF Plus Application Service</DESCRIPT>
    </SEOCOMPOTX>
    <SEOCOMPOTX>
     <CLSNAME>ZCL_NCA_CONFIG_MODEL</CLSNAME>
     <CMPNAME>MO_FPM</CMPNAME>
     <LANGU>E</LANGU>
     <DESCRIPT>Interface for accessing FPM functionality</DESCRIPT>
    </SEOCOMPOTX>
    <SEOCOMPOTX>
     <CLSNAME>ZCL_NCA_CONFIG_MODEL</CLSNAME>
     <CMPNAME>MO_INSTANCE</CMPNAME>
     <LANGU>E</LANGU>
     <DESCRIPT>MARA NCA Config Model</DESCRIPT>
    </SEOCOMPOTX>
    <SEOCOMPOTX>
     <CLSNAME>ZCL_NCA_CONFIG_MODEL</CLSNAME>
     <CMPNAME>MO_MESSAGES</CMPNAME>
     <LANGU>E</LANGU>
     <DESCRIPT>Messages</DESCRIPT>
    </SEOCOMPOTX>
    <SEOCOMPOTX>
     <CLSNAME>ZCL_NCA_CONFIG_MODEL</CLSNAME>
     <CMPNAME>MO_NCA</CMPNAME>
     <LANGU>E</LANGU>
     <DESCRIPT>NCA Object API</DESCRIPT>
    </SEOCOMPOTX>
    <SEOCOMPOTX>
     <CLSNAME>ZCL_NCA_CONFIG_MODEL</CLSNAME>
     <CMPNAME>MT_INVALIDATE_UIBB</CMPNAME>
     <LANGU>E</LANGU>
     <DESCRIPT>Table of component instance keys (comp name + config key)</DESCRIPT>
    </SEOCOMPOTX>
    <SEOCOMPOTX>
     <CLSNAME>ZCL_NCA_CONFIG_MODEL</CLSNAME>
     <CMPNAME>SAVE</CMPNAME>
     <LANGU>E</LANGU>
     <DESCRIPT>Save</DESCRIPT>
    </SEOCOMPOTX>
    <SEOCOMPOTX>
     <CLSNAME>ZCL_NCA_CONFIG_MODEL</CLSNAME>
     <CMPNAME>SAVE_BRF_APPL</CMPNAME>
     <LANGU>E</LANGU>
     <DESCRIPT>Save</DESCRIPT>
    </SEOCOMPOTX>
    <SEOCOMPOTX>
     <CLSNAME>ZCL_NCA_CONFIG_MODEL</CLSNAME>
     <CMPNAME>SAVE_NCA_APPL</CMPNAME>
     <LANGU>E</LANGU>
     <DESCRIPT>Save</DESCRIPT>
    </SEOCOMPOTX>
    <SEOCOMPOTX>
     <CLSNAME>ZCL_NCA_CONFIG_MODEL</CLSNAME>
     <CMPNAME>SET_APPLICATION</CMPNAME>
     <LANGU>E</LANGU>
     <DESCRIPT>Set Existing Application for Display/Edit mode</DESCRIPT>
    </SEOCOMPOTX>
    <SEOCOMPOTX>
     <CLSNAME>ZCL_NCA_CONFIG_MODEL</CLSNAME>
     <CMPNAME>UNLOCK_OBJECTS</CMPNAME>
     <LANGU>E</LANGU>
     <DESCRIPT>Lock app and BRF</DESCRIPT>
    </SEOCOMPOTX>
    <SEOCOMPOTX>
     <CLSNAME>ZCL_NCA_CONFIG_MODEL</CLSNAME>
     <CMPNAME>UPDATE_CELL_DESIGN_REF</CMPNAME>
     <LANGU>E</LANGU>
     <DESCRIPT>Save</DESCRIPT>
    </SEOCOMPOTX>
    <SEOCOMPOTX>
     <CLSNAME>ZCL_NCA_CONFIG_MODEL</CLSNAME>
     <CMPNAME>WRITE_TRANSPORT_ENTRY</CMPNAME>
     <LANGU>E</LANGU>
     <DESCRIPT>Write NCA Table entries to Transport</DESCRIPT>
    </SEOCOMPOTX>
    <SEOCOMPOTX>
     <CLSNAME>ZCL_NCA_CONFIG_MODEL</CLSNAME>
     <CMPNAME>WRITE_TRANSPORT_ENTRY_HEADER</CMPNAME>
     <LANGU>E</LANGU>
     <DESCRIPT>Header</DESCRIPT>
    </SEOCOMPOTX>
    <SEOCOMPOTX>
     <CLSNAME>ZCL_NCA_CONFIG_MODEL</CLSNAME>
     <CMPNAME>WRITE_TRANSPORT_ENTRY_KEY</CMPNAME>
     <LANGU>E</LANGU>
     <DESCRIPT>Table Key</DESCRIPT>
    </SEOCOMPOTX>
    <SEOCOMPOTX>
     <CLSNAME>ZCL_NCA_CONFIG_MODEL</CLSNAME>
     <CMPNAME>WRITE_TRANSPORT_SORT_AND_COMP</CMPNAME>
     <LANGU>E</LANGU>
     <DESCRIPT>Sort and compress</DESCRIPT>
    </SEOCOMPOTX>
    <SEOCOMPOTX>
     <CLSNAME>ZCL_NCA_CONFIG_MODEL</CLSNAME>
     <CMPNAME>_GET_SYSTEM_INFO</CMPNAME>
     <LANGU>E</LANGU>
     <DESCRIPT>Get System Info</DESCRIPT>
    </SEOCOMPOTX>
   </DESCRIPTIONS>
  </asx:values>
 </asx:abap>
</abapGit>
