﻿<?xml version="1.0" encoding="utf-8"?>
<abapGit version="v1.0.0" serializer="LCL_OBJECT_CLAS" serializer_version="v1.0.0">
 <asx:abap xmlns:asx="http://www.sap.com/abapxml" version="1.0">
  <asx:values>
   <VSEOCLASS>
    <CLSNAME>ZCL_NCA_CONFIG_GUIBBF_APP</CLSNAME>
    <LANGU>E</LANGU>
    <DESCRIPT>App Settings</DESCRIPT>
    <STATE>1</STATE>
    <CLSCCINCL>X</CLSCCINCL>
    <FIXPT>X</FIXPT>
    <UNICODE>X</UNICODE>
   </VSEOCLASS>
   <TPOOL>
    <item>
     <ID>I</ID>
     <KEY>001</KEY>
     <ENTRY>Application Settings</ENTRY>
     <LENGTH>40</LENGTH>
    </item>
   </TPOOL>
   <I18N_TPOOL>
    <item>
     <LANGUAGE>D</LANGUAGE>
     <TEXTPOOL>
      <item>
       <ID>I</ID>
       <KEY>001</KEY>
       <ENTRY>Anwendungseinstellungen</ENTRY>
       <LENGTH>40</LENGTH>
      </item>
     </TEXTPOOL>
    </item>
   </I18N_TPOOL>
   <I18N_LINES>
    <item>
     <LANGUAGE>D</LANGUAGE>
    </item>
   </I18N_LINES>
   <DESCRIPTIONS>
    <SEOCOMPOTX>
     <CLSNAME>ZCL_NCA_CONFIG_GUIBBF_APP</CLSNAME>
     <CMPNAME>CHANGE_ACTION_USAGE</CMPNAME>
     <LANGU>E</LANGU>
     <DESCRIPT>GET_DATA Change Action Usage</DESCRIPT>
    </SEOCOMPOTX>
    <SEOCOMPOTX>
     <CLSNAME>ZCL_NCA_CONFIG_GUIBBF_APP</CLSNAME>
     <CMPNAME>CHANGE_FIELD_DESCRIPTION</CMPNAME>
     <LANGU>E</LANGU>
     <DESCRIPT>GET_DEFINITION Change Field Description</DESCRIPT>
    </SEOCOMPOTX>
    <SEOCOMPOTX>
     <CLSNAME>ZCL_NCA_CONFIG_GUIBBF_APP</CLSNAME>
     <CMPNAME>CHANGE_FIELD_USAGE</CMPNAME>
     <LANGU>E</LANGU>
     <DESCRIPT>GET_DATA Change Field Usage</DESCRIPT>
    </SEOCOMPOTX>
    <SEOCOMPOTX>
     <CLSNAME>ZCL_NCA_CONFIG_GUIBBF_APP</CLSNAME>
     <CMPNAME>CHECK_INPUT</CMPNAME>
     <LANGU>E</LANGU>
     <DESCRIPT>PROCESS_EVENT Check Input</DESCRIPT>
    </SEOCOMPOTX>
    <SEOCOMPOTX>
     <CLSNAME>ZCL_NCA_CONFIG_GUIBBF_APP</CLSNAME>
     <CMPNAME>FILL_FORM</CMPNAME>
     <LANGU>E</LANGU>
     <DESCRIPT>Query: Fill Form Data</DESCRIPT>
    </SEOCOMPOTX>
    <SEOCOMPOTX>
     <CLSNAME>ZCL_NCA_CONFIG_GUIBBF_APP</CLSNAME>
     <CMPNAME>MS_DATA</CMPNAME>
     <LANGU>E</LANGU>
     <DESCRIPT>Boolean Variable (X=True, -=False, Space=Unknown)</DESCRIPT>
    </SEOCOMPOTX>
   </DESCRIPTIONS>
  </asx:values>
 </asx:abap>
</abapGit>
