﻿<?xml version="1.0" encoding="utf-8"?>
<abapGit version="v1.0.0" serializer="LCL_OBJECT_CLAS" serializer_version="v1.0.0">
 <asx:abap xmlns:asx="http://www.sap.com/abapxml" version="1.0">
  <asx:values>
   <VSEOCLASS>
    <CLSNAME>ZCL_NCA_CONFIG_GUIBB</CLSNAME>
    <LANGU>E</LANGU>
    <DESCRIPT>Classification Super</DESCRIPT>
    <STATE>1</STATE>
    <CLSCCINCL>X</CLSCCINCL>
    <FIXPT>X</FIXPT>
    <UNICODE>X</UNICODE>
   </VSEOCLASS>
   <DESCRIPTIONS>
    <SEOCOMPOTX>
     <CLSNAME>ZCL_NCA_CONFIG_GUIBB</CLSNAME>
     <CMPNAME>BUILD_GUIBBF_LAYOUT_CONFIG</CMPNAME>
     <LANGU>E</LANGU>
     <DESCRIPT>Build Form Config</DESCRIPT>
    </SEOCOMPOTX>
    <SEOCOMPOTX>
     <CLSNAME>ZCL_NCA_CONFIG_GUIBB</CLSNAME>
     <CMPNAME>BUILD_GUIBBL_LAYOUT_CONFIG</CMPNAME>
     <LANGU>E</LANGU>
     <DESCRIPT>Build GUIBB List Layout</DESCRIPT>
    </SEOCOMPOTX>
    <SEOCOMPOTX>
     <CLSNAME>ZCL_NCA_CONFIG_GUIBB</CLSNAME>
     <CMPNAME>DETERMINE_DISPLAY_TYPE</CMPNAME>
     <LANGU>E</LANGU>
     <DESCRIPT>Determine Display Type</DESCRIPT>
    </SEOCOMPOTX>
    <SEOCOMPOTX>
     <CLSNAME>ZCL_NCA_CONFIG_GUIBB</CLSNAME>
     <CMPNAME>MO_FPM</CMPNAME>
     <LANGU>E</LANGU>
     <DESCRIPT>Interface for accessing FPM functionality</DESCRIPT>
    </SEOCOMPOTX>
    <SEOCOMPOTX>
     <CLSNAME>ZCL_NCA_CONFIG_GUIBB</CLSNAME>
     <CMPNAME>MO_MESSAGES</CMPNAME>
     <LANGU>E</LANGU>
     <DESCRIPT>Customer 360 Messages</DESCRIPT>
    </SEOCOMPOTX>
    <SEOCOMPOTX>
     <CLSNAME>ZCL_NCA_CONFIG_GUIBB</CLSNAME>
     <CMPNAME>MO_MODEL</CMPNAME>
     <LANGU>E</LANGU>
     <DESCRIPT>Model Class for GUIBBs</DESCRIPT>
    </SEOCOMPOTX>
    <SEOCOMPOTX>
     <CLSNAME>ZCL_NCA_CONFIG_GUIBB</CLSNAME>
     <CMPNAME>MS_UIBB_KEY</CMPNAME>
     <LANGU>E</LANGU>
     <DESCRIPT>Key Components of Configuration Tables</DESCRIPT>
    </SEOCOMPOTX>
   </DESCRIPTIONS>
  </asx:values>
 </asx:abap>
</abapGit>
