﻿<?xml version="1.0" encoding="utf-8"?>
<abapGit version="v1.0.0" serializer="LCL_OBJECT_CLAS" serializer_version="v1.0.0">
 <asx:abap xmlns:asx="http://www.sap.com/abapxml" version="1.0">
  <asx:values>
   <VSEOCLASS>
    <CLSNAME>ZCL_NCA_CONFIG_NAVIGATION</CLSNAME>
    <LANGU>E</LANGU>
    <DESCRIPT>Navigation</DESCRIPT>
    <STATE>1</STATE>
    <CLSCCINCL>X</CLSCCINCL>
    <FIXPT>X</FIXPT>
    <UNICODE>X</UNICODE>
   </VSEOCLASS>
   <DESCRIPTIONS>
    <SEOCOMPOTX>
     <CLSNAME>ZCL_NCA_CONFIG_NAVIGATION</CLSNAME>
     <CMPNAME>NAVIGATE_TO_BRF</CMPNAME>
     <LANGU>E</LANGU>
     <DESCRIPT>Navigate to BRF+</DESCRIPT>
    </SEOCOMPOTX>
    <SEOCOMPOTX>
     <CLSNAME>ZCL_NCA_CONFIG_NAVIGATION</CLSNAME>
     <CMPNAME>NAVIGATE_TO_BRF_TRACE</CMPNAME>
     <LANGU>E</LANGU>
     <DESCRIPT>Navigate to BRF+</DESCRIPT>
    </SEOCOMPOTX>
    <SEOCOMPOTX>
     <CLSNAME>ZCL_NCA_CONFIG_NAVIGATION</CLSNAME>
     <CMPNAME>NAVIGATE_TO_ICON</CMPNAME>
     <LANGU>E</LANGU>
     <DESCRIPT>Navigate to Icon Explorer</DESCRIPT>
    </SEOCOMPOTX>
    <SEOCOMPOTX>
     <CLSNAME>ZCL_NCA_CONFIG_NAVIGATION</CLSNAME>
     <CMPNAME>NAVIGATE_TO_NCA_FPM</CMPNAME>
     <LANGU>E</LANGU>
     <DESCRIPT>Navigate to NCA FPM</DESCRIPT>
    </SEOCOMPOTX>
    <SEOCOMPOTX>
     <CLSNAME>ZCL_NCA_CONFIG_NAVIGATION</CLSNAME>
     <CMPNAME>NAVIGATE_TO_NCA_UI5</CMPNAME>
     <LANGU>E</LANGU>
     <DESCRIPT>Navigate to UI5</DESCRIPT>
    </SEOCOMPOTX>
    <SEOCOMPOTX>
     <CLSNAME>ZCL_NCA_CONFIG_NAVIGATION</CLSNAME>
     <CMPNAME>_NAVIGATE_TO_URL</CMPNAME>
     <LANGU>E</LANGU>
     <DESCRIPT>Navigate to URL</DESCRIPT>
    </SEOCOMPOTX>
    <SEOCOMPOTX>
     <CLSNAME>ZCL_NCA_CONFIG_NAVIGATION</CLSNAME>
     <CMPNAME>_NAVIGATE_TO_WDA</CMPNAME>
     <LANGU>E</LANGU>
     <DESCRIPT>Navigate to WDA</DESCRIPT>
    </SEOCOMPOTX>
   </DESCRIPTIONS>
  </asx:values>
 </asx:abap>
</abapGit>
