﻿<?xml version="1.0" encoding="utf-8"?>
<abapGit version="v1.0.0" serializer="LCL_OBJECT_CLAS" serializer_version="v1.0.0">
 <asx:abap xmlns:asx="http://www.sap.com/abapxml" version="1.0">
  <asx:values>
   <VSEOCLASS>
    <CLSNAME>ZCL_NCA_CONFIG_GUIBBL_TEXTS</CLSNAME>
    <LANGU>E</LANGU>
    <DESCRIPT>UICO Texts</DESCRIPT>
    <STATE>1</STATE>
    <CLSCCINCL>X</CLSCCINCL>
    <FIXPT>X</FIXPT>
    <UNICODE>X</UNICODE>
   </VSEOCLASS>
   <TPOOL>
    <item>
     <ID>I</ID>
     <KEY>001</KEY>
     <ENTRY>Application Title</ENTRY>
     <LENGTH>27</LENGTH>
    </item>
    <item>
     <ID>I</ID>
     <KEY>002</KEY>
     <ENTRY>Reporting Title</ENTRY>
     <LENGTH>25</LENGTH>
    </item>
    <item>
     <ID>I</ID>
     <KEY>003</KEY>
     <ENTRY>Block</ENTRY>
     <LENGTH>15</LENGTH>
    </item>
    <item>
     <ID>I</ID>
     <KEY>004</KEY>
     <ENTRY>Field/Column</ENTRY>
     <LENGTH>15</LENGTH>
    </item>
    <item>
     <ID>I</ID>
     <KEY>005</KEY>
     <ENTRY>(Fixed Value)</ENTRY>
     <LENGTH>23</LENGTH>
    </item>
    <item>
     <ID>I</ID>
     <KEY>006</KEY>
     <ENTRY>Title</ENTRY>
     <LENGTH>15</LENGTH>
    </item>
    <item>
     <ID>I</ID>
     <KEY>007</KEY>
     <ENTRY>UI Component</ENTRY>
     <LENGTH>19</LENGTH>
    </item>
    <item>
     <ID>I</ID>
     <KEY>008</KEY>
     <ENTRY>Action Text</ENTRY>
     <LENGTH>21</LENGTH>
    </item>
   </TPOOL>
   <DESCRIPTIONS>
    <SEOCOMPOTX>
     <CLSNAME>ZCL_NCA_CONFIG_GUIBBL_TEXTS</CLSNAME>
     <CMPNAME>MO_FIELD_CATALOG</CMPNAME>
     <LANGU>E</LANGU>
     <DESCRIPT>Runtime Type Services</DESCRIPT>
    </SEOCOMPOTX>
    <SEOCOMPOTX>
     <CLSNAME>ZCL_NCA_CONFIG_GUIBBL_TEXTS</CLSNAME>
     <CMPNAME>MS_DATA</CMPNAME>
     <LANGU>E</LANGU>
     <DESCRIPT>NCA Application Config Classification Overview</DESCRIPT>
    </SEOCOMPOTX>
    <SEOCOMPOTX>
     <CLSNAME>ZCL_NCA_CONFIG_GUIBBL_TEXTS</CLSNAME>
     <CMPNAME>MT_DATA</CMPNAME>
     <LANGU>E</LANGU>
     <DESCRIPT>Table Type for ZMARA_S_NCA_CONFIG_GUIBBl_CL_O</DESCRIPT>
    </SEOCOMPOTX>
    <SEOCOMPOTX>
     <CLSNAME>ZCL_NCA_CONFIG_GUIBBL_TEXTS</CLSNAME>
     <CMPNAME>MV_READ_ONLY</CMPNAME>
     <LANGU>E</LANGU>
     <DESCRIPT>Checkbox</DESCRIPT>
    </SEOCOMPOTX>
   </DESCRIPTIONS>
  </asx:values>
 </asx:abap>
</abapGit>
