﻿<?xml version="1.0" encoding="utf-8"?>
<abapGit version="v1.0.0" serializer="LCL_OBJECT_CLAS" serializer_version="v1.0.0">
 <asx:abap xmlns:asx="http://www.sap.com/abapxml" version="1.0">
  <asx:values>
   <VSEOCLASS>
    <CLSNAME>ZCL_NCA_CONFIG_CONSTANTS</CLSNAME>
    <LANGU>E</LANGU>
    <DESCRIPT>Constants</DESCRIPT>
    <STATE>1</STATE>
    <CLSCCINCL>X</CLSCCINCL>
    <FIXPT>X</FIXPT>
    <UNICODE>X</UNICODE>
   </VSEOCLASS>
   <DESCRIPTIONS>
    <SEOCOMPOTX>
     <CLSNAME>ZCL_NCA_CONFIG_CONSTANTS</CLSNAME>
     <CMPNAME>GC_CLASS_TABLE</CMPNAME>
     <LANGU>E</LANGU>
     <DESCRIPT>Class Type</DESCRIPT>
    </SEOCOMPOTX>
    <SEOCOMPOTX>
     <CLSNAME>ZCL_NCA_CONFIG_CONSTANTS</CLSNAME>
     <CMPNAME>GC_CLASS_TYPE</CMPNAME>
     <LANGU>E</LANGU>
     <DESCRIPT>Class Type</DESCRIPT>
    </SEOCOMPOTX>
    <SEOCOMPOTX>
     <CLSNAME>ZCL_NCA_CONFIG_CONSTANTS</CLSNAME>
     <CMPNAME>GC_EVENT_ACTION_ADD</CMPNAME>
     <LANGU>E</LANGU>
     <DESCRIPT>ID of the FPM Event</DESCRIPT>
    </SEOCOMPOTX>
    <SEOCOMPOTX>
     <CLSNAME>ZCL_NCA_CONFIG_CONSTANTS</CLSNAME>
     <CMPNAME>GC_EVENT_ACTION_DEL</CMPNAME>
     <LANGU>E</LANGU>
     <DESCRIPT>ID of the FPM Event</DESCRIPT>
    </SEOCOMPOTX>
    <SEOCOMPOTX>
     <CLSNAME>ZCL_NCA_CONFIG_CONSTANTS</CLSNAME>
     <CMPNAME>GC_EVENT_ACTIVATE_LANGU</CMPNAME>
     <LANGU>E</LANGU>
     <DESCRIPT>ID of the FPM Event</DESCRIPT>
    </SEOCOMPOTX>
    <SEOCOMPOTX>
     <CLSNAME>ZCL_NCA_CONFIG_CONSTANTS</CLSNAME>
     <CMPNAME>GC_EVENT_BACK</CMPNAME>
     <LANGU>E</LANGU>
     <DESCRIPT>ID of the FPM Event</DESCRIPT>
    </SEOCOMPOTX>
    <SEOCOMPOTX>
     <CLSNAME>ZCL_NCA_CONFIG_CONSTANTS</CLSNAME>
     <CMPNAME>GC_EVENT_BLOCK_LAYOUT</CMPNAME>
     <LANGU>E</LANGU>
     <DESCRIPT>ID of the FPM Event</DESCRIPT>
    </SEOCOMPOTX>
    <SEOCOMPOTX>
     <CLSNAME>ZCL_NCA_CONFIG_CONSTANTS</CLSNAME>
     <CMPNAME>GC_EVENT_BLOCK_LAYOUT_50_50</CMPNAME>
     <LANGU>E</LANGU>
     <DESCRIPT>ID of the FPM Event</DESCRIPT>
    </SEOCOMPOTX>
    <SEOCOMPOTX>
     <CLSNAME>ZCL_NCA_CONFIG_CONSTANTS</CLSNAME>
     <CMPNAME>GC_EVENT_BLOCK_UNASSIGN</CMPNAME>
     <LANGU>E</LANGU>
     <DESCRIPT>ID of the FPM Event</DESCRIPT>
    </SEOCOMPOTX>
    <SEOCOMPOTX>
     <CLSNAME>ZCL_NCA_CONFIG_CONSTANTS</CLSNAME>
     <CMPNAME>GC_EVENT_CT_CHAR_ADD</CMPNAME>
     <LANGU>E</LANGU>
     <DESCRIPT>ID of the FPM Event</DESCRIPT>
    </SEOCOMPOTX>
    <SEOCOMPOTX>
     <CLSNAME>ZCL_NCA_CONFIG_CONSTANTS</CLSNAME>
     <CMPNAME>GC_EVENT_CT_CURR_ADD</CMPNAME>
     <LANGU>E</LANGU>
     <DESCRIPT>ID of the FPM Event</DESCRIPT>
    </SEOCOMPOTX>
    <SEOCOMPOTX>
     <CLSNAME>ZCL_NCA_CONFIG_CONSTANTS</CLSNAME>
     <CMPNAME>GC_EVENT_CT_NUM_ADD</CMPNAME>
     <LANGU>E</LANGU>
     <DESCRIPT>ID of the FPM Event</DESCRIPT>
    </SEOCOMPOTX>
    <SEOCOMPOTX>
     <CLSNAME>ZCL_NCA_CONFIG_CONSTANTS</CLSNAME>
     <CMPNAME>GC_EVENT_CT_TYPE_CHANGED</CMPNAME>
     <LANGU>E</LANGU>
     <DESCRIPT>ID of the FPM Event</DESCRIPT>
    </SEOCOMPOTX>
    <SEOCOMPOTX>
     <CLSNAME>ZCL_NCA_CONFIG_CONSTANTS</CLSNAME>
     <CMPNAME>GC_EVENT_CT_TYPE_CHG</CMPNAME>
     <LANGU>E</LANGU>
     <DESCRIPT>ID of the FPM Event</DESCRIPT>
    </SEOCOMPOTX>
    <SEOCOMPOTX>
     <CLSNAME>ZCL_NCA_CONFIG_CONSTANTS</CLSNAME>
     <CMPNAME>GC_EVENT_DISPLAY</CMPNAME>
     <LANGU>E</LANGU>
     <DESCRIPT>ID of the FPM Event</DESCRIPT>
    </SEOCOMPOTX>
    <SEOCOMPOTX>
     <CLSNAME>ZCL_NCA_CONFIG_CONSTANTS</CLSNAME>
     <CMPNAME>GC_EVENT_INVALIDATE</CMPNAME>
     <LANGU>E</LANGU>
     <DESCRIPT>ID of the FPM Event</DESCRIPT>
    </SEOCOMPOTX>
    <SEOCOMPOTX>
     <CLSNAME>ZCL_NCA_CONFIG_CONSTANTS</CLSNAME>
     <CMPNAME>GC_EVENT_NAVI_BRF</CMPNAME>
     <LANGU>E</LANGU>
     <DESCRIPT>ID of the FPM Event</DESCRIPT>
    </SEOCOMPOTX>
    <SEOCOMPOTX>
     <CLSNAME>ZCL_NCA_CONFIG_CONSTANTS</CLSNAME>
     <CMPNAME>GC_EVENT_NAVI_BRF_APP</CMPNAME>
     <LANGU>E</LANGU>
     <DESCRIPT>ID of the FPM Event</DESCRIPT>
    </SEOCOMPOTX>
    <SEOCOMPOTX>
     <CLSNAME>ZCL_NCA_CONFIG_CONSTANTS</CLSNAME>
     <CMPNAME>GC_EVENT_NAVI_FPM</CMPNAME>
     <LANGU>E</LANGU>
     <DESCRIPT>ID of the FPM Event</DESCRIPT>
    </SEOCOMPOTX>
    <SEOCOMPOTX>
     <CLSNAME>ZCL_NCA_CONFIG_CONSTANTS</CLSNAME>
     <CMPNAME>GC_EVENT_NAVI_ICON</CMPNAME>
     <LANGU>E</LANGU>
     <DESCRIPT>ID of the FPM Event</DESCRIPT>
    </SEOCOMPOTX>
    <SEOCOMPOTX>
     <CLSNAME>ZCL_NCA_CONFIG_CONSTANTS</CLSNAME>
     <CMPNAME>GC_EVENT_NAVI_UI5</CMPNAME>
     <LANGU>E</LANGU>
     <DESCRIPT>ID of the FPM Event</DESCRIPT>
    </SEOCOMPOTX>
    <SEOCOMPOTX>
     <CLSNAME>ZCL_NCA_CONFIG_CONSTANTS</CLSNAME>
     <CMPNAME>GC_EVENT_NCA_COPY</CMPNAME>
     <LANGU>E</LANGU>
     <DESCRIPT>ID of the FPM Event</DESCRIPT>
    </SEOCOMPOTX>
    <SEOCOMPOTX>
     <CLSNAME>ZCL_NCA_CONFIG_CONSTANTS</CLSNAME>
     <CMPNAME>GC_EVENT_NCA_DELETE</CMPNAME>
     <LANGU>E</LANGU>
     <DESCRIPT>ID of the FPM Event</DESCRIPT>
    </SEOCOMPOTX>
    <SEOCOMPOTX>
     <CLSNAME>ZCL_NCA_CONFIG_CONSTANTS</CLSNAME>
     <CMPNAME>GC_EVENT_NCA_DISPLAY</CMPNAME>
     <LANGU>E</LANGU>
     <DESCRIPT>ID of the FPM Event</DESCRIPT>
    </SEOCOMPOTX>
    <SEOCOMPOTX>
     <CLSNAME>ZCL_NCA_CONFIG_CONSTANTS</CLSNAME>
     <CMPNAME>GC_EVENT_NCA_EDIT</CMPNAME>
     <LANGU>E</LANGU>
     <DESCRIPT>ID of the FPM Event</DESCRIPT>
    </SEOCOMPOTX>
    <SEOCOMPOTX>
     <CLSNAME>ZCL_NCA_CONFIG_CONSTANTS</CLSNAME>
     <CMPNAME>GC_EVENT_NCA_NAVIGATE_TO_BRF</CMPNAME>
     <LANGU>E</LANGU>
     <DESCRIPT>ID of the FPM Event</DESCRIPT>
    </SEOCOMPOTX>
    <SEOCOMPOTX>
     <CLSNAME>ZCL_NCA_CONFIG_CONSTANTS</CLSNAME>
     <CMPNAME>GC_EVENT_NCA_NAVIGATE_TO_FPM</CMPNAME>
     <LANGU>E</LANGU>
     <DESCRIPT>ID of the FPM Event</DESCRIPT>
    </SEOCOMPOTX>
    <SEOCOMPOTX>
     <CLSNAME>ZCL_NCA_CONFIG_CONSTANTS</CLSNAME>
     <CMPNAME>GC_EVENT_NCA_NAVIGATE_TO_UI5</CMPNAME>
     <LANGU>E</LANGU>
     <DESCRIPT>ID of the FPM Event</DESCRIPT>
    </SEOCOMPOTX>
    <SEOCOMPOTX>
     <CLSNAME>ZCL_NCA_CONFIG_CONSTANTS</CLSNAME>
     <CMPNAME>GC_EVENT_NCA_SAVE</CMPNAME>
     <LANGU>E</LANGU>
     <DESCRIPT>ID of the FPM Event</DESCRIPT>
    </SEOCOMPOTX>
    <SEOCOMPOTX>
     <CLSNAME>ZCL_NCA_CONFIG_CONSTANTS</CLSNAME>
     <CMPNAME>GC_EVENT_PARAM_DEVICE_ID</CMPNAME>
     <LANGU>E</LANGU>
     <DESCRIPT>Parameter Name for FPM Event</DESCRIPT>
    </SEOCOMPOTX>
    <SEOCOMPOTX>
     <CLSNAME>ZCL_NCA_CONFIG_CONSTANTS</CLSNAME>
     <CMPNAME>GC_EVENT_PARAM_VALIDATE_AREA</CMPNAME>
     <LANGU>E</LANGU>
     <DESCRIPT>Parameter Name for FPM Event</DESCRIPT>
    </SEOCOMPOTX>
    <SEOCOMPOTX>
     <CLSNAME>ZCL_NCA_CONFIG_CONSTANTS</CLSNAME>
     <CMPNAME>GC_EVENT_REFRESH</CMPNAME>
     <LANGU>E</LANGU>
     <DESCRIPT>ID of the FPM Event</DESCRIPT>
    </SEOCOMPOTX>
    <SEOCOMPOTX>
     <CLSNAME>ZCL_NCA_CONFIG_CONSTANTS</CLSNAME>
     <CMPNAME>GC_EVENT_SWITCH_DEVICE</CMPNAME>
     <LANGU>E</LANGU>
     <DESCRIPT>ID of the FPM Event</DESCRIPT>
    </SEOCOMPOTX>
    <SEOCOMPOTX>
     <CLSNAME>ZCL_NCA_CONFIG_CONSTANTS</CLSNAME>
     <CMPNAME>GC_EVENT_UIBB_ADD</CMPNAME>
     <LANGU>E</LANGU>
     <DESCRIPT>ID of the FPM Event</DESCRIPT>
    </SEOCOMPOTX>
    <SEOCOMPOTX>
     <CLSNAME>ZCL_NCA_CONFIG_CONSTANTS</CLSNAME>
     <CMPNAME>GC_EVENT_UIBB_CREATE</CMPNAME>
     <LANGU>E</LANGU>
     <DESCRIPT>ID of the FPM Event</DESCRIPT>
    </SEOCOMPOTX>
    <SEOCOMPOTX>
     <CLSNAME>ZCL_NCA_CONFIG_CONSTANTS</CLSNAME>
     <CMPNAME>GC_EVENT_UIBB_DEL</CMPNAME>
     <LANGU>E</LANGU>
     <DESCRIPT>ID of the FPM Event</DESCRIPT>
    </SEOCOMPOTX>
    <SEOCOMPOTX>
     <CLSNAME>ZCL_NCA_CONFIG_CONSTANTS</CLSNAME>
     <CMPNAME>GC_EVENT_UIBB_TYPE_CHG</CMPNAME>
     <LANGU>E</LANGU>
     <DESCRIPT>ID of the FPM Event</DESCRIPT>
    </SEOCOMPOTX>
    <SEOCOMPOTX>
     <CLSNAME>ZCL_NCA_CONFIG_CONSTANTS</CLSNAME>
     <CMPNAME>GC_EVENT_UIBB_T_ADD</CMPNAME>
     <LANGU>E</LANGU>
     <DESCRIPT>ID of the FPM Event</DESCRIPT>
    </SEOCOMPOTX>
    <SEOCOMPOTX>
     <CLSNAME>ZCL_NCA_CONFIG_CONSTANTS</CLSNAME>
     <CMPNAME>GC_EVENT_UIBB_T_DEL</CMPNAME>
     <LANGU>E</LANGU>
     <DESCRIPT>ID of the FPM Event</DESCRIPT>
    </SEOCOMPOTX>
    <SEOCOMPOTX>
     <CLSNAME>ZCL_NCA_CONFIG_CONSTANTS</CLSNAME>
     <CMPNAME>GC_MESSAGE_CLASS</CMPNAME>
     <LANGU>E</LANGU>
     <DESCRIPT>Message Class</DESCRIPT>
    </SEOCOMPOTX>
    <SEOCOMPOTX>
     <CLSNAME>ZCL_NCA_CONFIG_CONSTANTS</CLSNAME>
     <CMPNAME>GC_NCA_SYSTEM_ID</CMPNAME>
     <LANGU>E</LANGU>
     <DESCRIPT>Name of SAP System in (Active) Transport Configuration</DESCRIPT>
    </SEOCOMPOTX>
    <SEOCOMPOTX>
     <CLSNAME>ZCL_NCA_CONFIG_CONSTANTS</CLSNAME>
     <CMPNAME>GC_PREVIEW_FIELD_COUNT</CMPNAME>
     <LANGU>E</LANGU>
     <DESCRIPT>Index of Internal Tables</DESCRIPT>
    </SEOCOMPOTX>
    <SEOCOMPOTX>
     <CLSNAME>ZCL_NCA_CONFIG_CONSTANTS</CLSNAME>
     <CMPNAME>GC_PREVIEW_FIELD_NAME</CMPNAME>
     <LANGU>E</LANGU>
     <DESCRIPT>init field name</DESCRIPT>
    </SEOCOMPOTX>
    <SEOCOMPOTX>
     <CLSNAME>ZCL_NCA_CONFIG_CONSTANTS</CLSNAME>
     <CMPNAME>GC_UIBB_FORM_FIELD_WIDTHX</CMPNAME>
     <LANGU>E</LANGU>
     <DESCRIPT>Output Length</DESCRIPT>
    </SEOCOMPOTX>
   </DESCRIPTIONS>
  </asx:values>
 </asx:abap>
</abapGit>
