﻿<?xml version="1.0" encoding="utf-8"?>
<abapGit version="v1.0.0" serializer="LCL_OBJECT_CLAS" serializer_version="v1.0.0">
 <asx:abap xmlns:asx="http://www.sap.com/abapxml" version="1.0">
  <asx:values>
   <VSEOCLASS>
    <CLSNAME>ZCL_NCA_CONFIG_GUIBBS_LIST</CLSNAME>
    <LANGU>E</LANGU>
    <DESCRIPT>Application Search Result List</DESCRIPT>
    <STATE>1</STATE>
    <CLSCCINCL>X</CLSCCINCL>
    <FIXPT>X</FIXPT>
    <UNICODE>X</UNICODE>
   </VSEOCLASS>
   <TPOOL>
    <item>
     <ID>I</ID>
     <KEY>001</KEY>
     <ENTRY>Create New</ENTRY>
     <LENGTH>20</LENGTH>
    </item>
    <item>
     <ID>I</ID>
     <KEY>002</KEY>
     <ENTRY>Delete Applicatoin</ENTRY>
     <LENGTH>28</LENGTH>
    </item>
    <item>
     <ID>I</ID>
     <KEY>003</KEY>
     <ENTRY>Do you realy want to delete the selected Application?</ENTRY>
     <LENGTH>106</LENGTH>
    </item>
   </TPOOL>
   <I18N_TPOOL>
    <item>
     <LANGUAGE>D</LANGUAGE>
     <TEXTPOOL>
      <item>
       <ID>I</ID>
       <KEY>001</KEY>
       <ENTRY>Neu anlegen</ENTRY>
       <LENGTH>20</LENGTH>
      </item>
      <item>
       <ID>I</ID>
       <KEY>002</KEY>
       <ENTRY>Anwendung löschen</ENTRY>
       <LENGTH>28</LENGTH>
      </item>
      <item>
       <ID>I</ID>
       <KEY>003</KEY>
       <ENTRY>Möchten Sie wirklich die selektierte Anwendung löschen?</ENTRY>
       <LENGTH>106</LENGTH>
      </item>
     </TEXTPOOL>
    </item>
   </I18N_TPOOL>
   <I18N_LINES>
    <item>
     <LANGUAGE>D</LANGUAGE>
    </item>
   </I18N_LINES>
   <DESCRIPTIONS>
    <SEOCOMPOTX>
     <CLSNAME>ZCL_NCA_CONFIG_GUIBBS_LIST</CLSNAME>
     <CMPNAME>MT_DATA</CMPNAME>
     <LANGU>E</LANGU>
     <DESCRIPT>Table Type for ZMARA_S_CONFIG_GUIBBS_FORM</DESCRIPT>
    </SEOCOMPOTX>
   </DESCRIPTIONS>
  </asx:values>
 </asx:abap>
</abapGit>
