﻿<?xml version="1.0" encoding="utf-8"?>
<abapGit version="v1.0.0" serializer="LCL_OBJECT_CLAS" serializer_version="v1.0.0">
 <asx:abap xmlns:asx="http://www.sap.com/abapxml" version="1.0">
  <asx:values>
   <VSEOCLASS>
    <CLSNAME>ZCL_NCA_CONFIG_GUIBBS_FORM</CLSNAME>
    <LANGU>E</LANGU>
    <DESCRIPT>Application Search Form</DESCRIPT>
    <STATE>1</STATE>
    <CLSCCINCL>X</CLSCCINCL>
    <FIXPT>X</FIXPT>
    <UNICODE>X</UNICODE>
   </VSEOCLASS>
   <TPOOL>
    <item>
     <ID>I</ID>
     <KEY>010</KEY>
     <ENTRY>Open FPM App</ENTRY>
     <LENGTH>22</LENGTH>
    </item>
    <item>
     <ID>I</ID>
     <KEY>011</KEY>
     <ENTRY>Open UI5 App</ENTRY>
     <LENGTH>22</LENGTH>
    </item>
   </TPOOL>
   <DESCRIPTIONS>
    <SEOCOMPOTX>
     <CLSNAME>ZCL_NCA_CONFIG_GUIBBS_FORM</CLSNAME>
     <CMPNAME>MC_EVENT_ENTER</CMPNAME>
     <LANGU>E</LANGU>
     <DESCRIPT>ID of the FPM Event</DESCRIPT>
    </SEOCOMPOTX>
    <SEOCOMPOTX>
     <CLSNAME>ZCL_NCA_CONFIG_GUIBBS_FORM</CLSNAME>
     <CMPNAME>MS_DATA</CMPNAME>
     <LANGU>E</LANGU>
     <DESCRIPT>NCA Application Config Search Form</DESCRIPT>
    </SEOCOMPOTX>
    <SEOCOMPOTX>
     <CLSNAME>ZCL_NCA_CONFIG_GUIBBS_FORM</CLSNAME>
     <CMPNAME>MT_DATA</CMPNAME>
     <LANGU>E</LANGU>
     <DESCRIPT>Table Type for GUIBBS</DESCRIPT>
    </SEOCOMPOTX>
   </DESCRIPTIONS>
  </asx:values>
 </asx:abap>
</abapGit>
