﻿<?xml version="1.0" encoding="utf-8"?>
<abapGit version="v1.0.0" serializer="LCL_OBJECT_CLAS" serializer_version="v1.0.0">
 <asx:abap xmlns:asx="http://www.sap.com/abapxml" version="1.0">
  <asx:values>
   <VSEOCLASS>
    <CLSNAME>ZCL_NCA_CONFIG_APP_CC</CLSNAME>
    <LANGU>E</LANGU>
    <DESCRIPT>NCA Application Controller</DESCRIPT>
    <STATE>1</STATE>
    <CLSCCINCL>X</CLSCCINCL>
    <FIXPT>X</FIXPT>
    <UNICODE>X</UNICODE>
   </VSEOCLASS>
   <TPOOL>
    <item>
     <ID>I</ID>
     <KEY>002</KEY>
     <ENTRY>Unsaved data will be lost.</ENTRY>
     <LENGTH>52</LENGTH>
    </item>
    <item>
     <ID>I</ID>
     <KEY>003</KEY>
     <ENTRY>Do you really want to continue? Unsaved Data will be lost.</ENTRY>
     <LENGTH>116</LENGTH>
    </item>
    <item>
     <ID>I</ID>
     <KEY>004</KEY>
     <ENTRY>The Configuration does not exist.</ENTRY>
     <LENGTH>66</LENGTH>
    </item>
    <item>
     <ID>I</ID>
     <KEY>005</KEY>
     <ENTRY>Do you want to create the Configuration?</ENTRY>
     <LENGTH>80</LENGTH>
    </item>
   </TPOOL>
   <I18N_TPOOL>
    <item>
     <LANGUAGE>D</LANGUAGE>
     <TEXTPOOL>
      <item>
       <ID>I</ID>
       <KEY>002</KEY>
       <ENTRY>Ungesicherte Daten werden verloren gehen.</ENTRY>
       <LENGTH>52</LENGTH>
      </item>
      <item>
       <ID>I</ID>
       <KEY>003</KEY>
       <ENTRY>Möchten Sie fortfahren? Ungesicherte Daten gehen verloren.</ENTRY>
       <LENGTH>116</LENGTH>
      </item>
      <item>
       <ID>I</ID>
       <KEY>004</KEY>
       <ENTRY>Die Konfiguration existiert nicht.</ENTRY>
       <LENGTH>66</LENGTH>
      </item>
      <item>
       <ID>I</ID>
       <KEY>005</KEY>
       <ENTRY>Möchten Sie die Konfiguration anlegen?</ENTRY>
       <LENGTH>80</LENGTH>
      </item>
     </TEXTPOOL>
    </item>
   </I18N_TPOOL>
   <I18N_LINES>
    <item>
     <LANGUAGE>D</LANGUAGE>
    </item>
   </I18N_LINES>
   <DESCRIPTIONS>
    <SEOCOMPOTX>
     <CLSNAME>ZCL_NCA_CONFIG_APP_CC</CLSNAME>
     <CMPNAME>CONSTRUCTOR</CMPNAME>
     <LANGU>E</LANGU>
     <DESCRIPT>CONSTRUCTOR</DESCRIPT>
    </SEOCOMPOTX>
    <SEOCOMPOTX>
     <CLSNAME>ZCL_NCA_CONFIG_APP_CC</CLSNAME>
     <CMPNAME>MO_FPM</CMPNAME>
     <LANGU>E</LANGU>
     <DESCRIPT>Interface for accessing FPM functionality</DESCRIPT>
    </SEOCOMPOTX>
    <SEOCOMPOTX>
     <CLSNAME>ZCL_NCA_CONFIG_APP_CC</CLSNAME>
     <CMPNAME>MO_MODEL</CMPNAME>
     <LANGU>E</LANGU>
     <DESCRIPT>Model Class for GUIBBs</DESCRIPT>
    </SEOCOMPOTX>
    <SEOCOMPOTX>
     <CLSNAME>ZCL_NCA_CONFIG_APP_CC</CLSNAME>
     <CMPNAME>MO_OVP</CMPNAME>
     <LANGU>E</LANGU>
     <DESCRIPT>Interface for Communication FPM App CC</DESCRIPT>
    </SEOCOMPOTX>
    <SEOCOMPOTX>
     <CLSNAME>ZCL_NCA_CONFIG_APP_CC</CLSNAME>
     <CMPNAME>READ_APPL_PARAMETER</CMPNAME>
     <LANGU>E</LANGU>
     <DESCRIPT>Read Application Parameter</DESCRIPT>
    </SEOCOMPOTX>
   </DESCRIPTIONS>
  </asx:values>
 </asx:abap>
</abapGit>
