﻿<?xml version="1.0" encoding="utf-8"?>
<abapGit version="v1.0.0" serializer="LCL_OBJECT_TABL" serializer_version="v1.0.0">
 <asx:abap xmlns:asx="http://www.sap.com/abapxml" version="1.0">
  <asx:values>
   <DD02V>
    <TABNAME>ZNCA_S_CONFIG_GUIBBL_DEVICE</TABNAME>
    <DDLANGUAGE>E</DDLANGUAGE>
    <TABCLASS>INTTAB</TABCLASS>
    <LANGDEP>X</LANGDEP>
    <DDTEXT>GUIBBF Device</DDTEXT>
    <EXCLASS>4</EXCLASS>
   </DD02V>
   <DD03P_TABLE>
    <DD03P>
     <TABNAME>ZNCA_S_CONFIG_GUIBBL_DEVICE</TABNAME>
     <FIELDNAME>.INCLUDE</FIELDNAME>
     <DDLANGUAGE>E</DDLANGUAGE>
     <POSITION>0001</POSITION>
     <ADMINFIELD>0</ADMINFIELD>
     <PRECFIELD>ZCT_NCA_APP</PRECFIELD>
     <MASK>      S</MASK>
     <DDTEXT>NCA Application IDs</DDTEXT>
     <COMPTYPE>S</COMPTYPE>
     <GROUPNAME>NCA_APP</GROUPNAME>
    </DD03P>
    <DD03P>
     <TABNAME>ZNCA_S_CONFIG_GUIBBL_DEVICE</TABNAME>
     <FIELDNAME>DEVICE_STATUS</FIELDNAME>
     <POSITION>0042</POSITION>
     <ROLLNAME>ZNCA_DEVICE_STATUS</ROLLNAME>
     <ADMINFIELD>0</ADMINFIELD>
     <VALEXI>X</VALEXI>
     <SHLPORIGIN>F</SHLPORIGIN>
     <COMPTYPE>E</COMPTYPE>
    </DD03P>
    <DD03P>
     <TABNAME>ZNCA_S_CONFIG_GUIBBL_DEVICE</TABNAME>
     <FIELDNAME>DEVICE_STATUS_COLOR_REF</FIELDNAME>
     <DDLANGUAGE>E</DDLANGUAGE>
     <POSITION>0043</POSITION>
     <ADMINFIELD>0</ADMINFIELD>
     <INTTYPE>g</INTTYPE>
     <INTLEN>000008</INTLEN>
     <DATATYPE>STRG</DATATYPE>
     <MASK>  STRG</MASK>
    </DD03P>
   </DD03P_TABLE>
  </asx:values>
 </asx:abap>
</abapGit>
