﻿<?xml version="1.0" encoding="utf-8"?>
<abapGit version="v1.0.0" serializer="LCL_OBJECT_DTEL" serializer_version="v1.0.0">
 <asx:abap xmlns:asx="http://www.sap.com/abapxml" version="1.0">
  <asx:values>
   <DD04V>
    <ROLLNAME>ZNCA_TEXT_AREA</ROLLNAME>
    <DDLANGUAGE>E</DDLANGUAGE>
    <DOMNAME>ZNCA_TEXT_AREA</DOMNAME>
    <HEADLEN>12</HEADLEN>
    <SCRLEN1>10</SCRLEN1>
    <SCRLEN2>12</SCRLEN2>
    <SCRLEN3>12</SCRLEN3>
    <DDTEXT>Text Area</DDTEXT>
    <REPTEXT>Text Area</REPTEXT>
    <SCRTEXT_S>Text Area</SCRTEXT_S>
    <SCRTEXT_M>Text Area</SCRTEXT_M>
    <SCRTEXT_L>Text Area</SCRTEXT_L>
    <DTELMASTER>E</DTELMASTER>
    <REFKIND>D</REFKIND>
   </DD04V>
   <I18N_LANGS>
    <LANGU>D</LANGU>
   </I18N_LANGS>
   <DD04_TEXTS>
    <item>
     <DDLANGUAGE>D</DDLANGUAGE>
     <DDTEXT>Text Bereich</DDTEXT>
     <REPTEXT>Text Bereich</REPTEXT>
     <SCRTEXT_S>Text Berei</SCRTEXT_S>
     <SCRTEXT_M>Text Bereich</SCRTEXT_M>
     <SCRTEXT_L>Text Bereich</SCRTEXT_L>
    </item>
   </DD04_TEXTS>
  </asx:values>
 </asx:abap>
</abapGit>
