﻿<?xml version="1.0" encoding="utf-8"?>
<abapGit version="v1.0.0" serializer="LCL_OBJECT_TABL" serializer_version="v1.0.0">
 <asx:abap xmlns:asx="http://www.sap.com/abapxml" version="1.0">
  <asx:values>
   <DD02V>
    <TABNAME>ZNCA_S_CONFIG_GUIBBF_APP_CP</TABNAME>
    <DDLANGUAGE>E</DDLANGUAGE>
    <TABCLASS>INTTAB</TABCLASS>
    <DDTEXT>GUIBBF App Copy</DDTEXT>
    <EXCLASS>4</EXCLASS>
   </DD02V>
   <DD03P_TABLE>
    <DD03P>
     <TABNAME>ZNCA_S_CONFIG_GUIBBF_APP_CP</TABNAME>
     <FIELDNAME>BRF_COPY_MODE</FIELDNAME>
     <POSITION>0001</POSITION>
     <ROLLNAME>ZNCA_BRF_COPY_MODE</ROLLNAME>
     <ADMINFIELD>0</ADMINFIELD>
     <VALEXI>X</VALEXI>
     <SHLPORIGIN>F</SHLPORIGIN>
     <COMPTYPE>E</COMPTYPE>
    </DD03P>
    <DD03P>
     <TABNAME>ZNCA_S_CONFIG_GUIBBF_APP_CP</TABNAME>
     <FIELDNAME>TITLE</FIELDNAME>
     <POSITION>0002</POSITION>
     <ROLLNAME>ZNCA_APP_DESCR</ROLLNAME>
     <ADMINFIELD>0</ADMINFIELD>
     <COMPTYPE>E</COMPTYPE>
    </DD03P>
   </DD03P_TABLE>
  </asx:values>
 </asx:abap>
</abapGit>
