﻿<?xml version="1.0" encoding="utf-8"?>
<abapGit version="v1.0.0" serializer="LCL_OBJECT_DTEL" serializer_version="v1.0.0">
 <asx:abap xmlns:asx="http://www.sap.com/abapxml" version="1.0">
  <asx:values>
   <DD04V>
    <ROLLNAME>ZNCA_UIBB_TYPE</ROLLNAME>
    <DDLANGUAGE>E</DDLANGUAGE>
    <DOMNAME>ZNCA_UIBB_TYPE</DOMNAME>
    <HEADLEN>12</HEADLEN>
    <SCRLEN1>09</SCRLEN1>
    <SCRLEN2>12</SCRLEN2>
    <SCRLEN3>12</SCRLEN3>
    <DDTEXT>UIBB Type</DDTEXT>
    <REPTEXT>UIBB Type</REPTEXT>
    <SCRTEXT_S>Type</SCRTEXT_S>
    <SCRTEXT_M>UIBB Type</SCRTEXT_M>
    <SCRTEXT_L>UIBB Type</SCRTEXT_L>
    <DTELMASTER>E</DTELMASTER>
    <REFKIND>D</REFKIND>
   </DD04V>
   <I18N_LANGS>
    <LANGU>D</LANGU>
   </I18N_LANGS>
   <DD04_TEXTS>
    <item>
     <DDLANGUAGE>D</DDLANGUAGE>
     <DDTEXT>UIBB Typ</DDTEXT>
     <REPTEXT>UIBB Typ</REPTEXT>
     <SCRTEXT_S>UIBB Typ</SCRTEXT_S>
     <SCRTEXT_M>UIBB Typ</SCRTEXT_M>
     <SCRTEXT_L>UIBB Typ</SCRTEXT_L>
    </item>
   </DD04_TEXTS>
  </asx:values>
 </asx:abap>
</abapGit>
