﻿<?xml version="1.0" encoding="utf-8"?>
<abapGit version="v1.0.0" serializer="LCL_OBJECT_DOMA" serializer_version="v1.0.0">
 <asx:abap xmlns:asx="http://www.sap.com/abapxml" version="1.0">
  <asx:values>
   <DD01V>
    <DOMNAME>ZNCA_TEXT_AREA</DOMNAME>
    <DDLANGUAGE>E</DDLANGUAGE>
    <DATATYPE>NUMC</DATATYPE>
    <LENG>000002</LENG>
    <OUTPUTLEN>000002</OUTPUTLEN>
    <VALEXI>X</VALEXI>
    <DDTEXT>Text Area</DDTEXT>
   </DD01V>
   <DD07V_TAB>
    <DD07V>
     <DOMNAME>ZNCA_TEXT_AREA</DOMNAME>
     <VALPOS>0001</VALPOS>
     <DDLANGUAGE>E</DDLANGUAGE>
     <DOMVALUE_L>00</DOMVALUE_L>
     <DDTEXT>ALL</DDTEXT>
    </DD07V>
    <DD07V>
     <DOMNAME>ZNCA_TEXT_AREA</DOMNAME>
     <VALPOS>0002</VALPOS>
     <DDLANGUAGE>E</DDLANGUAGE>
     <DOMVALUE_L>01</DOMVALUE_L>
     <DDTEXT>Application</DDTEXT>
    </DD07V>
    <DD07V>
     <DOMNAME>ZNCA_TEXT_AREA</DOMNAME>
     <VALPOS>0003</VALPOS>
     <DDLANGUAGE>E</DDLANGUAGE>
     <DOMVALUE_L>10</DOMVALUE_L>
     <DDTEXT>Reporting</DDTEXT>
    </DD07V>
    <DD07V>
     <DOMNAME>ZNCA_TEXT_AREA</DOMNAME>
     <VALPOS>0004</VALPOS>
     <DDLANGUAGE>E</DDLANGUAGE>
     <DOMVALUE_L>11</DOMVALUE_L>
     <DDTEXT>Reporting Fields</DDTEXT>
    </DD07V>
    <DD07V>
     <DOMNAME>ZNCA_TEXT_AREA</DOMNAME>
     <VALPOS>0005</VALPOS>
     <DDLANGUAGE>E</DDLANGUAGE>
     <DOMVALUE_L>20</DOMVALUE_L>
     <DDTEXT>UIBB</DDTEXT>
    </DD07V>
    <DD07V>
     <DOMNAME>ZNCA_TEXT_AREA</DOMNAME>
     <VALPOS>0006</VALPOS>
     <DDLANGUAGE>E</DDLANGUAGE>
     <DOMVALUE_L>30</DOMVALUE_L>
     <DDTEXT>UI Component</DDTEXT>
    </DD07V>
    <DD07V>
     <DOMNAME>ZNCA_TEXT_AREA</DOMNAME>
     <VALPOS>0007</VALPOS>
     <DDLANGUAGE>E</DDLANGUAGE>
     <DOMVALUE_L>31</DOMVALUE_L>
     <DDTEXT>UI Component Value</DDTEXT>
    </DD07V>
   </DD07V_TAB>
   <I18N_LANGS>
    <LANGU>D</LANGU>
   </I18N_LANGS>
   <DD01_TEXTS>
    <item>
     <DDLANGUAGE>D</DDLANGUAGE>
     <DDTEXT>Text Bereich</DDTEXT>
    </item>
   </DD01_TEXTS>
   <DD07_TEXTS>
    <item>
     <VALPOS>0001</VALPOS>
     <DDLANGUAGE>D</DDLANGUAGE>
     <DOMVALUE_L>00</DOMVALUE_L>
     <DDTEXT>Alle</DDTEXT>
    </item>
    <item>
     <VALPOS>0002</VALPOS>
     <DDLANGUAGE>D</DDLANGUAGE>
     <DOMVALUE_L>01</DOMVALUE_L>
     <DDTEXT>Anwendung</DDTEXT>
    </item>
    <item>
     <VALPOS>0003</VALPOS>
     <DDLANGUAGE>D</DDLANGUAGE>
     <DOMVALUE_L>10</DOMVALUE_L>
     <DDTEXT>Reporting</DDTEXT>
    </item>
    <item>
     <VALPOS>0004</VALPOS>
     <DDLANGUAGE>D</DDLANGUAGE>
     <DOMVALUE_L>11</DOMVALUE_L>
     <DDTEXT>Reporting Felder</DDTEXT>
    </item>
    <item>
     <VALPOS>0005</VALPOS>
     <DDLANGUAGE>D</DDLANGUAGE>
     <DOMVALUE_L>20</DOMVALUE_L>
     <DDTEXT>UIBB</DDTEXT>
    </item>
    <item>
     <VALPOS>0006</VALPOS>
     <DDLANGUAGE>D</DDLANGUAGE>
     <DOMVALUE_L>30</DOMVALUE_L>
     <DDTEXT>UI Komponente</DDTEXT>
    </item>
    <item>
     <VALPOS>0007</VALPOS>
     <DDLANGUAGE>D</DDLANGUAGE>
     <DOMVALUE_L>31</DOMVALUE_L>
     <DDTEXT>UI Komponente Festwert</DDTEXT>
    </item>
   </DD07_TEXTS>
  </asx:values>
 </asx:abap>
</abapGit>
