﻿<?xml version="1.0" encoding="utf-8"?>
<abapGit version="v1.0.0" serializer="LCL_OBJECT_MSAG" serializer_version="v1.0.0">
 <asx:abap xmlns:asx="http://www.sap.com/abapxml" version="1.0">
  <asx:values>
   <T100A>
    <ARBGB>ZNCA_CONFIG</ARBGB>
    <MASTERLANG>E</MASTERLANG>
   </T100A>
   <T100>
    <T100>
     <SPRSL>E</SPRSL>
     <ARBGB>ZNCA_CONFIG</ARBGB>
     <MSGNR>000</MSGNR>
    </T100>
    <T100>
     <SPRSL>E</SPRSL>
     <ARBGB>ZNCA_CONFIG</ARBGB>
     <MSGNR>001</MSGNR>
     <TEXT>Please select a valid Template from the list.</TEXT>
    </T100>
    <T100>
     <SPRSL>E</SPRSL>
     <ARBGB>ZNCA_CONFIG</ARBGB>
     <MSGNR>002</MSGNR>
     <TEXT>Database error ocurred. Please try again later.</TEXT>
    </T100>
    <T100>
     <SPRSL>E</SPRSL>
     <ARBGB>ZNCA_CONFIG</ARBGB>
     <MSGNR>003</MSGNR>
     <TEXT>Application &amp;1 was created.</TEXT>
    </T100>
    <T100>
     <SPRSL>E</SPRSL>
     <ARBGB>ZNCA_CONFIG</ARBGB>
     <MSGNR>004</MSGNR>
     <TEXT>BRF Plus Application &amp;1 was created.</TEXT>
    </T100>
    <T100>
     <SPRSL>E</SPRSL>
     <ARBGB>ZNCA_CONFIG</ARBGB>
     <MSGNR>005</MSGNR>
     <TEXT>Changes to Application &amp;1 saved.</TEXT>
    </T100>
    <T100>
     <SPRSL>E</SPRSL>
     <ARBGB>ZNCA_CONFIG</ARBGB>
     <MSGNR>006</MSGNR>
     <TEXT>You have no authorization to &amp;1 NCA Application &amp;1.</TEXT>
    </T100>
    <T100>
     <SPRSL>E</SPRSL>
     <ARBGB>ZNCA_CONFIG</ARBGB>
     <MSGNR>007</MSGNR>
     <TEXT>Application is marked for deletion. Edit cancelled.</TEXT>
    </T100>
    <T100>
     <SPRSL>E</SPRSL>
     <ARBGB>ZNCA_CONFIG</ARBGB>
     <MSGNR>008</MSGNR>
     <TEXT>Application &amp;1 is locked by &amp;2.</TEXT>
    </T100>
    <T100>
     <SPRSL>E</SPRSL>
     <ARBGB>ZNCA_CONFIG</ARBGB>
     <MSGNR>009</MSGNR>
     <TEXT>The selected UIBB is Referenced to App &amp;1. Restricted changes allowed.</TEXT>
    </T100>
    <T100>
     <SPRSL>E</SPRSL>
     <ARBGB>ZNCA_CONFIG</ARBGB>
     <MSGNR>010</MSGNR>
     <TEXT>At least one Field needs to be set as Search Input / Search Result.</TEXT>
    </T100>
   </T100>
  </asx:values>
 </asx:abap>
</abapGit>
