﻿<?xml version="1.0" encoding="utf-8"?>
<abapGit version="v1.0.0" serializer="LCL_OBJECT_TABL" serializer_version="v1.0.0">
 <asx:abap xmlns:asx="http://www.sap.com/abapxml" version="1.0">
  <asx:values>
   <DD02V>
    <TABNAME>ZNCA_S_CONFIG_GUIBBF_TRKORR</TABNAME>
    <DDLANGUAGE>E</DDLANGUAGE>
    <TABCLASS>INTTAB</TABCLASS>
    <DDTEXT>GUIBBF Transport Request</DDTEXT>
    <EXCLASS>4</EXCLASS>
   </DD02V>
   <DD03P_TABLE>
    <DD03P>
     <TABNAME>ZNCA_S_CONFIG_GUIBBF_TRKORR</TABNAME>
     <FIELDNAME>TRANSPORT_REQUEST</FIELDNAME>
     <POSITION>0001</POSITION>
     <ROLLNAME>TRKORR</ROLLNAME>
     <ADMINFIELD>0</ADMINFIELD>
     <SHLPORIGIN>X</SHLPORIGIN>
     <COMPTYPE>E</COMPTYPE>
    </DD03P>
   </DD03P_TABLE>
   <DD35V_TALE>
    <DD35V>
     <TABNAME>ZNCA_S_CONFIG_GUIBBF_TRKORR</TABNAME>
     <FIELDNAME>TRANSPORT_REQUEST</FIELDNAME>
     <SHLPNAME>FDT_SHLP_TRKORR_WORKBENCH</SHLPNAME>
    </DD35V>
   </DD35V_TALE>
   <DD36M>
    <DD36M>
     <TABNAME>ZNCA_S_CONFIG_GUIBBF_TRKORR</TABNAME>
     <FIELDNAME>TRANSPORT_REQUEST</FIELDNAME>
     <SHLPNAME>FDT_SHLP_TRKORR_WORKBENCH</SHLPNAME>
     <SHLPFIELD>AS4TEXT</SHLPFIELD>
     <FLPOSITION>0003</FLPOSITION>
     <SHTYPE>G</SHTYPE>
     <SHLPINPUT>X</SHLPINPUT>
     <ROLLNAME>AS4TEXT</ROLLNAME>
     <DOMNAME>AS4TEXT</DOMNAME>
     <DATATYPE>CHAR</DATATYPE>
     <LENG>000060</LENG>
    </DD36M>
    <DD36M>
     <TABNAME>ZNCA_S_CONFIG_GUIBBF_TRKORR</TABNAME>
     <FIELDNAME>TRANSPORT_REQUEST</FIELDNAME>
     <SHLPNAME>FDT_SHLP_TRKORR_WORKBENCH</SHLPNAME>
     <SHLPFIELD>AS4USER</SHLPFIELD>
     <FLPOSITION>0004</FLPOSITION>
     <SHTYPE>G</SHTYPE>
     <SHLPINPUT>X</SHLPINPUT>
     <ROLLNAME>TR_AS4USER</ROLLNAME>
     <DOMNAME>AS4USER</DOMNAME>
     <DATATYPE>CHAR</DATATYPE>
     <LENG>000012</LENG>
     <DEFAULTVAL>SY-UNAME</DEFAULTVAL>
     <DEFAULTTYP>S</DEFAULTTYP>
    </DD36M>
    <DD36M>
     <TABNAME>ZNCA_S_CONFIG_GUIBBF_TRKORR</TABNAME>
     <FIELDNAME>TRANSPORT_REQUEST</FIELDNAME>
     <SHLPNAME>FDT_SHLP_TRKORR_WORKBENCH</SHLPNAME>
     <SHLPFIELD>TRKORR</SHLPFIELD>
     <FLPOSITION>0001</FLPOSITION>
     <SHTABLE>ZNCA_S_CONFIG_GUIBBF_TRKORR</SHTABLE>
     <SHFIELD>TRANSPORT_REQUEST</SHFIELD>
     <SHLPINPUT>X</SHLPINPUT>
     <SHLPOUTPUT>X</SHLPOUTPUT>
     <ROLLNAME>TRKORR</ROLLNAME>
     <DOMNAME>TRKORR</DOMNAME>
     <DATATYPE>CHAR</DATATYPE>
     <LENG>000020</LENG>
    </DD36M>
   </DD36M>
  </asx:values>
 </asx:abap>
</abapGit>
