﻿<?xml version="1.0" encoding="utf-8"?>
<Component Name="FPM_OVP_COMPONENT" ConfId="ZWDA_NCA_CONFIG_APP2_OVP" ConfType="00" ConfVar="">
 <Node Name="CONFIGURATION_CONTEXT" SimpleFormat="true">
  <Item Index="000001" SimpleFormat="true">
   <Node Name="OVP_APPLICATION" SimpleFormat="true">
    <Item Index="000001" SimpleFormat="true">
     <EDIT_MODE>E</EDIT_MODE>
     <PRINT_ENABLED>X</PRINT_ENABLED>
     <COLLAPSED_UIBB_PROC_MODE>D</COLLAPSED_UIBB_PROC_MODE>
     <Node Name="ACTION" SimpleFormat="true">
      <Item Index="000001" SimpleFormat="true">
       <ID Final="5 ">ACTION_ID_1</ID>
       <EVENT_ID>NCA_BACK</EVENT_ID>
       <Node Name="EVENT_PARAMETER" SimpleFormat="true"/>
      </Item>
      <Item Index="000002" SimpleFormat="true">
       <ID Final="5 ">ACTION_ID_2</ID>
       <EVENT_ID>FPM_SAVE</EVENT_ID>
       <Node Name="EVENT_PARAMETER" SimpleFormat="true"/>
      </Item>
      <Item Index="000003" SimpleFormat="true">
       <ID Final="5 ">ACTION_ID_3</ID>
       <EVENT_ID>FPM_CANCEL</EVENT_ID>
       <ACTION_TYPE>1</ACTION_TYPE>
       <Node Name="EVENT_PARAMETER" SimpleFormat="true"/>
      </Item>
      <Item Index="000004" SimpleFormat="true">
       <ID Final="5 ">ACTION_ID_4</ID>
       <EVENT_ID>FPM_EDIT</EVENT_ID>
       <ACTION_TYPE>1</ACTION_TYPE>
       <Node Name="EVENT_PARAMETER" SimpleFormat="true"/>
      </Item>
      <Item Index="000005" SimpleFormat="true">
       <ID Final="5 ">ACTION_ID_5</ID>
       <EVENT_ID>NAVI_UI5</EVENT_ID>
       <Node Name="EVENT_PARAMETER" SimpleFormat="true"/>
      </Item>
      <Item Index="000006" SimpleFormat="true">
       <ID Final="5 ">ACTION_ID_6</ID>
       <EVENT_ID>NAVI_FPM</EVENT_ID>
       <Node Name="EVENT_PARAMETER" SimpleFormat="true"/>
      </Item>
      <Item Index="000007" SimpleFormat="true">
       <ID Final="5 ">ACTION_ID_7</ID>
       <EVENT_ID>NAVI_BRF</EVENT_ID>
       <Node Name="EVENT_PARAMETER" SimpleFormat="true"/>
      </Item>
      <Item Index="000008" SimpleFormat="true">
       <ID Final="5 ">ACTION_ID_8</ID>
       <EVENT_ID>NAVI_ICON</EVENT_ID>
       <Node Name="EVENT_PARAMETER" SimpleFormat="true"/>
      </Item>
     </Node>
     <Node Name="APPLICATION_SETTINGS" SimpleFormat="true">
      <Item Index="000001" SimpleFormat="true">
       <TRANSIENT_STATE>N</TRANSIENT_STATE>
       <FPM_MESSAGE_AREA_DESIGN>6</FPM_MESSAGE_AREA_DESIGN>
      </Item>
     </Node>
     <Node Name="APP_SPECIFIC_CC" SimpleFormat="true">
      <Item Index="000001" SimpleFormat="true">
       <COMPONENT>ZCL_NCA_CONFIG_APP_CC</COMPONENT>
      </Item>
     </Node>
     <Node Name="CONF_COMP_USAGE" SimpleFormat="true"/>
     <Node Name="CONTENT_AREA" SimpleFormat="true">
      <Item Index="000001" SimpleFormat="true">
       <ID Final="5 ">MAIN</ID>
       <TITLE Transl="true">2</TITLE>
       <DEFAULT>X</DEFAULT>
       <Node Name="EXTERNAL_NAVIGATION" SimpleFormat="true"/>
       <Node Name="PAGE_MASTER_AREA" SimpleFormat="true">
        <Item Index="000001" SimpleFormat="true">
         <SASH_POSITION>20</SASH_POSITION>
         <Node Name="PAGE_MASTER_UIBB" SimpleFormat="true">
          <Item Index="000001" SimpleFormat="true">
           <FPM_PRIMARY_ATTRIBUTE Final="5 ">_GENP_00155D36F2031ED88BA670419DEB5A54</FPM_PRIMARY_ATTRIBUTE>
           <INTERFACE_VIEW>TREE_WINDOW</INTERFACE_VIEW>
           <COMPONENT>FPM_TREE_UIBB</COMPONENT>
           <INDEX>1</INDEX>
           <CONFIG_ID>ZWDCC_NCA_CONFIG_GUIBBT_HIER</CONFIG_ID>
           <IMAGE/>
           <TITLE Transl="true"/>
           <TYPE/>
           <Node Name="PM_TOOLBAR" SimpleFormat="true">
            <Item Index="000001" SimpleFormat="true">
             <Node Name="PM_BUTTON" SimpleFormat="true"/>
            </Item>
           </Node>
          </Item>
         </Node>
        </Item>
       </Node>
       <Node Name="SECTION" SimpleFormat="true">
        <Item Index="000001" SimpleFormat="true">
         <ID Final="5 ">SECTION_1</ID>
         <INDEX>1</INDEX>
         <LAYOUT_TYPE/>
         <Node Name="COLUMN_LAYOUT" SimpleFormat="true">
          <Item Index="000001" SimpleFormat="true">
           <COLUMN_ID Final="5 ">COLUMN_ID_1</COLUMN_ID>
           <STACKED>X</STACKED>
          </Item>
         </Node>
         <Node Name="UIBB" SimpleFormat="true">
          <Item Index="000001" SimpleFormat="true">
           <FPM_PRIMARY_ATTRIBUTE Final="5 ">_GENP_00155D36F2031ED88BBBE3918F769A54</FPM_PRIMARY_ATTRIBUTE>
           <INTERFACE_VIEW>FORM_WINDOW</INTERFACE_VIEW>
           <COMPONENT>FPM_FORM_UIBB_GL2</COMPONENT>
           <INDEX>1</INDEX>
           <LOCATION>1</LOCATION>
           <TYPE>T</TYPE>
           <CONFIG_ID>ZWDCC_NCA_CONFIG_GUIBBF_APP2</CONFIG_ID>
           <DEFAULT_IN_STACK>X</DEFAULT_IN_STACK>
           <TITLE Transl="true">5</TITLE>
           <ROW>1</ROW>
           <COLLAPSED/>
           <Node Name="UIBB_TOOLBAR" SimpleFormat="true">
            <Item Index="000001" SimpleFormat="true">
             <Node Name="UIBB_BUTTON" SimpleFormat="true"/>
            </Item>
           </Node>
          </Item>
          <Item Index="000002" SimpleFormat="true">
           <FPM_PRIMARY_ATTRIBUTE Final="5 ">_GENP_00155D36F2031ED88BBC30E38ED9DA54</FPM_PRIMARY_ATTRIBUTE>
           <INTERFACE_VIEW>LIST_WINDOW</INTERFACE_VIEW>
           <COMPONENT>FPM_LIST_UIBB_ATS</COMPONENT>
           <INDEX>2</INDEX>
           <LOCATION>1</LOCATION>
           <TYPE>T</TYPE>
           <DEFAULT_IN_STACK>X</DEFAULT_IN_STACK>
           <TITLE Transl="true">8</TITLE>
           <CONFIG_ID>ZWDCC_NCA_CONFIG_GUIBBL_ACTION</CONFIG_ID>
           <ROW>1</ROW>
           <COLLAPSED>X</COLLAPSED>
           <Node Name="UIBB_TOOLBAR" SimpleFormat="true">
            <Item Index="000001" SimpleFormat="true">
             <Node Name="UIBB_BUTTON" SimpleFormat="true"/>
            </Item>
           </Node>
          </Item>
         </Node>
        </Item>
        <Item Index="000002" SimpleFormat="true">
         <ID Final="5 ">SECTION_2</ID>
         <INDEX>2</INDEX>
         <Node Name="COLUMN_LAYOUT" SimpleFormat="true">
          <Item Index="000001" SimpleFormat="true">
           <COLUMN_ID Final="5 ">COLUMN_ID_1</COLUMN_ID>
          </Item>
         </Node>
         <Node Name="UIBB" SimpleFormat="true">
          <Item Index="000001" SimpleFormat="true">
           <FPM_PRIMARY_ATTRIBUTE Final="5 ">_GENP_00155D36F2031ED88BC2F4E63BD7DA54</FPM_PRIMARY_ATTRIBUTE>
           <INTERFACE_VIEW>COMPOSITE_WINDOW</INTERFACE_VIEW>
           <COMPONENT>FPM_COMPOSITE_UIBB</COMPONENT>
           <INDEX>1</INDEX>
           <LOCATION>1</LOCATION>
           <TYPE>T</TYPE>
           <CONFIG_ID>ZWDCC_NCA_CONFIG_GUIBBC_UIBB</CONFIG_ID>
           <TITLE Transl="true">11</TITLE>
           <DEFAULT_IN_STACK>X</DEFAULT_IN_STACK>
           <Node Name="UIBB_TOOLBAR" SimpleFormat="true">
            <Item Index="000001" SimpleFormat="true">
             <Node Name="UIBB_BUTTON" SimpleFormat="true"/>
            </Item>
           </Node>
          </Item>
         </Node>
        </Item>
       </Node>
       <Node Name="TOOLBAR" SimpleFormat="true">
        <Item Index="000001" SimpleFormat="true">
         <Node Name="BUTTON" SimpleFormat="true">
          <Item Index="000001" SimpleFormat="true">
           <ELEMENT_ID Final="5 ">ACTION_ID_1</ELEMENT_ID>
           <TEXT Transl="true">14</TEXT>
           <INDEX>1</INDEX>
           <SPECIAL_PROPERTIES>﻿&lt;?xml version=&quot;1.0&quot; encoding=&quot;utf-16&quot;?&gt;&lt;asx:abap xmlns:asx=&quot;http://www.sap.com/abapxml&quot; version=&quot;1.0&quot;&gt;&lt;asx:values&gt;&lt;DESIGN&gt;02&lt;/DESIGN&gt;&lt;/asx:values&gt;&lt;/asx:abap&gt;</SPECIAL_PROPERTIES>
           <Node Name="BUTTON_SUB_ITEM" SimpleFormat="true">
            <Item Index="000001" SimpleFormat="true">
             <ACTION_ID Final="5 ">ACTION_ID_1</ACTION_ID>
            </Item>
           </Node>
          </Item>
          <Item Index="000002" SimpleFormat="true">
           <ELEMENT_ID Final="5 ">ACTION_ID_2</ELEMENT_ID>
           <TEXT Transl="true">23</TEXT>
           <INDEX>2</INDEX>
           <SPECIAL_PROPERTIES>﻿&lt;?xml version=&quot;1.0&quot; encoding=&quot;utf-16&quot;?&gt;&lt;asx:abap xmlns:asx=&quot;http://www.sap.com/abapxml&quot; version=&quot;1.0&quot;&gt;&lt;asx:values&gt;&lt;DESIGN&gt;00&lt;/DESIGN&gt;&lt;/asx:values&gt;&lt;/asx:abap&gt;</SPECIAL_PROPERTIES>
           <IMAGE>~Icon/Save</IMAGE>
           <HAS_SEPARATOR>X</HAS_SEPARATOR>
           <Node Name="BUTTON_SUB_ITEM" SimpleFormat="true">
            <Item Index="000001" SimpleFormat="true">
             <ACTION_ID Final="5 ">ACTION_ID_2</ACTION_ID>
            </Item>
           </Node>
          </Item>
          <Item Index="000003" SimpleFormat="true">
           <ELEMENT_ID Final="5 ">ACTION_ID_3</ELEMENT_ID>
           <TEXT Transl="true">16</TEXT>
           <INDEX>3</INDEX>
           <SPECIAL_PROPERTIES>﻿&lt;?xml version=&quot;1.0&quot; encoding=&quot;utf-16&quot;?&gt;&lt;asx:abap xmlns:asx=&quot;http://www.sap.com/abapxml&quot; version=&quot;1.0&quot;&gt;&lt;asx:values&gt;&lt;DESIGN&gt;00&lt;/DESIGN&gt;&lt;/asx:values&gt;&lt;/asx:abap&gt;</SPECIAL_PROPERTIES>
           <IMAGE>~Icon/Cancel</IMAGE>
           <HAS_SEPARATOR>X</HAS_SEPARATOR>
           <Node Name="BUTTON_SUB_ITEM" SimpleFormat="true">
            <Item Index="000001" SimpleFormat="true">
             <ACTION_ID Final="5 ">ACTION_ID_3</ACTION_ID>
            </Item>
           </Node>
          </Item>
          <Item Index="000004" SimpleFormat="true">
           <ELEMENT_ID Final="5 ">ACTION_ID_4</ELEMENT_ID>
           <TEXT Transl="true">17</TEXT>
           <INDEX>4</INDEX>
           <SPECIAL_PROPERTIES>﻿&lt;?xml version=&quot;1.0&quot; encoding=&quot;utf-16&quot;?&gt;&lt;asx:abap xmlns:asx=&quot;http://www.sap.com/abapxml&quot; version=&quot;1.0&quot;&gt;&lt;asx:values&gt;&lt;DESIGN&gt;00&lt;/DESIGN&gt;&lt;/asx:values&gt;&lt;/asx:abap&gt;</SPECIAL_PROPERTIES>
           <IMAGE>~Icon/Edit</IMAGE>
           <Node Name="BUTTON_SUB_ITEM" SimpleFormat="true">
            <Item Index="000001" SimpleFormat="true">
             <ACTION_ID Final="5 ">ACTION_ID_4</ACTION_ID>
            </Item>
           </Node>
          </Item>
          <Item Index="000005" SimpleFormat="true">
           <ELEMENT_ID Final="5 ">ACTION_ID_5</ELEMENT_ID>
           <TEXT Transl="true">18</TEXT>
           <INDEX>1</INDEX>
           <TYPE>BC</TYPE>
           <SPECIAL_PROPERTIES>﻿&lt;?xml version=&quot;1.0&quot; encoding=&quot;utf-16&quot;?&gt;&lt;asx:abap xmlns:asx=&quot;http://www.sap.com/abapxml&quot; version=&quot;1.0&quot;&gt;&lt;asx:values&gt;&lt;REPEAT_SELECTED_ACTION/&gt;&lt;SELECTED_ACTION_ITEM/&gt;&lt;/asx:values&gt;&lt;/asx:abap&gt;</SPECIAL_PROPERTIES>
           <ALIGNMENT>RIGHT</ALIGNMENT>
           <IMAGE>~Icon/More</IMAGE>
           <Node Name="BUTTON_SUB_ITEM" SimpleFormat="true">
            <Item Index="000001" SimpleFormat="true">
             <ACTION_ID Final="5 ">ACTION_ID_5</ACTION_ID>
             <TEXT Transl="true">19</TEXT>
             <INDEX>1</INDEX>
            </Item>
            <Item Index="000002" SimpleFormat="true">
             <ACTION_ID Final="5 ">ACTION_ID_6</ACTION_ID>
             <INDEX>2</INDEX>
             <TEXT Transl="true">20</TEXT>
            </Item>
            <Item Index="000003" SimpleFormat="true">
             <ACTION_ID Final="5 ">ACTION_ID_7</ACTION_ID>
             <INDEX>3</INDEX>
             <TEXT Transl="true">21</TEXT>
            </Item>
            <Item Index="000004" SimpleFormat="true">
             <ACTION_ID Final="5 ">ACTION_ID_8</ACTION_ID>
             <INDEX>4</INDEX>
             <TEXT Transl="true">22</TEXT>
            </Item>
           </Node>
          </Item>
         </Node>
        </Item>
       </Node>
       <Node Name="UIBB_SELECTOR" SimpleFormat="true"/>
      </Item>
      <Item Index="000002" SimpleFormat="true">
       <ID Final="5 ">SEARCH</ID>
       <TITLE Transl="true">3</TITLE>
       <TYPE>INIT</TYPE>
       <DEFAULT>X</DEFAULT>
       <PERSONALIZATION_ENABLED/>
       <Node Name="EXTERNAL_NAVIGATION" SimpleFormat="true"/>
       <Node Name="PAGE_MASTER_AREA" SimpleFormat="true"/>
       <Node Name="SECTION" SimpleFormat="true">
        <Item Index="000001" SimpleFormat="true">
         <ID Final="5 ">SECTION_1</ID>
         <INDEX>1</INDEX>
         <Node Name="COLUMN_LAYOUT" SimpleFormat="true">
          <Item Index="000001" SimpleFormat="true">
           <COLUMN_ID Final="5 ">COLUMN_ID_1</COLUMN_ID>
          </Item>
         </Node>
         <Node Name="UIBB" SimpleFormat="true">
          <Item Index="000001" SimpleFormat="true">
           <FPM_PRIMARY_ATTRIBUTE Final="5 ">_GENP_00155D36F2031ED88BA68D087D901A54</FPM_PRIMARY_ATTRIBUTE>
           <INTERFACE_VIEW>SEARCH_WINDOW</INTERFACE_VIEW>
           <COMPONENT>FPM_SEARCH_UIBB</COMPONENT>
           <INDEX>1</INDEX>
           <LOCATION>1</LOCATION>
           <CONFIG_ID>ZWDCC_NCA_CONFIG_GUIBBS</CONFIG_ID>
           <Node Name="UIBB_TOOLBAR" SimpleFormat="true">
            <Item Index="000001" SimpleFormat="true">
             <Node Name="UIBB_BUTTON" SimpleFormat="true"/>
            </Item>
           </Node>
          </Item>
         </Node>
        </Item>
       </Node>
       <Node Name="TOOLBAR" SimpleFormat="true">
        <Item Index="000001" SimpleFormat="true">
         <Node Name="BUTTON" SimpleFormat="true"/>
        </Item>
       </Node>
       <Node Name="UIBB_SELECTOR" SimpleFormat="true"/>
      </Item>
      <Item Index="000003" SimpleFormat="true">
       <ID Final="5 ">UIBB</ID>
       <TITLE Transl="true">4</TITLE>
       <Node Name="EXTERNAL_NAVIGATION" SimpleFormat="true"/>
       <Node Name="PAGE_MASTER_AREA" SimpleFormat="true">
        <Item Index="000001" SimpleFormat="true">
         <Node Name="PAGE_MASTER_UIBB" SimpleFormat="true">
          <Item Index="000001" SimpleFormat="true">
           <FPM_PRIMARY_ATTRIBUTE Final="5 ">_GENP_00155D36F2031ED88CBB2401C9615A54</FPM_PRIMARY_ATTRIBUTE>
           <INTERFACE_VIEW>TREE_WINDOW</INTERFACE_VIEW>
           <COMPONENT>FPM_TREE_UIBB</COMPONENT>
           <INDEX>1</INDEX>
           <CONFIG_ID>ZWDCC_NCA_CONFIG_GUIBBT_HIER</CONFIG_ID>
           <IMAGE>~Icon/MultipleNode</IMAGE>
           <TITLE Transl="true">25</TITLE>
           <Node Name="PM_TOOLBAR" SimpleFormat="true">
            <Item Index="000001" SimpleFormat="true">
             <Node Name="PM_BUTTON" SimpleFormat="true"/>
            </Item>
           </Node>
          </Item>
         </Node>
        </Item>
       </Node>
       <Node Name="SECTION" SimpleFormat="true">
        <Item Index="000001" SimpleFormat="true">
         <ID Final="5 ">SECTION_1</ID>
         <INDEX>1</INDEX>
         <Node Name="COLUMN_LAYOUT" SimpleFormat="true">
          <Item Index="000001" SimpleFormat="true">
           <COLUMN_ID Final="5 ">COLUMN_ID_1</COLUMN_ID>
           <STACKED>X</STACKED>
          </Item>
         </Node>
         <Node Name="UIBB" SimpleFormat="true">
          <Item Index="000001" SimpleFormat="true">
           <FPM_PRIMARY_ATTRIBUTE Final="5 ">_GENP_00155D36F2031ED88CBB10BEF8ADDA54</FPM_PRIMARY_ATTRIBUTE>
           <INTERFACE_VIEW>LIST_WINDOW</INTERFACE_VIEW>
           <COMPONENT>FPM_LIST_UIBB_ATS</COMPONENT>
           <INDEX>1</INDEX>
           <LOCATION>1</LOCATION>
           <TYPE>T</TYPE>
           <CONFIG_ID>ZWDCC_NCA_CONFIG_GUIBBL_UICO</CONFIG_ID>
           <ROW>1</ROW>
           <COLLAPSED/>
           <DEFAULT_IN_STACK>X</DEFAULT_IN_STACK>
           <IMAGE>~Icon/LogicalComponent</IMAGE>
           <TITLE Transl="true">26</TITLE>
           <Node Name="UIBB_TOOLBAR" SimpleFormat="true">
            <Item Index="000001" SimpleFormat="true">
             <Node Name="UIBB_BUTTON" SimpleFormat="true"/>
            </Item>
           </Node>
          </Item>
          <Item Index="000002" SimpleFormat="true">
           <FPM_PRIMARY_ATTRIBUTE Final="5 ">_GENP_00155D36F2031ED88CBB20FE90249A54</FPM_PRIMARY_ATTRIBUTE>
           <INTERFACE_VIEW>LIST_WINDOW</INTERFACE_VIEW>
           <COMPONENT>FPM_LIST_UIBB_ATS</COMPONENT>
           <INDEX>2</INDEX>
           <LOCATION>1</LOCATION>
           <TYPE>T</TYPE>
           <ROW>1</ROW>
           <CONFIG_ID>ZWDCC_NCA_CONFIG_GUIBBL_UICO2</CONFIG_ID>
           <IMAGE>~Icon/ReorderTable</IMAGE>
           <TITLE Transl="true">27</TITLE>
           <Node Name="UIBB_TOOLBAR" SimpleFormat="true">
            <Item Index="000001" SimpleFormat="true">
             <Node Name="UIBB_BUTTON" SimpleFormat="true"/>
            </Item>
           </Node>
          </Item>
         </Node>
        </Item>
        <Item Index="000002" SimpleFormat="true">
         <ID Final="5 ">SECTION_2</ID>
         <INDEX>2</INDEX>
         <Node Name="COLUMN_LAYOUT" SimpleFormat="true">
          <Item Index="000001" SimpleFormat="true">
           <COLUMN_ID Final="5 ">COLUMN_ID_1</COLUMN_ID>
           <STACKED>X</STACKED>
          </Item>
         </Node>
         <Node Name="UIBB" SimpleFormat="true">
          <Item Index="000001" SimpleFormat="true">
           <FPM_PRIMARY_ATTRIBUTE Final="5 ">_GENP_00155D36F2031ED88CBB2CAF2E249A54</FPM_PRIMARY_ATTRIBUTE>
           <INTERFACE_VIEW>FORM_WINDOW</INTERFACE_VIEW>
           <COMPONENT>FPM_FORM_UIBB_GL2</COMPONENT>
           <INDEX>1</INDEX>
           <LOCATION>1</LOCATION>
           <TYPE>T</TYPE>
           <ROW>1</ROW>
           <DEFAULT_IN_STACK>X</DEFAULT_IN_STACK>
           <CONFIG_ID>ZWDCC_NCA_CONFIG_GUIBBF_UICO</CONFIG_ID>
           <TITLE Transl="true">28</TITLE>
           <IMAGE>~Icon/DetailedSettings</IMAGE>
           <Node Name="UIBB_TOOLBAR" SimpleFormat="true">
            <Item Index="000001" SimpleFormat="true">
             <Node Name="UIBB_BUTTON" SimpleFormat="true"/>
            </Item>
           </Node>
          </Item>
          <Item Index="000002" SimpleFormat="true">
           <FPM_PRIMARY_ATTRIBUTE Final="5 ">_GENP_00155D36F2031ED88CBB2E3D32625A54</FPM_PRIMARY_ATTRIBUTE>
           <INTERFACE_VIEW>LIST_WINDOW</INTERFACE_VIEW>
           <COMPONENT>FPM_LIST_UIBB_ATS</COMPONENT>
           <INDEX>2</INDEX>
           <LOCATION>1</LOCATION>
           <TYPE>T</TYPE>
           <ROW>1</ROW>
           <CONFIG_ID>ZWDCC_NCA_CONFIG_GUIBBL_UICO_T</CONFIG_ID>
           <TITLE Transl="true">29</TITLE>
           <IMAGE>~Icon/TextPad</IMAGE>
           <Node Name="UIBB_TOOLBAR" SimpleFormat="true">
            <Item Index="000001" SimpleFormat="true">
             <Node Name="UIBB_BUTTON" SimpleFormat="true"/>
            </Item>
           </Node>
          </Item>
          <Item Index="000003" SimpleFormat="true">
           <FPM_PRIMARY_ATTRIBUTE Final="5 ">_GENP_00155D36F2031ED88CBB30EF18A59A54</FPM_PRIMARY_ATTRIBUTE>
           <INTERFACE_VIEW>LIST_WINDOW</INTERFACE_VIEW>
           <COMPONENT>FPM_LIST_UIBB_ATS</COMPONENT>
           <INDEX>3</INDEX>
           <LOCATION>1</LOCATION>
           <TYPE>T</TYPE>
           <ROW>1</ROW>
           <TITLE Transl="true">30</TITLE>
           <IMAGE>~Icon/DefaultValueSet</IMAGE>
           <CONFIG_ID>ZWDCC_NCA_CONFIG_GUIBBL_UICO_V</CONFIG_ID>
           <Node Name="UIBB_TOOLBAR" SimpleFormat="true">
            <Item Index="000001" SimpleFormat="true">
             <Node Name="UIBB_BUTTON" SimpleFormat="true"/>
            </Item>
           </Node>
          </Item>
         </Node>
        </Item>
       </Node>
       <Node Name="TOOLBAR" SimpleFormat="true">
        <Item Index="000001" SimpleFormat="true">
         <Node Name="BUTTON" SimpleFormat="true"/>
        </Item>
       </Node>
       <Node Name="UIBB_SELECTOR" SimpleFormat="true"/>
      </Item>
     </Node>
     <Node Name="MSG_MAPPER_SETTING" SimpleFormat="true"/>
     <Node Name="PAGE_SELECTOR" SimpleFormat="true"/>
     <Node Name="PERSONALIZATION" SimpleFormat="true"/>
     <Node Name="WIRE_MODEL" SimpleFormat="true">
      <Item Index="000001" SimpleFormat="true">
       <Node Name="WIRE" SimpleFormat="true"/>
      </Item>
     </Node>
    </Item>
   </Node>
  </Item>
 </Node>
</Component>
