﻿<?xml version="1.0" encoding="utf-8"?>
<abapGit version="v1.0.0" serializer="LCL_OBJECT_WDCC" serializer_version="v1.0.0">
 <asx:abap xmlns:asx="http://www.sap.com/abapxml" version="1.0">
  <asx:values>
   <OBJECT_NAME>ZWDA_NCA_CONFIG_APP2_OVP        00</OBJECT_NAME>
   <CONFIG_ID>ZWDA_NCA_CONFIG_APP2_OVP</CONFIG_ID>
   <WDA_COMPONENT>FPM_OVP_COMPONENT</WDA_COMPONENT>
   <OTR_TEXT>
    <WDY_CONFIG_COMPT>
     <CONFIG_ID>ZWDA_NCA_CONFIG_APP2_OVP</CONFIG_ID>
     <LANGU>E</LANGU>
     <TEXT_ID>11</TEXT_ID>
     <DESCRIPTION>UI Blocks</DESCRIPTION>
    </WDY_CONFIG_COMPT>
    <WDY_CONFIG_COMPT>
     <CONFIG_ID>ZWDA_NCA_CONFIG_APP2_OVP</CONFIG_ID>
     <LANGU>E</LANGU>
     <TEXT_ID>14</TEXT_ID>
     <DESCRIPTION>Back to Search</DESCRIPTION>
    </WDY_CONFIG_COMPT>
    <WDY_CONFIG_COMPT>
     <CONFIG_ID>ZWDA_NCA_CONFIG_APP2_OVP</CONFIG_ID>
     <LANGU>E</LANGU>
     <TEXT_ID>16</TEXT_ID>
     <DESCRIPTION>Cancel</DESCRIPTION>
    </WDY_CONFIG_COMPT>
    <WDY_CONFIG_COMPT>
     <CONFIG_ID>ZWDA_NCA_CONFIG_APP2_OVP</CONFIG_ID>
     <LANGU>E</LANGU>
     <TEXT_ID>17</TEXT_ID>
     <DESCRIPTION>Edit</DESCRIPTION>
    </WDY_CONFIG_COMPT>
    <WDY_CONFIG_COMPT>
     <CONFIG_ID>ZWDA_NCA_CONFIG_APP2_OVP</CONFIG_ID>
     <LANGU>E</LANGU>
     <TEXT_ID>18</TEXT_ID>
     <DESCRIPTION>Additional Functions</DESCRIPTION>
    </WDY_CONFIG_COMPT>
    <WDY_CONFIG_COMPT>
     <CONFIG_ID>ZWDA_NCA_CONFIG_APP2_OVP</CONFIG_ID>
     <LANGU>E</LANGU>
     <TEXT_ID>19</TEXT_ID>
     <DESCRIPTION>Open UI5 App</DESCRIPTION>
    </WDY_CONFIG_COMPT>
    <WDY_CONFIG_COMPT>
     <CONFIG_ID>ZWDA_NCA_CONFIG_APP2_OVP</CONFIG_ID>
     <LANGU>E</LANGU>
     <TEXT_ID>2</TEXT_ID>
     <DESCRIPTION>NonCode Application Builder</DESCRIPTION>
    </WDY_CONFIG_COMPT>
    <WDY_CONFIG_COMPT>
     <CONFIG_ID>ZWDA_NCA_CONFIG_APP2_OVP</CONFIG_ID>
     <LANGU>E</LANGU>
     <TEXT_ID>20</TEXT_ID>
     <DESCRIPTION>Open FPM App</DESCRIPTION>
    </WDY_CONFIG_COMPT>
    <WDY_CONFIG_COMPT>
     <CONFIG_ID>ZWDA_NCA_CONFIG_APP2_OVP</CONFIG_ID>
     <LANGU>E</LANGU>
     <TEXT_ID>21</TEXT_ID>
     <DESCRIPTION>Open BRF+ Application</DESCRIPTION>
    </WDY_CONFIG_COMPT>
    <WDY_CONFIG_COMPT>
     <CONFIG_ID>ZWDA_NCA_CONFIG_APP2_OVP</CONFIG_ID>
     <LANGU>E</LANGU>
     <TEXT_ID>22</TEXT_ID>
     <DESCRIPTION>Open UI5 Icon explorer</DESCRIPTION>
    </WDY_CONFIG_COMPT>
    <WDY_CONFIG_COMPT>
     <CONFIG_ID>ZWDA_NCA_CONFIG_APP2_OVP</CONFIG_ID>
     <LANGU>E</LANGU>
     <TEXT_ID>23</TEXT_ID>
     <DESCRIPTION>Save</DESCRIPTION>
    </WDY_CONFIG_COMPT>
    <WDY_CONFIG_COMPT>
     <CONFIG_ID>ZWDA_NCA_CONFIG_APP2_OVP</CONFIG_ID>
     <LANGU>E</LANGU>
     <TEXT_ID>25</TEXT_ID>
     <DESCRIPTION>Application Hierarchie</DESCRIPTION>
    </WDY_CONFIG_COMPT>
    <WDY_CONFIG_COMPT>
     <CONFIG_ID>ZWDA_NCA_CONFIG_APP2_OVP</CONFIG_ID>
     <LANGU>E</LANGU>
     <TEXT_ID>26</TEXT_ID>
     <DESCRIPTION>UI Components</DESCRIPTION>
    </WDY_CONFIG_COMPT>
    <WDY_CONFIG_COMPT>
     <CONFIG_ID>ZWDA_NCA_CONFIG_APP2_OVP</CONFIG_ID>
     <LANGU>E</LANGU>
     <TEXT_ID>27</TEXT_ID>
     <DESCRIPTION>External Data Settings</DESCRIPTION>
    </WDY_CONFIG_COMPT>
    <WDY_CONFIG_COMPT>
     <CONFIG_ID>ZWDA_NCA_CONFIG_APP2_OVP</CONFIG_ID>
     <LANGU>E</LANGU>
     <TEXT_ID>28</TEXT_ID>
     <DESCRIPTION>Advanced Component Settings</DESCRIPTION>
    </WDY_CONFIG_COMPT>
    <WDY_CONFIG_COMPT>
     <CONFIG_ID>ZWDA_NCA_CONFIG_APP2_OVP</CONFIG_ID>
     <LANGU>E</LANGU>
     <TEXT_ID>29</TEXT_ID>
     <DESCRIPTION>Component Descriptions</DESCRIPTION>
    </WDY_CONFIG_COMPT>
    <WDY_CONFIG_COMPT>
     <CONFIG_ID>ZWDA_NCA_CONFIG_APP2_OVP</CONFIG_ID>
     <LANGU>E</LANGU>
     <TEXT_ID>3</TEXT_ID>
     <DESCRIPTION>NonCode Application Builder - Search</DESCRIPTION>
    </WDY_CONFIG_COMPT>
    <WDY_CONFIG_COMPT>
     <CONFIG_ID>ZWDA_NCA_CONFIG_APP2_OVP</CONFIG_ID>
     <LANGU>E</LANGU>
     <TEXT_ID>30</TEXT_ID>
     <DESCRIPTION>Fixed Values</DESCRIPTION>
    </WDY_CONFIG_COMPT>
    <WDY_CONFIG_COMPT>
     <CONFIG_ID>ZWDA_NCA_CONFIG_APP2_OVP</CONFIG_ID>
     <LANGU>E</LANGU>
     <TEXT_ID>4</TEXT_ID>
     <DESCRIPTION>NonCode Application Builder</DESCRIPTION>
    </WDY_CONFIG_COMPT>
    <WDY_CONFIG_COMPT>
     <CONFIG_ID>ZWDA_NCA_CONFIG_APP2_OVP</CONFIG_ID>
     <LANGU>E</LANGU>
     <TEXT_ID>5</TEXT_ID>
     <DESCRIPTION>App Settings</DESCRIPTION>
    </WDY_CONFIG_COMPT>
    <WDY_CONFIG_COMPT>
     <CONFIG_ID>ZWDA_NCA_CONFIG_APP2_OVP</CONFIG_ID>
     <LANGU>E</LANGU>
     <TEXT_ID>8</TEXT_ID>
     <DESCRIPTION>Actions</DESCRIPTION>
    </WDY_CONFIG_COMPT>
   </OTR_TEXT>
   <DESCR_LANG>
    <WDY_CONFIG_DATT>
     <CONFIG_ID>ZWDA_NCA_CONFIG_APP2_OVP</CONFIG_ID>
     <LANGU>E</LANGU>
     <DESCRIPTION>New config OVP</DESCRIPTION>
    </WDY_CONFIG_DATT>
   </DESCR_LANG>
  </asx:values>
 </asx:abap>
</abapGit>
