﻿<?xml version="1.0" encoding="utf-8"?>
<Component Name="FPM_OVP_COMPONENT" ConfId="ZWDA_NCA_CONFIG_APP" ConfType="00" ConfVar="">
 <Node Name="CONFIGURATION_CONTEXT" SimpleFormat="true">
  <Item Index="000001" SimpleFormat="true">
   <Node Name="OVP_APPLICATION" SimpleFormat="true">
    <Item Index="000001" SimpleFormat="true">
     <TITLE Transl="true"/>
     <EDIT_MODE>E</EDIT_MODE>
     <SCROLLING_MODE/>
     <TOOLBAR_LOCATION>G</TOOLBAR_LOCATION>
     <HIDDEN_UIBB_PROC_MODE/>
     <PRINT_ENABLED>X</PRINT_ENABLED>
     <COLLAPSED_UIBB_PROC_MODE>D</COLLAPSED_UIBB_PROC_MODE>
     <PAGE_SELECTOR_ENABLED>X</PAGE_SELECTOR_ENABLED>
     <Node Name="APPLICATION_SETTINGS" SimpleFormat="true">
      <Item Index="000001" SimpleFormat="true">
       <TRANSIENT_STATE>N</TRANSIENT_STATE>
       <MAXIMUM_MESSAGES_SIZE>0</MAXIMUM_MESSAGES_SIZE>
       <SHOW_MESSAGE_LOG/>
       <FPM_MESSAGE_AREA_DESIGN>6</FPM_MESSAGE_AREA_DESIGN>
      </Item>
     </Node>
     <Node Name="CONTENT_AREA" SimpleFormat="true">
      <Item Index="000001" SimpleFormat="true">
       <ID>MAIN</ID>
       <TYPE>MAIN</TYPE>
       <TITLE Transl="true">1</TITLE>
       <DEFAULT>X</DEFAULT>
       <EXPLANATION_TEXT Transl="true"/>
       <EXPLANATION_DOCUMENT/>
       <DLG_NAME/>
       <DLG_BUTTON_SET>0</DLG_BUTTON_SET>
       <DLG_TOOLTIP_FOR_OK_BUTTON Transl="true"/>
       <DLG_TOOLTIP_FOR_CANCEL_BUTTON Transl="true"/>
       <DLG_TOOLTIP_FOR_CLOSE_BUTTON Transl="true"/>
       <ACTION_TYPE_PERS_DIALOG>0</ACTION_TYPE_PERS_DIALOG>
       <ACTION_TYPE_DRAG_DROP_AB>0</ACTION_TYPE_DRAG_DROP_AB>
       <UIBB_SELECTOR_ENABLED/>
       <Node Name="SECTION" SimpleFormat="true">
        <Item Index="000001" SimpleFormat="true">
         <ID>SECTION_1</ID>
         <LAYOUT_TYPE/>
         <INDEX>1</INDEX>
         <Node Name="COLUMN_LAYOUT" SimpleFormat="true">
          <Item Index="000001" SimpleFormat="true">
           <STACKED>X</STACKED>
           <ROWS>0</ROWS>
           <COLUMN_ID>COLUMN_ID_1</COLUMN_ID>
          </Item>
         </Node>
         <Node Name="UIBB" SimpleFormat="true">
          <Item Index="000001" SimpleFormat="true">
           <FPM_PRIMARY_ATTRIBUTE Final="5 ">_GENP_00155D36F2031ED789BF6592D89B9A53</FPM_PRIMARY_ATTRIBUTE>
           <COMPONENT>FPM_LIST_UIBB_ATS</COMPONENT>
           <INTERFACE_VIEW>LIST_WINDOW</INTERFACE_VIEW>
           <CONFIG_ID>ZWDCC_NCA_CONFIG_GUIBBL_UICO</CONFIG_ID>
           <CONFIG_TYPE/>
           <CONFIG_VAR/>
           <INSTANCE_ID/>
           <LOCATION>1</LOCATION>
           <ROW>1</ROW>
           <INDEX>1</INDEX>
           <DEFAULT_IN_STACK>X</DEFAULT_IN_STACK>
           <NEEDS_STRETCHING/>
           <HIDDEN/>
           <TYPE>T</TYPE>
           <COLLAPSED/>
           <TITLE Transl="true">15</TITLE>
           <IMAGE>~Icon/LogicalComponent</IMAGE>
           <PADDING/>
           <INSTANCE_STYLE/>
           <EXPLANATION_TEXT Transl="true"/>
           <EXPLANATION_DOCUMENT/>
           <DEFAULT_EDIT_PAGE/>
           <DEFAULT_DETAILS_PAGE/>
           <Node Name="UIBB_TOOLBAR" SimpleFormat="true">
            <Item Index="000001" SimpleFormat="true">
             <CAPTURE_ACTIONS/>
             <INSTANCE_STYLE/>
             <Node Name="UIBB_BUTTON" SimpleFormat="true"/>
            </Item>
           </Node>
          </Item>
          <Item Index="000002" SimpleFormat="true">
           <FPM_PRIMARY_ATTRIBUTE Final="5 ">_GENP_00155D36F2031ED7BBE7086D24135A54</FPM_PRIMARY_ATTRIBUTE>
           <INTERFACE_VIEW>LIST_WINDOW</INTERFACE_VIEW>
           <COMPONENT>FPM_LIST_UIBB_ATS</COMPONENT>
           <INDEX>2</INDEX>
           <LOCATION>1</LOCATION>
           <TYPE>T</TYPE>
           <ROW>1</ROW>
           <CONFIG_ID>ZWDCC_NCA_CONFIG_GUIBBL_UICO2</CONFIG_ID>
           <TITLE Transl="true">40</TITLE>
           <IMAGE>~Icon/ReorderTable</IMAGE>
           <COLLAPSED>X</COLLAPSED>
           <Node Name="UIBB_TOOLBAR" SimpleFormat="true">
            <Item Index="000001" SimpleFormat="true">
             <Node Name="UIBB_BUTTON" SimpleFormat="true"/>
            </Item>
           </Node>
          </Item>
         </Node>
        </Item>
        <Item Index="000002" SimpleFormat="true">
         <ID Final="5 ">SECTION_2</ID>
         <INDEX>2</INDEX>
         <Node Name="COLUMN_LAYOUT" SimpleFormat="true">
          <Item Index="000001" SimpleFormat="true">
           <COLUMN_ID Final="5 ">COLUMN_ID_1</COLUMN_ID>
           <STACKED/>
          </Item>
         </Node>
         <Node Name="UIBB" SimpleFormat="true">
          <Item Index="000001" SimpleFormat="true">
           <FPM_PRIMARY_ATTRIBUTE Final="5 ">_GENP_00155D36F2031ED789BF62EFDA029A53</FPM_PRIMARY_ATTRIBUTE>
           <COMPONENT>FPM_FORM_UIBB_GL2</COMPONENT>
           <INTERFACE_VIEW>FORM_WINDOW</INTERFACE_VIEW>
           <CONFIG_ID>ZWDCC_NCA_CONFIG_GUIBBF_UICO</CONFIG_ID>
           <CONFIG_TYPE/>
           <CONFIG_VAR/>
           <INSTANCE_ID/>
           <LOCATION>1</LOCATION>
           <ROW/>
           <INDEX>1</INDEX>
           <DEFAULT_IN_STACK/>
           <NEEDS_STRETCHING/>
           <HIDDEN/>
           <TYPE>T</TYPE>
           <COLLAPSED/>
           <TITLE Transl="true">39</TITLE>
           <IMAGE>~Icon/DetailedSettings</IMAGE>
           <PADDING/>
           <INSTANCE_STYLE/>
           <EXPLANATION_TEXT Transl="true"/>
           <EXPLANATION_DOCUMENT/>
           <DEFAULT_EDIT_PAGE/>
           <DEFAULT_DETAILS_PAGE/>
           <Node Name="UIBB_TOOLBAR" SimpleFormat="true">
            <Item Index="000001" SimpleFormat="true">
             <CAPTURE_ACTIONS/>
             <INSTANCE_STYLE/>
             <Node Name="UIBB_BUTTON" SimpleFormat="true"/>
            </Item>
           </Node>
          </Item>
          <Item Index="000002" SimpleFormat="true">
           <FPM_PRIMARY_ATTRIBUTE Final="5 ">_GENP_00155D36F2031ED78DD07BA1027A5A53</FPM_PRIMARY_ATTRIBUTE>
           <INTERFACE_VIEW>LIST_WINDOW</INTERFACE_VIEW>
           <COMPONENT>FPM_LIST_UIBB_ATS</COMPONENT>
           <INDEX>2</INDEX>
           <LOCATION>1</LOCATION>
           <TYPE>T</TYPE>
           <ROW/>
           <CONFIG_ID>ZWDCC_NCA_CONFIG_GUIBBL_UICO_VAL</CONFIG_ID>
           <TITLE Transl="true">18</TITLE>
           <COLLAPSED/>
           <IMAGE>~Icon/DefaultValueSet</IMAGE>
           <Node Name="UIBB_TOOLBAR" SimpleFormat="true">
            <Item Index="000001" SimpleFormat="true">
             <Node Name="UIBB_BUTTON" SimpleFormat="true"/>
            </Item>
           </Node>
          </Item>
         </Node>
        </Item>
       </Node>
       <Node Name="EXTERNAL_NAVIGATION" SimpleFormat="true"/>
       <Node Name="PAGE_MASTER_AREA" SimpleFormat="true">
        <Item Index="000001" SimpleFormat="true">
         <Node Name="PAGE_MASTER_UIBB" SimpleFormat="true">
          <Item Index="000001" SimpleFormat="true">
           <FPM_PRIMARY_ATTRIBUTE Final="5 ">_GENP_00155D36F2031ED786E096737B48DA53</FPM_PRIMARY_ATTRIBUTE>
           <INTERFACE_VIEW>COMPOSITE_WINDOW</INTERFACE_VIEW>
           <COMPONENT>FPM_COMPOSITE_UIBB</COMPONENT>
           <INDEX>1</INDEX>
           <CONFIG_ID>ZWDCC_NCA_CONFIG_GUIBBC_MASTER</CONFIG_ID>
           <IMAGE>~Icon/OverlappingExpand</IMAGE>
           <TITLE Transl="true">14</TITLE>
           <Node Name="PM_TOOLBAR" SimpleFormat="true">
            <Item Index="000001" SimpleFormat="true">
             <Node Name="PM_BUTTON" SimpleFormat="true"/>
            </Item>
           </Node>
          </Item>
         </Node>
        </Item>
       </Node>
       <Node Name="TOOLBAR" SimpleFormat="true">
        <Item Index="000001" SimpleFormat="true">
         <Node Name="BUTTON" SimpleFormat="true">
          <Item Index="000001" SimpleFormat="true">
           <ELEMENT_ID Final="5 ">ACTION_ID_2</ELEMENT_ID>
           <TEXT Transl="true">11</TEXT>
           <INDEX>1</INDEX>
           <SPECIAL_PROPERTIES>﻿&lt;?xml version=&quot;1.0&quot; encoding=&quot;utf-16&quot;?&gt;&lt;asx:abap xmlns:asx=&quot;http://www.sap.com/abapxml&quot; version=&quot;1.0&quot;&gt;&lt;asx:values&gt;&lt;DESIGN&gt;02&lt;/DESIGN&gt;&lt;/asx:values&gt;&lt;/asx:abap&gt;</SPECIAL_PROPERTIES>
           <HAS_SEPARATOR>X</HAS_SEPARATOR>
           <IMAGE_IS_DECORATIVE>X</IMAGE_IS_DECORATIVE>
           <Node Name="BUTTON_SUB_ITEM" SimpleFormat="true">
            <Item Index="000001" SimpleFormat="true">
             <ACTION_ID Final="5 ">ACTION_ID_2</ACTION_ID>
            </Item>
           </Node>
          </Item>
          <Item Index="000002" SimpleFormat="true">
           <ELEMENT_ID Final="5 ">ACTION_ID_4</ELEMENT_ID>
           <TEXT Transl="true">21</TEXT>
           <INDEX>2</INDEX>
           <SPECIAL_PROPERTIES>﻿&lt;?xml version=&quot;1.0&quot; encoding=&quot;utf-16&quot;?&gt;&lt;asx:abap xmlns:asx=&quot;http://www.sap.com/abapxml&quot; version=&quot;1.0&quot;&gt;&lt;asx:values&gt;&lt;DESIGN&gt;00&lt;/DESIGN&gt;&lt;/asx:values&gt;&lt;/asx:abap&gt;</SPECIAL_PROPERTIES>
           <IMAGE>~Icon/Save</IMAGE>
           <HAS_SEPARATOR>X</HAS_SEPARATOR>
           <Node Name="BUTTON_SUB_ITEM" SimpleFormat="true">
            <Item Index="000001" SimpleFormat="true">
             <ACTION_ID Final="5 ">ACTION_ID_4</ACTION_ID>
            </Item>
           </Node>
          </Item>
          <Item Index="000003" SimpleFormat="true">
           <ELEMENT_ID Final="5 ">ACTION_ID_3</ELEMENT_ID>
           <TEXT Transl="true">22</TEXT>
           <INDEX>3</INDEX>
           <SPECIAL_PROPERTIES>﻿&lt;?xml version=&quot;1.0&quot; encoding=&quot;utf-16&quot;?&gt;&lt;asx:abap xmlns:asx=&quot;http://www.sap.com/abapxml&quot; version=&quot;1.0&quot;&gt;&lt;asx:values&gt;&lt;DESIGN&gt;00&lt;/DESIGN&gt;&lt;/asx:values&gt;&lt;/asx:abap&gt;</SPECIAL_PROPERTIES>
           <IMAGE>~Icon/Cancel</IMAGE>
           <HAS_SEPARATOR>X</HAS_SEPARATOR>
           <Node Name="BUTTON_SUB_ITEM" SimpleFormat="true">
            <Item Index="000001" SimpleFormat="true">
             <ACTION_ID Final="5 ">ACTION_ID_3</ACTION_ID>
            </Item>
           </Node>
          </Item>
          <Item Index="000004" SimpleFormat="true">
           <ELEMENT_ID Final="5 ">ACTION_ID_1</ELEMENT_ID>
           <TEXT Transl="true">23</TEXT>
           <INDEX>4</INDEX>
           <SPECIAL_PROPERTIES>﻿&lt;?xml version=&quot;1.0&quot; encoding=&quot;utf-16&quot;?&gt;&lt;asx:abap xmlns:asx=&quot;http://www.sap.com/abapxml&quot; version=&quot;1.0&quot;&gt;&lt;asx:values&gt;&lt;DESIGN&gt;00&lt;/DESIGN&gt;&lt;/asx:values&gt;&lt;/asx:abap&gt;</SPECIAL_PROPERTIES>
           <IMAGE>~Icon/Edit</IMAGE>
           <HAS_SEPARATOR/>
           <Node Name="BUTTON_SUB_ITEM" SimpleFormat="true">
            <Item Index="000001" SimpleFormat="true">
             <ACTION_ID Final="5 ">ACTION_ID_1</ACTION_ID>
            </Item>
           </Node>
          </Item>
          <Item Index="000005" SimpleFormat="true">
           <ELEMENT_ID Final="5 ">ACTION_ID_5</ELEMENT_ID>
           <TEXT Transl="true">24</TEXT>
           <INDEX>5</INDEX>
           <SPECIAL_PROPERTIES>﻿&lt;?xml version=&quot;1.0&quot; encoding=&quot;utf-16&quot;?&gt;&lt;asx:abap xmlns:asx=&quot;http://www.sap.com/abapxml&quot; version=&quot;1.0&quot;&gt;&lt;asx:values&gt;&lt;DESIGN&gt;00&lt;/DESIGN&gt;&lt;/asx:values&gt;&lt;/asx:abap&gt;</SPECIAL_PROPERTIES>
           <IMAGE>~Icon/Process</IMAGE>
           <HAS_SEPARATOR>X</HAS_SEPARATOR>
           <Node Name="BUTTON_SUB_ITEM" SimpleFormat="true">
            <Item Index="000001" SimpleFormat="true">
             <ACTION_ID Final="5 ">ACTION_ID_5</ACTION_ID>
            </Item>
           </Node>
          </Item>
          <Item Index="000006" SimpleFormat="true">
           <ELEMENT_ID Final="5 ">ACTION_ID_6</ELEMENT_ID>
           <TEXT Transl="true">25</TEXT>
           <INDEX>6</INDEX>
           <SPECIAL_PROPERTIES>﻿&lt;?xml version=&quot;1.0&quot; encoding=&quot;utf-16&quot;?&gt;&lt;asx:abap xmlns:asx=&quot;http://www.sap.com/abapxml&quot; version=&quot;1.0&quot;&gt;&lt;asx:values&gt;&lt;DESIGN&gt;00&lt;/DESIGN&gt;&lt;/asx:values&gt;&lt;/asx:abap&gt;</SPECIAL_PROPERTIES>
           <IMAGE>~Icon/ChartVertBarLine</IMAGE>
           <Node Name="BUTTON_SUB_ITEM" SimpleFormat="true">
            <Item Index="000001" SimpleFormat="true">
             <ACTION_ID Final="5 ">ACTION_ID_6</ACTION_ID>
            </Item>
           </Node>
          </Item>
          <Item Index="000007" SimpleFormat="true">
           <ELEMENT_ID Final="5 ">ACTION_ID_7</ELEMENT_ID>
           <TEXT Transl="true">28</TEXT>
           <INDEX>7</INDEX>
           <SPECIAL_PROPERTIES>﻿&lt;?xml version=&quot;1.0&quot; encoding=&quot;utf-16&quot;?&gt;&lt;asx:abap xmlns:asx=&quot;http://www.sap.com/abapxml&quot; version=&quot;1.0&quot;&gt;&lt;asx:values&gt;&lt;DESIGN&gt;00&lt;/DESIGN&gt;&lt;/asx:values&gt;&lt;/asx:abap&gt;</SPECIAL_PROPERTIES>
           <IMAGE>~Icon/Truck</IMAGE>
           <Node Name="BUTTON_SUB_ITEM" SimpleFormat="true">
            <Item Index="000001" SimpleFormat="true">
             <ACTION_ID Final="5 ">ACTION_ID_7</ACTION_ID>
            </Item>
           </Node>
          </Item>
          <Item Index="000008" SimpleFormat="true">
           <ELEMENT_ID Final="5 ">ACTION_ID_8</ELEMENT_ID>
           <TEXT Transl="true">29</TEXT>
           <INDEX>8</INDEX>
           <SPECIAL_PROPERTIES>﻿&lt;?xml version=&quot;1.0&quot; encoding=&quot;utf-16&quot;?&gt;&lt;asx:abap xmlns:asx=&quot;http://www.sap.com/abapxml&quot; version=&quot;1.0&quot;&gt;&lt;asx:values&gt;&lt;DESIGN&gt;00&lt;/DESIGN&gt;&lt;/asx:values&gt;&lt;/asx:abap&gt;</SPECIAL_PROPERTIES>
           <IMAGE>~Icon/Trailer</IMAGE>
           <Node Name="BUTTON_SUB_ITEM" SimpleFormat="true">
            <Item Index="000001" SimpleFormat="true">
             <ACTION_ID Final="5 ">ACTION_ID_8</ACTION_ID>
            </Item>
           </Node>
          </Item>
          <Item Index="000009" SimpleFormat="true">
           <ELEMENT_ID Final="5 ">ACTION_ID_9</ELEMENT_ID>
           <TEXT Transl="true">30</TEXT>
           <INDEX>9</INDEX>
           <SPECIAL_PROPERTIES>﻿&lt;?xml version=&quot;1.0&quot; encoding=&quot;utf-16&quot;?&gt;&lt;asx:abap xmlns:asx=&quot;http://www.sap.com/abapxml&quot; version=&quot;1.0&quot;&gt;&lt;asx:values&gt;&lt;DESIGN&gt;00&lt;/DESIGN&gt;&lt;/asx:values&gt;&lt;/asx:abap&gt;</SPECIAL_PROPERTIES>
           <IMAGE>~Icon/DefaultOverwritten</IMAGE>
           <Node Name="BUTTON_SUB_ITEM" SimpleFormat="true">
            <Item Index="000001" SimpleFormat="true">
             <ACTION_ID Final="5 ">ACTION_ID_9</ACTION_ID>
            </Item>
           </Node>
          </Item>
         </Node>
        </Item>
       </Node>
       <Node Name="UIBB_SELECTOR" SimpleFormat="true"/>
      </Item>
      <Item Index="000002" SimpleFormat="true">
       <ID Final="5 ">SEARCH</ID>
       <TITLE Transl="true">2</TITLE>
       <TYPE>INIT</TYPE>
       <DEFAULT>X</DEFAULT>
       <PERSONALIZATION_ENABLED/>
       <Node Name="EXTERNAL_NAVIGATION" SimpleFormat="true"/>
       <Node Name="PAGE_MASTER_AREA" SimpleFormat="true"/>
       <Node Name="SECTION" SimpleFormat="true">
        <Item Index="000001" SimpleFormat="true">
         <ID Final="5 ">SECTION_1</ID>
         <INDEX>1</INDEX>
         <Node Name="COLUMN_LAYOUT" SimpleFormat="true">
          <Item Index="000001" SimpleFormat="true">
           <COLUMN_ID Final="5 ">COLUMN_ID_1</COLUMN_ID>
          </Item>
         </Node>
         <Node Name="UIBB" SimpleFormat="true">
          <Item Index="000001" SimpleFormat="true">
           <FPM_PRIMARY_ATTRIBUTE Final="5 ">_GENP_00155D36F2031ED6BADF31993EE75A53</FPM_PRIMARY_ATTRIBUTE>
           <INTERFACE_VIEW>SEARCH_WINDOW</INTERFACE_VIEW>
           <COMPONENT>FPM_SEARCH_UIBB</COMPONENT>
           <INDEX>1</INDEX>
           <LOCATION>1</LOCATION>
           <CONFIG_ID>ZWDCC_NCA_CONFIG_GUIBBS</CONFIG_ID>
           <DEFAULT_IN_STACK>X</DEFAULT_IN_STACK>
           <TITLE Transl="true">3</TITLE>
           <Node Name="UIBB_TOOLBAR" SimpleFormat="true">
            <Item Index="000001" SimpleFormat="true">
             <Node Name="UIBB_BUTTON" SimpleFormat="true"/>
            </Item>
           </Node>
          </Item>
         </Node>
        </Item>
       </Node>
       <Node Name="TOOLBAR" SimpleFormat="true">
        <Item Index="000001" SimpleFormat="true">
         <Node Name="BUTTON" SimpleFormat="true"/>
        </Item>
       </Node>
       <Node Name="UIBB_SELECTOR" SimpleFormat="true"/>
      </Item>
      <Item Index="000003" SimpleFormat="true">
       <ID Final="5 ">REPORTING</ID>
       <TITLE Transl="true">26</TITLE>
       <TYPE>DIAL</TYPE>
       <DEFAULT>X</DEFAULT>
       <DLG_BUTTON_SET>3</DLG_BUTTON_SET>
       <DLG_WIDTH>800</DLG_WIDTH>
       <Node Name="EXTERNAL_NAVIGATION" SimpleFormat="true"/>
       <Node Name="PAGE_MASTER_AREA" SimpleFormat="true"/>
       <Node Name="SECTION" SimpleFormat="true">
        <Item Index="000001" SimpleFormat="true">
         <ID Final="5 ">SECTION_1</ID>
         <INDEX>1</INDEX>
         <Node Name="COLUMN_LAYOUT" SimpleFormat="true">
          <Item Index="000001" SimpleFormat="true">
           <COLUMN_ID Final="5 ">COLUMN_ID_1</COLUMN_ID>
          </Item>
         </Node>
         <Node Name="UIBB" SimpleFormat="true">
          <Item Index="000001" SimpleFormat="true">
           <FPM_PRIMARY_ATTRIBUTE Final="5 ">_GENP_00155D36F2031ED7AC9A4ED54C679A53</FPM_PRIMARY_ATTRIBUTE>
           <INTERFACE_VIEW>LIST_WINDOW</INTERFACE_VIEW>
           <COMPONENT>FPM_LIST_UIBB_ATS</COMPONENT>
           <INDEX>1</INDEX>
           <LOCATION>1</LOCATION>
           <CONFIG_ID>ZWDCC_NCA_CONFIG_GUIBBL_APP_RP</CONFIG_ID>
           <DEFAULT_IN_STACK>X</DEFAULT_IN_STACK>
           <Node Name="UIBB_TOOLBAR" SimpleFormat="true">
            <Item Index="000001" SimpleFormat="true">
             <Node Name="UIBB_BUTTON" SimpleFormat="true"/>
            </Item>
           </Node>
          </Item>
          <Item Index="000002" SimpleFormat="true">
           <FPM_PRIMARY_ATTRIBUTE Final="5 ">_GENP_00155D36F2031ED889C504A5E1BF9A54</FPM_PRIMARY_ATTRIBUTE>
           <INTERFACE_VIEW>LIST_WINDOW</INTERFACE_VIEW>
           <COMPONENT>FPM_LIST_UIBB_ATS</COMPONENT>
           <INDEX>2</INDEX>
           <LOCATION>1</LOCATION>
           <CONFIG_ID>ZWDCC_NCA_CONFIG_GUIBBL_APP_RPF</CONFIG_ID>
           <Node Name="UIBB_TOOLBAR" SimpleFormat="true">
            <Item Index="000001" SimpleFormat="true">
             <Node Name="UIBB_BUTTON" SimpleFormat="true"/>
            </Item>
           </Node>
          </Item>
         </Node>
        </Item>
       </Node>
       <Node Name="TOOLBAR" SimpleFormat="true">
        <Item Index="000001" SimpleFormat="true">
         <Node Name="BUTTON" SimpleFormat="true"/>
        </Item>
       </Node>
       <Node Name="UIBB_SELECTOR" SimpleFormat="true"/>
      </Item>
      <Item Index="000004" SimpleFormat="true">
       <ID Final="5 ">ACTIONS</ID>
       <TITLE Transl="true">27</TITLE>
       <TYPE>DIAL</TYPE>
       <DLG_WIDTH>800</DLG_WIDTH>
       <DLG_BUTTON_SET>3</DLG_BUTTON_SET>
       <Node Name="EXTERNAL_NAVIGATION" SimpleFormat="true"/>
       <Node Name="PAGE_MASTER_AREA" SimpleFormat="true"/>
       <Node Name="SECTION" SimpleFormat="true">
        <Item Index="000001" SimpleFormat="true">
         <ID Final="5 ">SECTION_1</ID>
         <INDEX>1</INDEX>
         <Node Name="COLUMN_LAYOUT" SimpleFormat="true">
          <Item Index="000001" SimpleFormat="true">
           <COLUMN_ID Final="5 ">COLUMN_ID_1</COLUMN_ID>
          </Item>
         </Node>
         <Node Name="UIBB" SimpleFormat="true">
          <Item Index="000001" SimpleFormat="true">
           <FPM_PRIMARY_ATTRIBUTE Final="5 ">_GENP_00155D36F2031ED7ACD60431DA6B1A53</FPM_PRIMARY_ATTRIBUTE>
           <INTERFACE_VIEW>LIST_WINDOW</INTERFACE_VIEW>
           <COMPONENT>FPM_LIST_UIBB_ATS</COMPONENT>
           <INDEX>1</INDEX>
           <LOCATION>1</LOCATION>
           <CONFIG_ID>ZWDCC_NCA_CONFIG_GUIBBL_ACTION</CONFIG_ID>
           <Node Name="UIBB_TOOLBAR" SimpleFormat="true">
            <Item Index="000001" SimpleFormat="true">
             <Node Name="UIBB_BUTTON" SimpleFormat="true"/>
            </Item>
           </Node>
          </Item>
         </Node>
        </Item>
       </Node>
       <Node Name="TOOLBAR" SimpleFormat="true">
        <Item Index="000001" SimpleFormat="true">
         <Node Name="BUTTON" SimpleFormat="true"/>
        </Item>
       </Node>
       <Node Name="UIBB_SELECTOR" SimpleFormat="true"/>
      </Item>
      <Item Index="000005" SimpleFormat="true">
       <ID Final="5 ">COPY_APP</ID>
       <TITLE Transl="true">31</TITLE>
       <TYPE>DIAL</TYPE>
       <DLG_BUTTON_SET>3</DLG_BUTTON_SET>
       <DLG_WIDTH>50%</DLG_WIDTH>
       <Node Name="EXTERNAL_NAVIGATION" SimpleFormat="true"/>
       <Node Name="PAGE_MASTER_AREA" SimpleFormat="true"/>
       <Node Name="SECTION" SimpleFormat="true">
        <Item Index="000001" SimpleFormat="true">
         <ID Final="5 ">SECTION_1</ID>
         <INDEX>1</INDEX>
         <Node Name="COLUMN_LAYOUT" SimpleFormat="true">
          <Item Index="000001" SimpleFormat="true">
           <COLUMN_ID Final="5 ">COLUMN_ID_1</COLUMN_ID>
          </Item>
         </Node>
         <Node Name="UIBB" SimpleFormat="true">
          <Item Index="000001" SimpleFormat="true">
           <FPM_PRIMARY_ATTRIBUTE Final="5 ">_GENP_00155D36F2031ED7ADD23092B9489A53</FPM_PRIMARY_ATTRIBUTE>
           <INTERFACE_VIEW>FORM_WINDOW</INTERFACE_VIEW>
           <COMPONENT>FPM_FORM_UIBB_GL2</COMPONENT>
           <INDEX>1</INDEX>
           <LOCATION>1</LOCATION>
           <CONFIG_ID>ZWDCC_NCA_CONFIG_GUIBBF_APP_CP</CONFIG_ID>
           <Node Name="UIBB_TOOLBAR" SimpleFormat="true">
            <Item Index="000001" SimpleFormat="true">
             <Node Name="UIBB_BUTTON" SimpleFormat="true"/>
            </Item>
           </Node>
          </Item>
         </Node>
        </Item>
       </Node>
       <Node Name="TOOLBAR" SimpleFormat="true">
        <Item Index="000001" SimpleFormat="true">
         <Node Name="BUTTON" SimpleFormat="true"/>
        </Item>
       </Node>
       <Node Name="UIBB_SELECTOR" SimpleFormat="true"/>
      </Item>
      <Item Index="000006" SimpleFormat="true">
       <ID Final="5 ">UIBB_CREATE</ID>
       <TITLE Transl="true">33</TITLE>
       <TYPE>DIAL</TYPE>
       <DLG_BUTTON_SET>3</DLG_BUTTON_SET>
       <DLG_WIDTH>33%</DLG_WIDTH>
       <Node Name="EXTERNAL_NAVIGATION" SimpleFormat="true"/>
       <Node Name="PAGE_MASTER_AREA" SimpleFormat="true"/>
       <Node Name="SECTION" SimpleFormat="true">
        <Item Index="000001" SimpleFormat="true">
         <ID Final="5 ">SECTION_1</ID>
         <INDEX>1</INDEX>
         <Node Name="COLUMN_LAYOUT" SimpleFormat="true">
          <Item Index="000001" SimpleFormat="true">
           <COLUMN_ID Final="5 ">COLUMN_ID_1</COLUMN_ID>
          </Item>
         </Node>
         <Node Name="UIBB" SimpleFormat="true">
          <Item Index="000001" SimpleFormat="true">
           <FPM_PRIMARY_ATTRIBUTE Final="5 ">_GENP_00155D36F2031ED7AF909E057FAF7A53</FPM_PRIMARY_ATTRIBUTE>
           <INTERFACE_VIEW>FORM_WINDOW</INTERFACE_VIEW>
           <COMPONENT>FPM_FORM_UIBB_GL2</COMPONENT>
           <INDEX>1</INDEX>
           <LOCATION>1</LOCATION>
           <CONFIG_ID>ZWDCC_NCA_CONFIG_GUIBBF_UIBB</CONFIG_ID>
           <Node Name="UIBB_TOOLBAR" SimpleFormat="true">
            <Item Index="000001" SimpleFormat="true">
             <Node Name="UIBB_BUTTON" SimpleFormat="true"/>
            </Item>
           </Node>
          </Item>
         </Node>
        </Item>
       </Node>
       <Node Name="TOOLBAR" SimpleFormat="true">
        <Item Index="000001" SimpleFormat="true">
         <Node Name="BUTTON" SimpleFormat="true"/>
        </Item>
       </Node>
       <Node Name="UIBB_SELECTOR" SimpleFormat="true"/>
      </Item>
      <Item Index="000007" SimpleFormat="true">
       <ID Final="5 ">TRANSPORT_REQUEST</ID>
       <TITLE Transl="true">41</TITLE>
       <TYPE>DIAL</TYPE>
       <DLG_BUTTON_SET>3</DLG_BUTTON_SET>
       <Node Name="EXTERNAL_NAVIGATION" SimpleFormat="true"/>
       <Node Name="PAGE_MASTER_AREA" SimpleFormat="true"/>
       <Node Name="SECTION" SimpleFormat="true">
        <Item Index="000001" SimpleFormat="true">
         <ID Final="5 ">SECTION_1</ID>
         <INDEX>1</INDEX>
         <Node Name="COLUMN_LAYOUT" SimpleFormat="true">
          <Item Index="000001" SimpleFormat="true">
           <COLUMN_ID Final="5 ">COLUMN_ID_1</COLUMN_ID>
          </Item>
         </Node>
         <Node Name="UIBB" SimpleFormat="true">
          <Item Index="000001" SimpleFormat="true">
           <FPM_PRIMARY_ATTRIBUTE Final="5 ">_GENP_00155D36F2031ED89A84A4B31D9D9A54</FPM_PRIMARY_ATTRIBUTE>
           <INTERFACE_VIEW>FORM_WINDOW</INTERFACE_VIEW>
           <COMPONENT>FPM_FORM_UIBB_GL2</COMPONENT>
           <INDEX>1</INDEX>
           <LOCATION>1</LOCATION>
           <CONFIG_ID>ZWDCC_NCA_CONFIG_GUIBBF_TRKORR</CONFIG_ID>
           <Node Name="UIBB_TOOLBAR" SimpleFormat="true">
            <Item Index="000001" SimpleFormat="true">
             <Node Name="UIBB_BUTTON" SimpleFormat="true"/>
            </Item>
           </Node>
          </Item>
         </Node>
        </Item>
       </Node>
       <Node Name="TOOLBAR" SimpleFormat="true">
        <Item Index="000001" SimpleFormat="true">
         <Node Name="BUTTON" SimpleFormat="true"/>
        </Item>
       </Node>
       <Node Name="UIBB_SELECTOR" SimpleFormat="true"/>
      </Item>
      <Item Index="000008" SimpleFormat="true">
       <ID Final="5 ">NCA_APP_CREATE</ID>
       <TITLE Transl="true">42</TITLE>
       <TYPE>DIAL</TYPE>
       <DLG_BUTTON_SET>3</DLG_BUTTON_SET>
       <DLG_WIDTH>400px</DLG_WIDTH>
       <Node Name="EXTERNAL_NAVIGATION" SimpleFormat="true"/>
       <Node Name="PAGE_MASTER_AREA" SimpleFormat="true"/>
       <Node Name="SECTION" SimpleFormat="true">
        <Item Index="000001" SimpleFormat="true">
         <ID Final="5 ">SECTION_1</ID>
         <INDEX>1</INDEX>
         <Node Name="COLUMN_LAYOUT" SimpleFormat="true">
          <Item Index="000001" SimpleFormat="true">
           <COLUMN_ID Final="5 ">COLUMN_ID_1</COLUMN_ID>
          </Item>
         </Node>
         <Node Name="UIBB" SimpleFormat="true">
          <Item Index="000001" SimpleFormat="true">
           <FPM_PRIMARY_ATTRIBUTE Final="5 ">_GENP_00155D36F2031ED89BB6E603CB941A54</FPM_PRIMARY_ATTRIBUTE>
           <INTERFACE_VIEW>FORM_WINDOW</INTERFACE_VIEW>
           <COMPONENT>FPM_FORM_UIBB_GL2</COMPONENT>
           <INDEX>1</INDEX>
           <LOCATION>1</LOCATION>
           <CONFIG_ID>ZWDCC_NCA_CONFIG_GUIBBF_APP_CR</CONFIG_ID>
           <Node Name="UIBB_TOOLBAR" SimpleFormat="true">
            <Item Index="000001" SimpleFormat="true">
             <Node Name="UIBB_BUTTON" SimpleFormat="true"/>
            </Item>
           </Node>
          </Item>
         </Node>
        </Item>
       </Node>
       <Node Name="TOOLBAR" SimpleFormat="true">
        <Item Index="000001" SimpleFormat="true">
         <Node Name="BUTTON" SimpleFormat="true"/>
        </Item>
       </Node>
       <Node Name="UIBB_SELECTOR" SimpleFormat="true"/>
      </Item>
      <Item Index="000009" SimpleFormat="true">
       <ID Final="5 ">TRANSLATION</ID>
       <TITLE Transl="true">43</TITLE>
       <Node Name="EXTERNAL_NAVIGATION" SimpleFormat="true"/>
       <Node Name="PAGE_MASTER_AREA" SimpleFormat="true">
        <Item Index="000001" SimpleFormat="true">
         <SASH_POSITION>21</SASH_POSITION>
         <Node Name="PAGE_MASTER_UIBB" SimpleFormat="true">
          <Item Index="000001" SimpleFormat="true">
           <FPM_PRIMARY_ATTRIBUTE Final="5 ">_GENP_00155D36F2031ED9B4C7F99B1B7ADA54</FPM_PRIMARY_ATTRIBUTE>
           <INTERFACE_VIEW>LIST_WINDOW</INTERFACE_VIEW>
           <COMPONENT>FPM_LIST_UIBB_ATS</COMPONENT>
           <INDEX>1</INDEX>
           <CONFIG_ID>ZWDCC_NCA_CONFIG_GUIBBL_TEXT_L</CONFIG_ID>
           <IMAGE>~Icon/DocumentList</IMAGE>
           <TITLE Transl="true">45</TITLE>
           <Node Name="PM_TOOLBAR" SimpleFormat="true">
            <Item Index="000001" SimpleFormat="true">
             <Node Name="PM_BUTTON" SimpleFormat="true"/>
            </Item>
           </Node>
          </Item>
         </Node>
        </Item>
       </Node>
       <Node Name="SECTION" SimpleFormat="true">
        <Item Index="000001" SimpleFormat="true">
         <ID Final="5 ">SECTION_1</ID>
         <INDEX>1</INDEX>
         <Node Name="COLUMN_LAYOUT" SimpleFormat="true">
          <Item Index="000001" SimpleFormat="true">
           <COLUMN_ID Final="5 ">COLUMN_ID_1</COLUMN_ID>
          </Item>
         </Node>
         <Node Name="UIBB" SimpleFormat="true">
          <Item Index="000001" SimpleFormat="true">
           <FPM_PRIMARY_ATTRIBUTE Final="5 ">_GENP_00155D36F2031ED8A3B0FC22093A9A54</FPM_PRIMARY_ATTRIBUTE>
           <INTERFACE_VIEW>LIST_WINDOW</INTERFACE_VIEW>
           <COMPONENT>FPM_LIST_UIBB_ATS</COMPONENT>
           <INDEX>1</INDEX>
           <LOCATION>1</LOCATION>
           <TYPE>T</TYPE>
           <CONFIG_ID>ZWDCC_NCA_CONFIG_GUIBBL_TEXT</CONFIG_ID>
           <DEFAULT_IN_STACK>X</DEFAULT_IN_STACK>
           <TITLE Transl="true">44</TITLE>
           <IMAGE>~Icon/TextPad</IMAGE>
           <PADDING/>
           <Node Name="UIBB_TOOLBAR" SimpleFormat="true">
            <Item Index="000001" SimpleFormat="true">
             <Node Name="UIBB_BUTTON" SimpleFormat="true"/>
            </Item>
           </Node>
          </Item>
         </Node>
        </Item>
       </Node>
       <Node Name="TOOLBAR" SimpleFormat="true">
        <Item Index="000001" SimpleFormat="true">
         <Node Name="BUTTON" SimpleFormat="true"/>
        </Item>
       </Node>
       <Node Name="UIBB_SELECTOR" SimpleFormat="true"/>
      </Item>
     </Node>
     <Node Name="PERSONALIZATION" SimpleFormat="true">
      <Item Index="000001" SimpleFormat="true">
       <Node Name="P_CONTENT_AREA" SimpleFormat="true"/>
      </Item>
     </Node>
     <Node Name="WIRE_MODEL" SimpleFormat="true">
      <Item Index="000001" SimpleFormat="true">
       <TRANSACTION/>
       <Node Name="WIRE" SimpleFormat="true"/>
      </Item>
     </Node>
     <Node Name="ACTION" SimpleFormat="true">
      <Item Index="000001" SimpleFormat="true">
       <ID Final="5 ">ACTION_ID_2</ID>
       <EVENT_ID>NCA_BACK</EVENT_ID>
       <ACTION_TYPE>1</ACTION_TYPE>
       <Node Name="EVENT_PARAMETER" SimpleFormat="true"/>
      </Item>
      <Item Index="000002" SimpleFormat="true">
       <ID Final="5 ">ACTION_ID_1</ID>
       <EVENT_ID>FPM_EDIT</EVENT_ID>
       <ACTION_TYPE>1</ACTION_TYPE>
       <Node Name="EVENT_PARAMETER" SimpleFormat="true"/>
      </Item>
      <Item Index="000003" SimpleFormat="true">
       <ID Final="5 ">ACTION_ID_3</ID>
       <EVENT_ID>FPM_CANCEL</EVENT_ID>
       <ACTION_TYPE>1</ACTION_TYPE>
       <Node Name="EVENT_PARAMETER" SimpleFormat="true"/>
      </Item>
      <Item Index="000004" SimpleFormat="true">
       <ID Final="5 ">ACTION_ID_4</ID>
       <EVENT_ID>NCA_SAVE</EVENT_ID>
       <Node Name="EVENT_PARAMETER" SimpleFormat="true"/>
      </Item>
      <Item Index="000005" SimpleFormat="true">
       <ID Final="5 ">ACTION_ID_5</ID>
       <EVENT_ID>NCA_ACTIONS</EVENT_ID>
       <ACTION_TYPE>1</ACTION_TYPE>
       <Node Name="EVENT_PARAMETER" SimpleFormat="true"/>
      </Item>
      <Item Index="000006" SimpleFormat="true">
       <ID Final="5 ">ACTION_ID_6</ID>
       <EVENT_ID>NCA_REPORTING</EVENT_ID>
       <ACTION_TYPE>1</ACTION_TYPE>
       <Node Name="EVENT_PARAMETER" SimpleFormat="true"/>
      </Item>
      <Item Index="000007" SimpleFormat="true">
       <ID Final="5 ">ACTION_ID_7</ID>
       <EVENT_ID>NAVI_FPM</EVENT_ID>
       <Node Name="EVENT_PARAMETER" SimpleFormat="true"/>
      </Item>
      <Item Index="000008" SimpleFormat="true">
       <ID Final="5 ">ACTION_ID_8</ID>
       <EVENT_ID>NAVI_UI5</EVENT_ID>
       <Node Name="EVENT_PARAMETER" SimpleFormat="true"/>
      </Item>
      <Item Index="000009" SimpleFormat="true">
       <ID Final="5 ">ACTION_ID_9</ID>
       <EVENT_ID>NAVI_BRF_APP</EVENT_ID>
       <Node Name="EVENT_PARAMETER" SimpleFormat="true"/>
      </Item>
     </Node>
     <Node Name="APP_SPECIFIC_CC" SimpleFormat="true">
      <Item Index="000001" SimpleFormat="true">
       <COMPONENT>ZCL_NCA_CONFIG_APP_CC</COMPONENT>
      </Item>
     </Node>
     <Node Name="CONF_COMP_USAGE" SimpleFormat="true"/>
     <Node Name="MSG_MAPPER_SETTING" SimpleFormat="true"/>
     <Node Name="PAGE_SELECTOR" SimpleFormat="true"/>
    </Item>
   </Node>
  </Item>
 </Node>
</Component>
