﻿<?xml version="1.0" encoding="utf-8"?>
<abapGit version="v1.0.0" serializer="LCL_OBJECT_WDCC" serializer_version="v1.0.0">
 <asx:abap xmlns:asx="http://www.sap.com/abapxml" version="1.0">
  <asx:values>
   <OBJECT_NAME>ZWDA_NCA_CONFIG_APP             00</OBJECT_NAME>
   <CONFIG_ID>ZWDA_NCA_CONFIG_APP</CONFIG_ID>
   <WDA_COMPONENT>FPM_OVP_COMPONENT</WDA_COMPONENT>
   <OTR_TEXT>
    <WDY_CONFIG_COMPT>
     <CONFIG_ID>ZWDA_NCA_CONFIG_APP</CONFIG_ID>
     <LANGU>D</LANGU>
     <TEXT_ID>1</TEXT_ID>
     <DESCRIPTION>NonCode Application Builder</DESCRIPTION>
    </WDY_CONFIG_COMPT>
    <WDY_CONFIG_COMPT>
     <CONFIG_ID>ZWDA_NCA_CONFIG_APP</CONFIG_ID>
     <LANGU>D</LANGU>
     <TEXT_ID>11</TEXT_ID>
     <DESCRIPTION>zurück zur Suche</DESCRIPTION>
    </WDY_CONFIG_COMPT>
    <WDY_CONFIG_COMPT>
     <CONFIG_ID>ZWDA_NCA_CONFIG_APP</CONFIG_ID>
     <LANGU>D</LANGU>
     <TEXT_ID>14</TEXT_ID>
     <DESCRIPTION>Anwendungsübersicht</DESCRIPTION>
    </WDY_CONFIG_COMPT>
    <WDY_CONFIG_COMPT>
     <CONFIG_ID>ZWDA_NCA_CONFIG_APP</CONFIG_ID>
     <LANGU>D</LANGU>
     <TEXT_ID>15</TEXT_ID>
     <DESCRIPTION>UI Komponenten</DESCRIPTION>
    </WDY_CONFIG_COMPT>
    <WDY_CONFIG_COMPT>
     <CONFIG_ID>ZWDA_NCA_CONFIG_APP</CONFIG_ID>
     <LANGU>D</LANGU>
     <TEXT_ID>18</TEXT_ID>
     <DESCRIPTION>Festwerte</DESCRIPTION>
    </WDY_CONFIG_COMPT>
    <WDY_CONFIG_COMPT>
     <CONFIG_ID>ZWDA_NCA_CONFIG_APP</CONFIG_ID>
     <LANGU>D</LANGU>
     <TEXT_ID>2</TEXT_ID>
     <DESCRIPTION>NonCode Application Builder Suche</DESCRIPTION>
    </WDY_CONFIG_COMPT>
    <WDY_CONFIG_COMPT>
     <CONFIG_ID>ZWDA_NCA_CONFIG_APP</CONFIG_ID>
     <LANGU>D</LANGU>
     <TEXT_ID>21</TEXT_ID>
     <DESCRIPTION>Speichern</DESCRIPTION>
    </WDY_CONFIG_COMPT>
    <WDY_CONFIG_COMPT>
     <CONFIG_ID>ZWDA_NCA_CONFIG_APP</CONFIG_ID>
     <LANGU>D</LANGU>
     <TEXT_ID>22</TEXT_ID>
     <DESCRIPTION>Abbrechen</DESCRIPTION>
    </WDY_CONFIG_COMPT>
    <WDY_CONFIG_COMPT>
     <CONFIG_ID>ZWDA_NCA_CONFIG_APP</CONFIG_ID>
     <LANGU>D</LANGU>
     <TEXT_ID>23</TEXT_ID>
     <DESCRIPTION>Bearbeiten</DESCRIPTION>
    </WDY_CONFIG_COMPT>
    <WDY_CONFIG_COMPT>
     <CONFIG_ID>ZWDA_NCA_CONFIG_APP</CONFIG_ID>
     <LANGU>D</LANGU>
     <TEXT_ID>24</TEXT_ID>
     <DESCRIPTION>Actions</DESCRIPTION>
    </WDY_CONFIG_COMPT>
    <WDY_CONFIG_COMPT>
     <CONFIG_ID>ZWDA_NCA_CONFIG_APP</CONFIG_ID>
     <LANGU>D</LANGU>
     <TEXT_ID>25</TEXT_ID>
     <DESCRIPTION>Reporting Einstellungen</DESCRIPTION>
    </WDY_CONFIG_COMPT>
    <WDY_CONFIG_COMPT>
     <CONFIG_ID>ZWDA_NCA_CONFIG_APP</CONFIG_ID>
     <LANGU>D</LANGU>
     <TEXT_ID>26</TEXT_ID>
     <DESCRIPTION>Reporting Einstellungen</DESCRIPTION>
    </WDY_CONFIG_COMPT>
    <WDY_CONFIG_COMPT>
     <CONFIG_ID>ZWDA_NCA_CONFIG_APP</CONFIG_ID>
     <LANGU>D</LANGU>
     <TEXT_ID>27</TEXT_ID>
     <DESCRIPTION>Actions</DESCRIPTION>
    </WDY_CONFIG_COMPT>
    <WDY_CONFIG_COMPT>
     <CONFIG_ID>ZWDA_NCA_CONFIG_APP</CONFIG_ID>
     <LANGU>D</LANGU>
     <TEXT_ID>28</TEXT_ID>
     <DESCRIPTION>FPM Anwendung</DESCRIPTION>
    </WDY_CONFIG_COMPT>
    <WDY_CONFIG_COMPT>
     <CONFIG_ID>ZWDA_NCA_CONFIG_APP</CONFIG_ID>
     <LANGU>D</LANGU>
     <TEXT_ID>29</TEXT_ID>
     <DESCRIPTION>UI5 Anwendung</DESCRIPTION>
    </WDY_CONFIG_COMPT>
    <WDY_CONFIG_COMPT>
     <CONFIG_ID>ZWDA_NCA_CONFIG_APP</CONFIG_ID>
     <LANGU>D</LANGU>
     <TEXT_ID>3</TEXT_ID>
     <DESCRIPTION>Suche nach Anwendungen</DESCRIPTION>
    </WDY_CONFIG_COMPT>
    <WDY_CONFIG_COMPT>
     <CONFIG_ID>ZWDA_NCA_CONFIG_APP</CONFIG_ID>
     <LANGU>D</LANGU>
     <TEXT_ID>30</TEXT_ID>
     <DESCRIPTION>BRF+ Anwendung</DESCRIPTION>
    </WDY_CONFIG_COMPT>
    <WDY_CONFIG_COMPT>
     <CONFIG_ID>ZWDA_NCA_CONFIG_APP</CONFIG_ID>
     <LANGU>D</LANGU>
     <TEXT_ID>31</TEXT_ID>
     <DESCRIPTION>Anwendung Kopieren</DESCRIPTION>
    </WDY_CONFIG_COMPT>
    <WDY_CONFIG_COMPT>
     <CONFIG_ID>ZWDA_NCA_CONFIG_APP</CONFIG_ID>
     <LANGU>D</LANGU>
     <TEXT_ID>33</TEXT_ID>
     <DESCRIPTION>Anlegen / Ändern</DESCRIPTION>
    </WDY_CONFIG_COMPT>
    <WDY_CONFIG_COMPT>
     <CONFIG_ID>ZWDA_NCA_CONFIG_APP</CONFIG_ID>
     <LANGU>D</LANGU>
     <TEXT_ID>39</TEXT_ID>
     <DESCRIPTION>Erweiterte Einstellungen (Komponente)</DESCRIPTION>
    </WDY_CONFIG_COMPT>
    <WDY_CONFIG_COMPT>
     <CONFIG_ID>ZWDA_NCA_CONFIG_APP</CONFIG_ID>
     <LANGU>D</LANGU>
     <TEXT_ID>40</TEXT_ID>
     <DESCRIPTION>Externe Datenversorgung</DESCRIPTION>
    </WDY_CONFIG_COMPT>
    <WDY_CONFIG_COMPT>
     <CONFIG_ID>ZWDA_NCA_CONFIG_APP</CONFIG_ID>
     <LANGU>E</LANGU>
     <TEXT_ID>1</TEXT_ID>
     <DESCRIPTION>NonCode Application Builder</DESCRIPTION>
    </WDY_CONFIG_COMPT>
    <WDY_CONFIG_COMPT>
     <CONFIG_ID>ZWDA_NCA_CONFIG_APP</CONFIG_ID>
     <LANGU>E</LANGU>
     <TEXT_ID>11</TEXT_ID>
     <DESCRIPTION>Back to Search</DESCRIPTION>
    </WDY_CONFIG_COMPT>
    <WDY_CONFIG_COMPT>
     <CONFIG_ID>ZWDA_NCA_CONFIG_APP</CONFIG_ID>
     <LANGU>E</LANGU>
     <TEXT_ID>14</TEXT_ID>
     <DESCRIPTION>Application Overview</DESCRIPTION>
    </WDY_CONFIG_COMPT>
    <WDY_CONFIG_COMPT>
     <CONFIG_ID>ZWDA_NCA_CONFIG_APP</CONFIG_ID>
     <LANGU>E</LANGU>
     <TEXT_ID>15</TEXT_ID>
     <DESCRIPTION>UI Components</DESCRIPTION>
    </WDY_CONFIG_COMPT>
    <WDY_CONFIG_COMPT>
     <CONFIG_ID>ZWDA_NCA_CONFIG_APP</CONFIG_ID>
     <LANGU>E</LANGU>
     <TEXT_ID>18</TEXT_ID>
     <DESCRIPTION>Fixed Values</DESCRIPTION>
    </WDY_CONFIG_COMPT>
    <WDY_CONFIG_COMPT>
     <CONFIG_ID>ZWDA_NCA_CONFIG_APP</CONFIG_ID>
     <LANGU>E</LANGU>
     <TEXT_ID>2</TEXT_ID>
     <DESCRIPTION>NonCode Application Builder Search</DESCRIPTION>
    </WDY_CONFIG_COMPT>
    <WDY_CONFIG_COMPT>
     <CONFIG_ID>ZWDA_NCA_CONFIG_APP</CONFIG_ID>
     <LANGU>E</LANGU>
     <TEXT_ID>21</TEXT_ID>
     <DESCRIPTION>Save</DESCRIPTION>
    </WDY_CONFIG_COMPT>
    <WDY_CONFIG_COMPT>
     <CONFIG_ID>ZWDA_NCA_CONFIG_APP</CONFIG_ID>
     <LANGU>E</LANGU>
     <TEXT_ID>22</TEXT_ID>
     <DESCRIPTION>Cancel</DESCRIPTION>
    </WDY_CONFIG_COMPT>
    <WDY_CONFIG_COMPT>
     <CONFIG_ID>ZWDA_NCA_CONFIG_APP</CONFIG_ID>
     <LANGU>E</LANGU>
     <TEXT_ID>23</TEXT_ID>
     <DESCRIPTION>Edit</DESCRIPTION>
    </WDY_CONFIG_COMPT>
    <WDY_CONFIG_COMPT>
     <CONFIG_ID>ZWDA_NCA_CONFIG_APP</CONFIG_ID>
     <LANGU>E</LANGU>
     <TEXT_ID>24</TEXT_ID>
     <DESCRIPTION>Actions</DESCRIPTION>
    </WDY_CONFIG_COMPT>
    <WDY_CONFIG_COMPT>
     <CONFIG_ID>ZWDA_NCA_CONFIG_APP</CONFIG_ID>
     <LANGU>E</LANGU>
     <TEXT_ID>25</TEXT_ID>
     <DESCRIPTION>Reporting settings</DESCRIPTION>
    </WDY_CONFIG_COMPT>
    <WDY_CONFIG_COMPT>
     <CONFIG_ID>ZWDA_NCA_CONFIG_APP</CONFIG_ID>
     <LANGU>E</LANGU>
     <TEXT_ID>26</TEXT_ID>
     <DESCRIPTION>Reporting settings</DESCRIPTION>
    </WDY_CONFIG_COMPT>
    <WDY_CONFIG_COMPT>
     <CONFIG_ID>ZWDA_NCA_CONFIG_APP</CONFIG_ID>
     <LANGU>E</LANGU>
     <TEXT_ID>27</TEXT_ID>
     <DESCRIPTION>Actions</DESCRIPTION>
    </WDY_CONFIG_COMPT>
    <WDY_CONFIG_COMPT>
     <CONFIG_ID>ZWDA_NCA_CONFIG_APP</CONFIG_ID>
     <LANGU>E</LANGU>
     <TEXT_ID>28</TEXT_ID>
     <DESCRIPTION>Open FPM App</DESCRIPTION>
    </WDY_CONFIG_COMPT>
    <WDY_CONFIG_COMPT>
     <CONFIG_ID>ZWDA_NCA_CONFIG_APP</CONFIG_ID>
     <LANGU>E</LANGU>
     <TEXT_ID>29</TEXT_ID>
     <DESCRIPTION>Open UI5 App</DESCRIPTION>
    </WDY_CONFIG_COMPT>
    <WDY_CONFIG_COMPT>
     <CONFIG_ID>ZWDA_NCA_CONFIG_APP</CONFIG_ID>
     <LANGU>E</LANGU>
     <TEXT_ID>3</TEXT_ID>
     <DESCRIPTION>Search for Applications</DESCRIPTION>
    </WDY_CONFIG_COMPT>
    <WDY_CONFIG_COMPT>
     <CONFIG_ID>ZWDA_NCA_CONFIG_APP</CONFIG_ID>
     <LANGU>E</LANGU>
     <TEXT_ID>30</TEXT_ID>
     <DESCRIPTION>Open BRF+ Application</DESCRIPTION>
    </WDY_CONFIG_COMPT>
    <WDY_CONFIG_COMPT>
     <CONFIG_ID>ZWDA_NCA_CONFIG_APP</CONFIG_ID>
     <LANGU>E</LANGU>
     <TEXT_ID>31</TEXT_ID>
     <DESCRIPTION>Copy Application</DESCRIPTION>
    </WDY_CONFIG_COMPT>
    <WDY_CONFIG_COMPT>
     <CONFIG_ID>ZWDA_NCA_CONFIG_APP</CONFIG_ID>
     <LANGU>E</LANGU>
     <TEXT_ID>33</TEXT_ID>
     <DESCRIPTION>Create / Edit Reference UIBB</DESCRIPTION>
    </WDY_CONFIG_COMPT>
    <WDY_CONFIG_COMPT>
     <CONFIG_ID>ZWDA_NCA_CONFIG_APP</CONFIG_ID>
     <LANGU>E</LANGU>
     <TEXT_ID>39</TEXT_ID>
     <DESCRIPTION>Advanced Component Settings</DESCRIPTION>
    </WDY_CONFIG_COMPT>
    <WDY_CONFIG_COMPT>
     <CONFIG_ID>ZWDA_NCA_CONFIG_APP</CONFIG_ID>
     <LANGU>E</LANGU>
     <TEXT_ID>40</TEXT_ID>
     <DESCRIPTION>External Data Settings</DESCRIPTION>
    </WDY_CONFIG_COMPT>
    <WDY_CONFIG_COMPT>
     <CONFIG_ID>ZWDA_NCA_CONFIG_APP</CONFIG_ID>
     <LANGU>E</LANGU>
     <TEXT_ID>41</TEXT_ID>
     <DESCRIPTION>Transport Request</DESCRIPTION>
    </WDY_CONFIG_COMPT>
    <WDY_CONFIG_COMPT>
     <CONFIG_ID>ZWDA_NCA_CONFIG_APP</CONFIG_ID>
     <LANGU>E</LANGU>
     <TEXT_ID>42</TEXT_ID>
     <DESCRIPTION>Create new Application</DESCRIPTION>
    </WDY_CONFIG_COMPT>
    <WDY_CONFIG_COMPT>
     <CONFIG_ID>ZWDA_NCA_CONFIG_APP</CONFIG_ID>
     <LANGU>E</LANGU>
     <TEXT_ID>43</TEXT_ID>
     <DESCRIPTION>Translation Cockpit</DESCRIPTION>
    </WDY_CONFIG_COMPT>
    <WDY_CONFIG_COMPT>
     <CONFIG_ID>ZWDA_NCA_CONFIG_APP</CONFIG_ID>
     <LANGU>E</LANGU>
     <TEXT_ID>44</TEXT_ID>
     <DESCRIPTION>Texts</DESCRIPTION>
    </WDY_CONFIG_COMPT>
    <WDY_CONFIG_COMPT>
     <CONFIG_ID>ZWDA_NCA_CONFIG_APP</CONFIG_ID>
     <LANGU>E</LANGU>
     <TEXT_ID>45</TEXT_ID>
     <DESCRIPTION>Languages for translation</DESCRIPTION>
    </WDY_CONFIG_COMPT>
   </OTR_TEXT>
   <DESCR_LANG>
    <WDY_CONFIG_DATT>
     <CONFIG_ID>ZWDA_NCA_CONFIG_APP</CONFIG_ID>
     <LANGU>D</LANGU>
     <DESCRIPTION>NonCode Application Builder</DESCRIPTION>
    </WDY_CONFIG_DATT>
    <WDY_CONFIG_DATT>
     <CONFIG_ID>ZWDA_NCA_CONFIG_APP</CONFIG_ID>
     <LANGU>E</LANGU>
     <DESCRIPTION>NonCode Application Builder</DESCRIPTION>
    </WDY_CONFIG_DATT>
   </DESCR_LANG>
  </asx:values>
 </asx:abap>
</abapGit>
