﻿<?xml version="1.0" encoding="utf-8"?>
<Component Name="FPM_LIST_UIBB_ATS" ConfId="ZWDCC_NCA_CONFIG_GUIBBS_LIST" ConfType="00" ConfVar="">
 <Node Name="CONFIGURATION_CONTEXT" SimpleFormat="true">
  <Item Index="000001" SimpleFormat="true">
   <Node Name="LIST" SimpleFormat="true">
    <Item Index="000001" SimpleFormat="true">
     <FEEDER>ZCL_NCA_CONFIG_GUIBBS_LIST</FEEDER>
     <Node Name="BUTTON_ROW" SimpleFormat="true">
      <Item Index="000001" SimpleFormat="true">
       <Node Name="BUTTON_ROW_ELEMENT" SimpleFormat="true">
        <Item Index="000001" SimpleFormat="true">
         <ELEMENT_ID Final="5 ">_GENP_00155D36F2031ED6BADF76D6CB785A53</ELEMENT_ID>
         <DISPLAY_TYPE>BT</DISPLAY_TYPE>
         <INDEX>1</INDEX>
         <SPECIAL_PROPERTIES>﻿&lt;?xml version=&quot;1.0&quot; encoding=&quot;utf-16&quot;?&gt;&lt;asx:abap xmlns:asx=&quot;http://www.sap.com/abapxml&quot; version=&quot;1.0&quot;&gt;&lt;asx:values&gt;&lt;BN1&gt;&lt;ALIGNMENT&gt;03&lt;/ALIGNMENT&gt;&lt;PASSWORD_FIELD/&gt;&lt;WRAPPING/&gt;&lt;TEXT_VIEW_LAYOUT&gt;01&lt;/TEXT_VIEW_LAYOUT&gt;&lt;TEXTVIEW_SEM_COL&gt;00&lt;/TEXTVIEW_SEM_COL&gt;&lt;TEXT_VIEW_DESIGN&gt;09&lt;/TEXT_VIEW_DESIGN&gt;&lt;BUTTON_DESIGN&gt;00&lt;/BUTTON_DESIGN&gt;&lt;IMAGE_SOURCE&gt;~Icon/NewItem&lt;/IMAGE_SOURCE&gt;&lt;IMAGE_SOURCE_CHECKED/&gt;&lt;LINK_TYPE&gt;00&lt;/LINK_TYPE&gt;&lt;COL_COUNT&gt;40&lt;/COL_COUNT&gt;&lt;ROW_COUNT&gt;5&lt;/ROW_COUNT&gt;&lt;TEXT_WRAPPING&gt;02&lt;/TEXT_WRAPPING&gt;&lt;TARGET/&gt;&lt;LINK_DESIGN&gt;00&lt;/LINK_DESIGN&gt;&lt;TOGGLE_BUTTON_DESIGN&gt;00&lt;/TOGGLE_BUTTON_DESIGN&gt;&lt;DEPENDENT_CHECKBOX/&gt;&lt;REPEAT_SEL_ACTION/&gt;&lt;HOTKEY&gt;00&lt;/HOTKEY&gt;&lt;BORDER&gt;0&lt;/BORDER&gt;&lt;MAX_TICK_MARKS&gt;0&lt;/MAX_TICK_MARKS&gt;&lt;SHOW_TICK_MARKS/&gt;&lt;UNIT_WIDTH&gt;0&lt;/UNIT_WIDTH&gt;&lt;TICK_MARK_SPACING&gt;0&lt;/TICK_MARK_SPACING&gt;&lt;THRESHOLDS/&gt;&lt;SUGGEST_FILTER_METHOD&gt;00&lt;/SUGGEST_FILTER_METHOD&gt;&lt;SUGGEST_VALUES/&gt;&lt;DISPLAY_AS_TEXT/&gt;&lt;MIME_TYPE/&gt;&lt;TOOLBAR_BUTTON_DESIGN&gt;00&lt;/TOOLBAR_BUTTON_DESIGN&gt;&lt;KEY_VISIBLE/&gt;&lt;HIDE_VALUE/&gt;&lt;VIRUS_SCAN_PROFILE/&gt;&lt;ACTION_MENU_ID/&gt;&lt;HIDE_TEXT/&gt;&lt;QUICKVIEW_ID/&gt;&lt;QUICKVIEW_IMAGE_REF/&gt;&lt;SELECTED_ACTION_ITEM/&gt;&lt;ALT_DDIC_SHLP_NAME/&gt;&lt;SEMANTIC_OBJECT/&gt;&lt;IMAGE_IS_DECORATIVE/&gt;&lt;/BN1&gt;&lt;/asx:values&gt;&lt;/asx:abap&gt;</SPECIAL_PROPERTIES>
         <Node Name="BUTTON_ACTION" SimpleFormat="true">
          <Item Index="000001" SimpleFormat="true">
           <FPM_PRIMARY_ATTRIBUTE Final="5 ">_GENP_00155D36F2031ED6BADF76D6CB787A53</FPM_PRIMARY_ATTRIBUTE>
           <EVENT_ID>NCA_CREATE</EVENT_ID>
           <INDEX>1</INDEX>
          </Item>
         </Node>
        </Item>
        <Item Index="000002" SimpleFormat="true">
         <ELEMENT_ID Final="5 ">_GENP_00155D36F2031ED6BADF75BC8518DA53</ELEMENT_ID>
         <DISPLAY_TYPE>BT</DISPLAY_TYPE>
         <INDEX>2</INDEX>
         <SPECIAL_PROPERTIES>﻿&lt;?xml version=&quot;1.0&quot; encoding=&quot;utf-16&quot;?&gt;&lt;asx:abap xmlns:asx=&quot;http://www.sap.com/abapxml&quot; version=&quot;1.0&quot;&gt;&lt;asx:values&gt;&lt;BN1&gt;&lt;ALIGNMENT&gt;03&lt;/ALIGNMENT&gt;&lt;PASSWORD_FIELD/&gt;&lt;WRAPPING/&gt;&lt;TEXT_VIEW_LAYOUT&gt;01&lt;/TEXT_VIEW_LAYOUT&gt;&lt;TEXTVIEW_SEM_COL&gt;00&lt;/TEXTVIEW_SEM_COL&gt;&lt;TEXT_VIEW_DESIGN&gt;09&lt;/TEXT_VIEW_DESIGN&gt;&lt;BUTTON_DESIGN&gt;00&lt;/BUTTON_DESIGN&gt;&lt;IMAGE_SOURCE&gt;~Icon/Edit&lt;/IMAGE_SOURCE&gt;&lt;IMAGE_SOURCE_CHECKED/&gt;&lt;LINK_TYPE&gt;00&lt;/LINK_TYPE&gt;&lt;COL_COUNT&gt;40&lt;/COL_COUNT&gt;&lt;ROW_COUNT&gt;5&lt;/ROW_COUNT&gt;&lt;TEXT_WRAPPING&gt;02&lt;/TEXT_WRAPPING&gt;&lt;TARGET/&gt;&lt;LINK_DESIGN&gt;00&lt;/LINK_DESIGN&gt;&lt;TOGGLE_BUTTON_DESIGN&gt;00&lt;/TOGGLE_BUTTON_DESIGN&gt;&lt;DEPENDENT_CHECKBOX/&gt;&lt;REPEAT_SEL_ACTION/&gt;&lt;HOTKEY&gt;00&lt;/HOTKEY&gt;&lt;BORDER&gt;0&lt;/BORDER&gt;&lt;MAX_TICK_MARKS&gt;0&lt;/MAX_TICK_MARKS&gt;&lt;SHOW_TICK_MARKS/&gt;&lt;UNIT_WIDTH&gt;0&lt;/UNIT_WIDTH&gt;&lt;TICK_MARK_SPACING&gt;0&lt;/TICK_MARK_SPACING&gt;&lt;THRESHOLDS/&gt;&lt;SUGGEST_FILTER_METHOD&gt;00&lt;/SUGGEST_FILTER_METHOD&gt;&lt;SUGGEST_VALUES/&gt;&lt;DISPLAY_AS_TEXT/&gt;&lt;MIME_TYPE/&gt;&lt;TOOLBAR_BUTTON_DESIGN&gt;00&lt;/TOOLBAR_BUTTON_DESIGN&gt;&lt;KEY_VISIBLE/&gt;&lt;HIDE_VALUE/&gt;&lt;VIRUS_SCAN_PROFILE/&gt;&lt;ACTION_MENU_ID/&gt;&lt;HIDE_TEXT/&gt;&lt;QUICKVIEW_ID/&gt;&lt;QUICKVIEW_IMAGE_REF/&gt;&lt;SELECTED_ACTION_ITEM/&gt;&lt;ALT_DDIC_SHLP_NAME/&gt;&lt;SEMANTIC_OBJECT/&gt;&lt;IMAGE_IS_DECORATIVE/&gt;&lt;/BN1&gt;&lt;/asx:values&gt;&lt;/asx:abap&gt;</SPECIAL_PROPERTIES>
         <Node Name="BUTTON_ACTION" SimpleFormat="true">
          <Item Index="000001" SimpleFormat="true">
           <FPM_PRIMARY_ATTRIBUTE Final="5 ">_GENP_00155D36F2031ED6BADF75BC8518FA53</FPM_PRIMARY_ATTRIBUTE>
           <EVENT_ID>NCA_EDIT</EVENT_ID>
           <TEXT Transl="true">2</TEXT>
           <INDEX>1</INDEX>
          </Item>
         </Node>
        </Item>
        <Item Index="000003" SimpleFormat="true">
         <ELEMENT_ID Final="5 ">_GENP_00155D36F2031ED6BADFBD75A06FDA53</ELEMENT_ID>
         <DISPLAY_TYPE>BT</DISPLAY_TYPE>
         <INDEX>3</INDEX>
         <SPECIAL_PROPERTIES>﻿&lt;?xml version=&quot;1.0&quot; encoding=&quot;utf-16&quot;?&gt;&lt;asx:abap xmlns:asx=&quot;http://www.sap.com/abapxml&quot; version=&quot;1.0&quot;&gt;&lt;asx:values&gt;&lt;BN1&gt;&lt;ALIGNMENT&gt;03&lt;/ALIGNMENT&gt;&lt;PASSWORD_FIELD/&gt;&lt;WRAPPING/&gt;&lt;TEXT_VIEW_LAYOUT&gt;01&lt;/TEXT_VIEW_LAYOUT&gt;&lt;TEXTVIEW_SEM_COL&gt;00&lt;/TEXTVIEW_SEM_COL&gt;&lt;TEXT_VIEW_DESIGN&gt;09&lt;/TEXT_VIEW_DESIGN&gt;&lt;BUTTON_DESIGN&gt;00&lt;/BUTTON_DESIGN&gt;&lt;IMAGE_SOURCE&gt;~Icon/Delete&lt;/IMAGE_SOURCE&gt;&lt;IMAGE_SOURCE_CHECKED/&gt;&lt;LINK_TYPE&gt;00&lt;/LINK_TYPE&gt;&lt;COL_COUNT&gt;40&lt;/COL_COUNT&gt;&lt;ROW_COUNT&gt;5&lt;/ROW_COUNT&gt;&lt;TEXT_WRAPPING&gt;02&lt;/TEXT_WRAPPING&gt;&lt;TARGET/&gt;&lt;LINK_DESIGN&gt;00&lt;/LINK_DESIGN&gt;&lt;TOGGLE_BUTTON_DESIGN&gt;00&lt;/TOGGLE_BUTTON_DESIGN&gt;&lt;DEPENDENT_CHECKBOX/&gt;&lt;REPEAT_SEL_ACTION/&gt;&lt;HOTKEY&gt;00&lt;/HOTKEY&gt;&lt;BORDER&gt;0&lt;/BORDER&gt;&lt;MAX_TICK_MARKS&gt;0&lt;/MAX_TICK_MARKS&gt;&lt;SHOW_TICK_MARKS/&gt;&lt;UNIT_WIDTH&gt;0&lt;/UNIT_WIDTH&gt;&lt;TICK_MARK_SPACING&gt;0&lt;/TICK_MARK_SPACING&gt;&lt;THRESHOLDS/&gt;&lt;SUGGEST_FILTER_METHOD&gt;00&lt;/SUGGEST_FILTER_METHOD&gt;&lt;SUGGEST_VALUES/&gt;&lt;DISPLAY_AS_TEXT/&gt;&lt;MIME_TYPE/&gt;&lt;TOOLBAR_BUTTON_DESIGN&gt;00&lt;/TOOLBAR_BUTTON_DESIGN&gt;&lt;KEY_VISIBLE/&gt;&lt;HIDE_VALUE/&gt;&lt;VIRUS_SCAN_PROFILE/&gt;&lt;ACTION_MENU_ID/&gt;&lt;HIDE_TEXT/&gt;&lt;QUICKVIEW_ID/&gt;&lt;QUICKVIEW_IMAGE_REF/&gt;&lt;SELECTED_ACTION_ITEM/&gt;&lt;ALT_DDIC_SHLP_NAME/&gt;&lt;SEMANTIC_OBJECT/&gt;&lt;IMAGE_IS_DECORATIVE/&gt;&lt;/BN1&gt;&lt;/asx:values&gt;&lt;/asx:abap&gt;</SPECIAL_PROPERTIES>
         <Node Name="BUTTON_ACTION" SimpleFormat="true">
          <Item Index="000001" SimpleFormat="true">
           <FPM_PRIMARY_ATTRIBUTE Final="5 ">_GENP_00155D36F2031ED6BADFBD75A06FFA53</FPM_PRIMARY_ATTRIBUTE>
           <EVENT_ID>NCA_DELETE</EVENT_ID>
           <TEXT Transl="true">3</TEXT>
           <INDEX>1</INDEX>
          </Item>
         </Node>
        </Item>
        <Item Index="000004" SimpleFormat="true">
         <ELEMENT_ID Final="5 ">_GENP_00155D36F2031ED7ADD1A2D787DC9A53</ELEMENT_ID>
         <DISPLAY_TYPE>BT</DISPLAY_TYPE>
         <INDEX>4</INDEX>
         <SPECIAL_PROPERTIES>﻿&lt;?xml version=&quot;1.0&quot; encoding=&quot;utf-16&quot;?&gt;&lt;asx:abap xmlns:asx=&quot;http://www.sap.com/abapxml&quot; version=&quot;1.0&quot;&gt;&lt;asx:values&gt;&lt;BN1&gt;&lt;ALIGNMENT&gt;03&lt;/ALIGNMENT&gt;&lt;PASSWORD_FIELD/&gt;&lt;WRAPPING/&gt;&lt;TEXT_VIEW_LAYOUT&gt;01&lt;/TEXT_VIEW_LAYOUT&gt;&lt;TEXTVIEW_SEM_COL&gt;00&lt;/TEXTVIEW_SEM_COL&gt;&lt;TEXT_VIEW_DESIGN&gt;09&lt;/TEXT_VIEW_DESIGN&gt;&lt;BUTTON_DESIGN&gt;00&lt;/BUTTON_DESIGN&gt;&lt;IMAGE_SOURCE&gt;~Icon/Copy&lt;/IMAGE_SOURCE&gt;&lt;IMAGE_SOURCE_CHECKED/&gt;&lt;LINK_TYPE&gt;00&lt;/LINK_TYPE&gt;&lt;COL_COUNT&gt;40&lt;/COL_COUNT&gt;&lt;ROW_COUNT&gt;5&lt;/ROW_COUNT&gt;&lt;TEXT_WRAPPING&gt;02&lt;/TEXT_WRAPPING&gt;&lt;TARGET/&gt;&lt;LINK_DESIGN&gt;00&lt;/LINK_DESIGN&gt;&lt;TOGGLE_BUTTON_DESIGN&gt;00&lt;/TOGGLE_BUTTON_DESIGN&gt;&lt;DEPENDENT_CHECKBOX/&gt;&lt;REPEAT_SEL_ACTION/&gt;&lt;HOTKEY&gt;00&lt;/HOTKEY&gt;&lt;BORDER&gt;0&lt;/BORDER&gt;&lt;MAX_TICK_MARKS&gt;0&lt;/MAX_TICK_MARKS&gt;&lt;SHOW_TICK_MARKS/&gt;&lt;UNIT_WIDTH&gt;0&lt;/UNIT_WIDTH&gt;&lt;TICK_MARK_SPACING&gt;0&lt;/TICK_MARK_SPACING&gt;&lt;THRESHOLDS/&gt;&lt;SUGGEST_FILTER_METHOD&gt;00&lt;/SUGGEST_FILTER_METHOD&gt;&lt;SUGGEST_VALUES/&gt;&lt;DISPLAY_AS_TEXT/&gt;&lt;MIME_TYPE/&gt;&lt;TOOLBAR_BUTTON_DESIGN&gt;00&lt;/TOOLBAR_BUTTON_DESIGN&gt;&lt;KEY_VISIBLE/&gt;&lt;HIDE_VALUE/&gt;&lt;VIRUS_SCAN_PROFILE/&gt;&lt;ACTION_MENU_ID/&gt;&lt;HIDE_TEXT/&gt;&lt;QUICKVIEW_ID/&gt;&lt;QUICKVIEW_IMAGE_REF/&gt;&lt;SELECTED_ACTION_ITEM/&gt;&lt;ALT_DDIC_SHLP_NAME/&gt;&lt;SEMANTIC_OBJECT/&gt;&lt;IMAGE_IS_DECORATIVE/&gt;&lt;/BN1&gt;&lt;/asx:values&gt;&lt;/asx:abap&gt;</SPECIAL_PROPERTIES>
         <Node Name="BUTTON_ACTION" SimpleFormat="true">
          <Item Index="000001" SimpleFormat="true">
           <FPM_PRIMARY_ATTRIBUTE Final="5 ">_GENP_00155D36F2031ED7ADD1A2D787DCBA53</FPM_PRIMARY_ATTRIBUTE>
           <EVENT_ID>NCA_COPY</EVENT_ID>
           <TEXT Transl="true">5</TEXT>
           <INDEX>1</INDEX>
          </Item>
         </Node>
        </Item>
       </Node>
      </Item>
     </Node>
     <Node Name="COLUMN" SimpleFormat="true">
      <Item Index="000001" SimpleFormat="true">
       <ELEMENT_ID Final="5 ">_GENP_00155D36F2031ED6BADF4DD965B0FA53</ELEMENT_ID>
       <NAME>NCA_APP_ID</NAME>
       <DISPLAY_TYPE>LA</DISPLAY_TYPE>
       <INDEX>1</INDEX>
       <HEADER Transl="true"/>
       <SPECIAL_PROPERTIES/>
       <WIDTH/>
       <TAG_ACTIVE/>
       <TAG/>
       <TOOLTIP Transl="true"/>
       <VISIBILITY/>
       <FIXED>01</FIXED>
       <TOOLTIP_HEADER Transl="true"/>
       <CTXT_MENU_ID/>
       <INSTANCE_STYLE/>
       <HEADER_INSTANCE_STYLE/>
       <Node Name="COLUMN_ACTION" SimpleFormat="true">
        <Item Index="000001" SimpleFormat="true">
         <EVENT_ID>NCA_EDIT</EVENT_ID>
         <EVENT_PARAMETERS/>
        </Item>
       </Node>
      </Item>
      <Item Index="000002" SimpleFormat="true">
       <ELEMENT_ID Final="5 ">_GENP_00155D36F2031ED7A99DAA1FA45F5A53</ELEMENT_ID>
       <NAME>TITLE</NAME>
       <DISPLAY_TYPE>TV</DISPLAY_TYPE>
       <INDEX>2</INDEX>
       <HEADER Transl="true"/>
       <SPECIAL_PROPERTIES/>
       <WIDTH>250</WIDTH>
       <TAG_ACTIVE/>
       <TAG/>
       <TOOLTIP Transl="true"/>
       <VISIBILITY/>
       <FIXED>01</FIXED>
       <TOOLTIP_HEADER Transl="true"/>
       <CTXT_MENU_ID/>
       <INSTANCE_STYLE/>
       <HEADER_INSTANCE_STYLE/>
       <Node Name="COLUMN_ACTION" SimpleFormat="true"/>
      </Item>
      <Item Index="000003" SimpleFormat="true">
       <ELEMENT_ID Final="5 ">_GENP_00155D36F2031ED6BADF4DD965B0BA53</ELEMENT_ID>
       <NAME>BRF_APPL_ID</NAME>
       <DISPLAY_TYPE>LA</DISPLAY_TYPE>
       <INDEX>3</INDEX>
       <HEADER Transl="true">4</HEADER>
       <SPECIAL_PROPERTIES/>
       <WIDTH>180</WIDTH>
       <TAG_ACTIVE/>
       <TAG/>
       <TOOLTIP Transl="true"/>
       <VISIBILITY/>
       <FIXED>01</FIXED>
       <TOOLTIP_HEADER Transl="true"/>
       <CTXT_MENU_ID/>
       <INSTANCE_STYLE/>
       <HEADER_INSTANCE_STYLE/>
       <Node Name="COLUMN_ACTION" SimpleFormat="true">
        <Item Index="000001" SimpleFormat="true">
         <EVENT_ID>NCA_NAVIGATE_TO_BRF</EVENT_ID>
         <EVENT_PARAMETERS/>
        </Item>
       </Node>
      </Item>
      <Item Index="000004" SimpleFormat="true">
       <ELEMENT_ID Final="5 ">_GENP_00155D36F2031EDA80FF162D07951A54</ELEMENT_ID>
       <NAME>UI5_LINK</NAME>
       <DISPLAY_TYPE>LA</DISPLAY_TYPE>
       <INDEX>4</INDEX>
       <HEADER Transl="true">7</HEADER>
       <SPECIAL_PROPERTIES/>
       <WIDTH>160</WIDTH>
       <TAG_ACTIVE/>
       <TAG/>
       <TOOLTIP Transl="true"/>
       <VISIBILITY/>
       <FIXED>01</FIXED>
       <TOOLTIP_HEADER Transl="true"/>
       <CTXT_MENU_ID/>
       <INSTANCE_STYLE/>
       <HEADER_INSTANCE_STYLE/>
       <Node Name="COLUMN_ACTION" SimpleFormat="true">
        <Item Index="000001" SimpleFormat="true">
         <EVENT_ID>NCA_NAVIGATE_TO_UI5</EVENT_ID>
         <EVENT_PARAMETERS/>
        </Item>
       </Node>
      </Item>
      <Item Index="000005" SimpleFormat="true">
       <ELEMENT_ID Final="5 ">_GENP_00155D36F2031EDA80FF16D5C9C51A54</ELEMENT_ID>
       <NAME>FPM_LINK</NAME>
       <DISPLAY_TYPE>LA</DISPLAY_TYPE>
       <INDEX>5</INDEX>
       <HEADER Transl="true">8</HEADER>
       <SPECIAL_PROPERTIES/>
       <WIDTH>160</WIDTH>
       <TAG_ACTIVE/>
       <TAG/>
       <TOOLTIP Transl="true"/>
       <VISIBILITY/>
       <FIXED>01</FIXED>
       <TOOLTIP_HEADER Transl="true"/>
       <CTXT_MENU_ID/>
       <INSTANCE_STYLE/>
       <HEADER_INSTANCE_STYLE/>
       <Node Name="COLUMN_ACTION" SimpleFormat="true">
        <Item Index="000001" SimpleFormat="true">
         <EVENT_ID>NCA_NAVIGATE_TO_FPM</EVENT_ID>
         <EVENT_PARAMETERS/>
        </Item>
       </Node>
      </Item>
      <Item Index="000006" SimpleFormat="true">
       <ELEMENT_ID Final="5 ">_GENP_00155D36F2031ED7B0E854B575D35A53</ELEMENT_ID>
       <NAME>DISABLED</NAME>
       <DISPLAY_TYPE>CB</DISPLAY_TYPE>
       <INDEX>6</INDEX>
       <HEADER Transl="true">6</HEADER>
       <SPECIAL_PROPERTIES/>
       <WIDTH>80</WIDTH>
       <TAG_ACTIVE/>
       <TAG/>
       <TOOLTIP Transl="true"/>
       <VISIBILITY/>
       <FIXED>01</FIXED>
       <TOOLTIP_HEADER Transl="true"/>
       <CTXT_MENU_ID/>
       <INSTANCE_STYLE/>
       <HEADER_INSTANCE_STYLE/>
       <Node Name="COLUMN_ACTION" SimpleFormat="true"/>
      </Item>
      <Item Index="000007" SimpleFormat="true">
       <ELEMENT_ID Final="5 ">_GENP_00155D36F2031ED7B0E8532ACCB09A53</ELEMENT_ID>
       <NAME>DELETE_FLAG</NAME>
       <DISPLAY_TYPE>CB</DISPLAY_TYPE>
       <INDEX>7</INDEX>
       <HEADER Transl="true"/>
       <SPECIAL_PROPERTIES/>
       <WIDTH>80</WIDTH>
       <TAG_ACTIVE/>
       <TAG/>
       <TOOLTIP Transl="true"/>
       <VISIBILITY/>
       <FIXED>01</FIXED>
       <TOOLTIP_HEADER Transl="true"/>
       <CTXT_MENU_ID/>
       <INSTANCE_STYLE/>
       <HEADER_INSTANCE_STYLE/>
       <Node Name="COLUMN_ACTION" SimpleFormat="true"/>
      </Item>
      <Item Index="000008" SimpleFormat="true">
       <ELEMENT_ID Final="5 ">_GENP_00155D36F2031ED7B2C37CB8F5D6FA54</ELEMENT_ID>
       <NAME>CHANGED_BY</NAME>
       <DISPLAY_TYPE>TV</DISPLAY_TYPE>
       <INDEX>8</INDEX>
       <HEADER Transl="true"/>
       <SPECIAL_PROPERTIES/>
       <WIDTH/>
       <TAG_ACTIVE/>
       <TAG/>
       <TOOLTIP Transl="true"/>
       <VISIBILITY/>
       <FIXED>01</FIXED>
       <TOOLTIP_HEADER Transl="true"/>
       <CTXT_MENU_ID/>
       <INSTANCE_STYLE/>
       <HEADER_INSTANCE_STYLE/>
       <Node Name="COLUMN_ACTION" SimpleFormat="true"/>
      </Item>
      <Item Index="000009" SimpleFormat="true">
       <ELEMENT_ID Final="5 ">_GENP_00155D36F2031ED7B2C37CB8F5D6DA54</ELEMENT_ID>
       <NAME>CHANGED_AT</NAME>
       <DISPLAY_TYPE>TV</DISPLAY_TYPE>
       <INDEX>9</INDEX>
       <HEADER Transl="true"/>
       <SPECIAL_PROPERTIES/>
       <WIDTH/>
       <TAG_ACTIVE/>
       <TAG/>
       <TOOLTIP Transl="true"/>
       <VISIBILITY/>
       <FIXED>01</FIXED>
       <TOOLTIP_HEADER Transl="true"/>
       <CTXT_MENU_ID/>
       <INSTANCE_STYLE/>
       <HEADER_INSTANCE_STYLE/>
       <Node Name="COLUMN_ACTION" SimpleFormat="true"/>
      </Item>
      <Item Index="000010" SimpleFormat="true">
       <ELEMENT_ID Final="5 ">_GENP_00155D36F2031ED7B2C37CB8F5D71A54</ELEMENT_ID>
       <NAME>CHANGED_TIME</NAME>
       <DISPLAY_TYPE>TV</DISPLAY_TYPE>
       <INDEX>10</INDEX>
       <HEADER Transl="true"/>
       <SPECIAL_PROPERTIES/>
       <WIDTH/>
       <TAG_ACTIVE/>
       <TAG/>
       <TOOLTIP Transl="true"/>
       <VISIBILITY/>
       <FIXED>01</FIXED>
       <TOOLTIP_HEADER Transl="true"/>
       <CTXT_MENU_ID/>
       <INSTANCE_STYLE/>
       <HEADER_INSTANCE_STYLE/>
       <Node Name="COLUMN_ACTION" SimpleFormat="true"/>
      </Item>
     </Node>
     <Node Name="CTXT_MENU" SimpleFormat="true"/>
     <Node Name="DRAG_DROP" SimpleFormat="true"/>
     <Node Name="PARAMETER" SimpleFormat="true"/>
     <Node Name="QUICKVIEW" SimpleFormat="true"/>
     <Node Name="ROW_ACTIONS" SimpleFormat="true"/>
     <Node Name="SETTINGS" SimpleFormat="true">
      <Item Index="000001" SimpleFormat="true">
       <IS_SEARCH_RESULT_LIST>X</IS_SEARCH_RESULT_LIST>
       <VISIBLE_ROW_COUNT>10</VISIBLE_ROW_COUNT>
       <EXPORT_FORMAT>XLSX</EXPORT_FORMAT>
       <SEL_EVENT_TYPE>X</SEL_EVENT_TYPE>
       <DISPLAY_MODE>X</DISPLAY_MODE>
       <ALLOW_SORTING>02</ALLOW_SORTING>
       <ALLOW_GROUPING>02</ALLOW_GROUPING>
       <ALLOW_FILTERING>02</ALLOW_FILTERING>
      </Item>
     </Node>
    </Item>
   </Node>
  </Item>
 </Node>
</Component>
