﻿<?xml version="1.0" encoding="utf-8"?>
<Component Name="FPM_FORM_UIBB_GL2" ConfId="ZWDCC_NCA_CONFIG_GUIBBF_UIBB" ConfType="00" ConfVar="">
 <Node Name="CONFIGURATION_CONTEXT" SimpleFormat="true">
  <Item Index="000001" SimpleFormat="true">
   <Node Name="FORM" SimpleFormat="true">
    <Item Index="000001" SimpleFormat="true">
     <FEEDER>ZCL_NCA_CONFIG_GUIBBF_UIBB_C</FEEDER>
     <CHECK_MANDATORY>X</CHECK_MANDATORY>
     <Node Name="ACTION" SimpleFormat="true">
      <Item Index="000001" SimpleFormat="true">
       <ID Final="5 ">FGL2_00155D36F2031ED7B7A3D62536A9DA54</ID>
       <TYPE/>
       <EVENT_ID>UIBB_TYPE_CHANGED</EVENT_ID>
       <EVENT_PARAMETERS/>
      </Item>
      <Item Index="000002" SimpleFormat="true">
       <ID Final="5 ">FGL2_00155D36F2031ED7BBB43712D0DE5A54</ID>
       <TYPE/>
       <EVENT_ID>UIBB_TYPE_CHANGED</EVENT_ID>
       <EVENT_PARAMETERS/>
      </Item>
     </Node>
     <Node Name="BUTTON" SimpleFormat="true"/>
     <Node Name="BUTTON_ROW" SimpleFormat="true"/>
     <Node Name="CTXT_MENU" SimpleFormat="true"/>
     <Node Name="DROP_TARGET" SimpleFormat="true"/>
     <Node Name="FORM_GROUP" SimpleFormat="true"/>
     <Node Name="PARAMETER" SimpleFormat="true"/>
     <Node Name="PERSONALIZATION" SimpleFormat="true"/>
     <Node Name="POSITION" SimpleFormat="true">
      <Item Index="000001" SimpleFormat="true">
       <ID Final="5 ">_GENP_00155D36F2031ED7B0B2C68641B57A53</ID>
       <START_ROW>2</START_ROW>
       <START_COLUMN>D</START_COLUMN>
       <END_ROW>2</END_ROW>
       <END_COLUMN>P</END_COLUMN>
       <LABEL_START_ROW>2</LABEL_START_ROW>
       <LABEL_START_COLUMN>A</LABEL_START_COLUMN>
       <LABEL_END_ROW>2</LABEL_END_ROW>
       <LABEL_END_COLUMN>C</LABEL_END_COLUMN>
       <FORM_ELEMENT_TYPE>SE</FORM_ELEMENT_TYPE>
       <FORM_ELEMENT_ID>FGL2_00155D36F2031ED7B0B2C68641B55A53</FORM_ELEMENT_ID>
      </Item>
      <Item Index="000002" SimpleFormat="true">
       <ID Final="5 ">_GENP_00155D36F2031ED7B0B2C9889689BA53</ID>
       <START_ROW>4</START_ROW>
       <START_COLUMN>D</START_COLUMN>
       <END_ROW>4</END_ROW>
       <END_COLUMN>P</END_COLUMN>
       <LABEL_START_ROW>4</LABEL_START_ROW>
       <LABEL_START_COLUMN>A</LABEL_START_COLUMN>
       <LABEL_END_ROW>4</LABEL_END_ROW>
       <LABEL_END_COLUMN>C</LABEL_END_COLUMN>
       <FORM_ELEMENT_TYPE>SE</FORM_ELEMENT_TYPE>
       <FORM_ELEMENT_ID>FGL2_00155D36F2031ED7B0B2C98896899A53</FORM_ELEMENT_ID>
      </Item>
      <Item Index="000003" SimpleFormat="true">
       <ID Final="5 ">_GENP_00155D36F2031ED7B5AD20A785323A54</ID>
       <START_ROW>5</START_ROW>
       <START_COLUMN>D</START_COLUMN>
       <END_ROW>5</END_ROW>
       <END_COLUMN>P</END_COLUMN>
       <LABEL_START_ROW>5</LABEL_START_ROW>
       <LABEL_START_COLUMN>A</LABEL_START_COLUMN>
       <LABEL_END_ROW>5</LABEL_END_ROW>
       <LABEL_END_COLUMN>C</LABEL_END_COLUMN>
       <FORM_ELEMENT_TYPE>SE</FORM_ELEMENT_TYPE>
       <FORM_ELEMENT_ID>FGL2_00155D36F2031ED7B5AD20A785321A54</FORM_ELEMENT_ID>
      </Item>
      <Item Index="000004" SimpleFormat="true">
       <ID Final="5 ">_GENP_00155D36F2031ED7B5AD22A8CEC73A54</ID>
       <START_ROW>8</START_ROW>
       <START_COLUMN>D</START_COLUMN>
       <END_ROW>8</END_ROW>
       <END_COLUMN>P</END_COLUMN>
       <LABEL_START_ROW>8</LABEL_START_ROW>
       <LABEL_START_COLUMN>A</LABEL_START_COLUMN>
       <LABEL_END_ROW>8</LABEL_END_ROW>
       <LABEL_END_COLUMN>C</LABEL_END_COLUMN>
       <FORM_ELEMENT_TYPE>SE</FORM_ELEMENT_TYPE>
       <FORM_ELEMENT_ID>FGL2_00155D36F2031ED7B5AD22A8CEC71A54</FORM_ELEMENT_ID>
      </Item>
      <Item Index="000005" SimpleFormat="true">
       <ID Final="5 ">_GENP_00155D36F2031ED7B5AD2343DB58BA54</ID>
       <START_ROW>9</START_ROW>
       <START_COLUMN>D</START_COLUMN>
       <END_ROW>9</END_ROW>
       <END_COLUMN>P</END_COLUMN>
       <LABEL_START_ROW>9</LABEL_START_ROW>
       <LABEL_START_COLUMN>A</LABEL_START_COLUMN>
       <LABEL_END_ROW>9</LABEL_END_ROW>
       <LABEL_END_COLUMN>C</LABEL_END_COLUMN>
       <FORM_ELEMENT_TYPE>SE</FORM_ELEMENT_TYPE>
       <FORM_ELEMENT_ID>FGL2_00155D36F2031ED7B5AD2343DB589A54</FORM_ELEMENT_ID>
      </Item>
      <Item Index="000006" SimpleFormat="true">
       <ID Final="5 ">_GENP_00155D36F2031ED7B5AD27A920253A54</ID>
       <START_ROW>10</START_ROW>
       <START_COLUMN>D</START_COLUMN>
       <END_ROW>10</END_ROW>
       <END_COLUMN>P</END_COLUMN>
       <LABEL_START_ROW>10</LABEL_START_ROW>
       <LABEL_START_COLUMN>A</LABEL_START_COLUMN>
       <LABEL_END_ROW>10</LABEL_END_ROW>
       <LABEL_END_COLUMN>C</LABEL_END_COLUMN>
       <FORM_ELEMENT_TYPE>SE</FORM_ELEMENT_TYPE>
       <FORM_ELEMENT_ID>FGL2_00155D36F2031ED7B5AD27A920251A54</FORM_ELEMENT_ID>
      </Item>
      <Item Index="000007" SimpleFormat="true">
       <ID Final="5 ">_GENP_00155D36F2031ED7B787557052E4FA54</ID>
       <START_ROW>6</START_ROW>
       <START_COLUMN>A</START_COLUMN>
       <END_ROW>7</END_ROW>
       <END_COLUMN>P</END_COLUMN>
       <LABEL_START_ROW/>
       <LABEL_START_COLUMN/>
       <LABEL_END_ROW/>
       <LABEL_END_COLUMN/>
       <FORM_ELEMENT_TYPE>SE</FORM_ELEMENT_TYPE>
       <FORM_ELEMENT_ID>FGL2_00155D36F2031ED7B787557052E4DA54</FORM_ELEMENT_ID>
      </Item>
      <Item Index="000008" SimpleFormat="true">
       <ID Final="5 ">_GENP_00155D36F2031ED7B7A4AB11D0FCFA54</ID>
       <START_ROW>1</START_ROW>
       <START_COLUMN>A</START_COLUMN>
       <END_ROW>1</END_ROW>
       <END_COLUMN>P</END_COLUMN>
       <LABEL_START_ROW/>
       <LABEL_START_COLUMN/>
       <LABEL_END_ROW/>
       <LABEL_END_COLUMN/>
       <FORM_ELEMENT_TYPE>SE</FORM_ELEMENT_TYPE>
       <FORM_ELEMENT_ID>FGL2_00155D36F2031ED7B7A4AB11D0FCDA54</FORM_ELEMENT_ID>
      </Item>
      <Item Index="000009" SimpleFormat="true">
       <ID Final="5 ">_GENP_00155D36F2031ED9B6E3A7FCA0BF1A54</ID>
       <START_ROW>3</START_ROW>
       <START_COLUMN>D</START_COLUMN>
       <END_ROW>3</END_ROW>
       <END_COLUMN>P</END_COLUMN>
       <LABEL_START_ROW>3</LABEL_START_ROW>
       <LABEL_START_COLUMN>A</LABEL_START_COLUMN>
       <LABEL_END_ROW>3</LABEL_END_ROW>
       <LABEL_END_COLUMN>C</LABEL_END_COLUMN>
       <FORM_ELEMENT_TYPE>SE</FORM_ELEMENT_TYPE>
       <FORM_ELEMENT_ID>FGL2_00155D36F2031ED9B6E3A7FCA0BEFA54</FORM_ELEMENT_ID>
      </Item>
     </Node>
     <Node Name="QUICKVIEW" SimpleFormat="true"/>
     <Node Name="STANDARD_ELEMENT" SimpleFormat="true">
      <Item Index="000001" SimpleFormat="true">
       <ID Final="5 ">FGL2_00155D36F2031ED7B0B2C68641B55A53</ID>
       <NAME>CLASS_NAME</NAME>
       <TYPE>TV</TYPE>
       <EXPLANATION Transl="true"/>
       <TEXT Transl="true"/>
       <TOOLTIP Transl="true"/>
       <INPUT_PROMPT Transl="true"/>
       <INSTANCE_STYLE/>
       <SPECIAL_PROPERTIES>﻿&lt;?xml version=&quot;1.0&quot; encoding=&quot;utf-16&quot;?&gt;&lt;asx:abap xmlns:asx=&quot;http://www.sap.com/abapxml&quot; version=&quot;1.0&quot;&gt;&lt;asx:values&gt;&lt;BN1&gt;&lt;ACTION_MENU_ID/&gt;&lt;ALIGNMENT&gt;03&lt;/ALIGNMENT&gt;&lt;ALT_DDIC_SHLP_NAME/&gt;&lt;BORDER&gt;0&lt;/BORDER&gt;&lt;COL_COUNT&gt;1&lt;/COL_COUNT&gt;&lt;DDIC_SHLP_TEXT_FIELD_NAME/&gt;&lt;DISPLAY_AS_TEXT/&gt;&lt;ENFORCE_FIELD_MERGING/&gt;&lt;HEIGHT/&gt;&lt;HIDE_FORMATTING_OPTIONS/&gt;&lt;HIDE_TEXT/&gt;&lt;HIDE_VALUE/&gt;&lt;HOTKEY&gt;00&lt;/HOTKEY&gt;&lt;IMAGE_SOURCE/&gt;&lt;IMAGE_IS_DECORATIVE/&gt;&lt;INPUT_HELP&gt;00&lt;/INPUT_HELP&gt;&lt;KEEP_ORIGINAL_SIZE/&gt;&lt;KEY_VISIBLE/&gt;&lt;LINK_DESIGN&gt;00&lt;/LINK_DESIGN&gt;&lt;LINK_TYPE&gt;02&lt;/LINK_TYPE&gt;&lt;MAX_TICK_MARKS&gt;0&lt;/MAX_TICK_MARKS&gt;&lt;MIME_TYPE/&gt;&lt;PASSWORD_FIELD/&gt;&lt;QUICKVIEW_ID/&gt;&lt;QUICKVIEW_IMAGE_REF/&gt;&lt;ROW_COUNT&gt;0&lt;/ROW_COUNT&gt;&lt;SECTION_HEADER_DESIGN/&gt;&lt;SECTION_HEADER_LEVEL&gt;00&lt;/SECTION_HEADER_LEVEL&gt;&lt;SEMANTIC_OBJECT/&gt;&lt;SHOW_TICK_MARKS/&gt;&lt;SUGGEST_FILTER_METHOD&gt;00&lt;/SUGGEST_FILTER_METHOD&gt;&lt;SUGGEST_HISTORY/&gt;&lt;SUGGEST_VALUES/&gt;&lt;SUPPRESS_FIELD_MERGING/&gt;&lt;TARGET/&gt;&lt;TEXT_DOCUMENT_NAME/&gt;&lt;TEXT_EDIT_HEIGHT_MODE&gt;00&lt;/TEXT_EDIT_HEIGHT_MODE&gt;&lt;TEXT_VIEW_DESIGN&gt;09&lt;/TEXT_VIEW_DESIGN&gt;&lt;TEXT_VIEW_LAYOUT&gt;01&lt;/TEXT_VIEW_LAYOUT&gt;&lt;TEXTVIEW_SEM_COL&gt;00&lt;/TEXTVIEW_SEM_COL&gt;&lt;TEXT_WRAPPING&gt;02&lt;/TEXT_WRAPPING&gt;&lt;THRESHOLDS/&gt;&lt;TICK_MARK_SPACING&gt;0&lt;/TICK_MARK_SPACING&gt;&lt;TOKEN_FORMAT&gt;00&lt;/TOKEN_FORMAT&gt;&lt;UNIT_WIDTH&gt;0&lt;/UNIT_WIDTH&gt;&lt;VIRUS_SCAN_PROFILE/&gt;&lt;WIDTH/&gt;&lt;WRAPPING/&gt;&lt;/BN1&gt;&lt;/asx:values&gt;&lt;/asx:abap&gt;</SPECIAL_PROPERTIES>
       <SPECIAL_ACTIONS/>
       <LABEL_TEXT Transl="true"/>
       <LABEL_VISIBILITY>02</LABEL_VISIBILITY>
       <LABEL_INSTANCE_STYLE/>
       <TAG_ACTIVE/>
       <TAG/>
       <CTXT_MENU_ID/>
      </Item>
      <Item Index="000002" SimpleFormat="true">
       <ID Final="5 ">FGL2_00155D36F2031ED7B0B2C98896899A53</ID>
       <NAME>UIBB_TYPE</NAME>
       <TYPE>DD</TYPE>
       <EXPLANATION Transl="true"/>
       <TEXT Transl="true"/>
       <TOOLTIP Transl="true"/>
       <INPUT_PROMPT Transl="true"/>
       <INSTANCE_STYLE/>
       <SPECIAL_PROPERTIES>﻿&lt;?xml version=&quot;1.0&quot; encoding=&quot;utf-16&quot;?&gt;&lt;asx:abap xmlns:asx=&quot;http://www.sap.com/abapxml&quot; version=&quot;1.0&quot;&gt;&lt;asx:values&gt;&lt;BN1&gt;&lt;ACTION_MENU_ID/&gt;&lt;ALIGNMENT&gt;03&lt;/ALIGNMENT&gt;&lt;ALT_DDIC_SHLP_NAME/&gt;&lt;BORDER&gt;0&lt;/BORDER&gt;&lt;COL_COUNT&gt;1&lt;/COL_COUNT&gt;&lt;DDIC_SHLP_TEXT_FIELD_NAME/&gt;&lt;DISPLAY_AS_TEXT/&gt;&lt;ENFORCE_FIELD_MERGING/&gt;&lt;HEIGHT/&gt;&lt;HIDE_FORMATTING_OPTIONS/&gt;&lt;HIDE_TEXT/&gt;&lt;HIDE_VALUE/&gt;&lt;HOTKEY&gt;00&lt;/HOTKEY&gt;&lt;IMAGE_SOURCE/&gt;&lt;IMAGE_IS_DECORATIVE/&gt;&lt;INPUT_HELP&gt;00&lt;/INPUT_HELP&gt;&lt;KEEP_ORIGINAL_SIZE/&gt;&lt;KEY_VISIBLE/&gt;&lt;LINK_DESIGN&gt;00&lt;/LINK_DESIGN&gt;&lt;LINK_TYPE&gt;02&lt;/LINK_TYPE&gt;&lt;MAX_TICK_MARKS&gt;0&lt;/MAX_TICK_MARKS&gt;&lt;MIME_TYPE/&gt;&lt;PASSWORD_FIELD/&gt;&lt;QUICKVIEW_ID/&gt;&lt;QUICKVIEW_IMAGE_REF/&gt;&lt;ROW_COUNT&gt;0&lt;/ROW_COUNT&gt;&lt;SECTION_HEADER_DESIGN/&gt;&lt;SECTION_HEADER_LEVEL&gt;00&lt;/SECTION_HEADER_LEVEL&gt;&lt;SEMANTIC_OBJECT/&gt;&lt;SHOW_TICK_MARKS/&gt;&lt;SUGGEST_FILTER_METHOD&gt;00&lt;/SUGGEST_FILTER_METHOD&gt;&lt;SUGGEST_HISTORY/&gt;&lt;SUGGEST_VALUES/&gt;&lt;SUPPRESS_FIELD_MERGING/&gt;&lt;TARGET/&gt;&lt;TEXT_DOCUMENT_NAME/&gt;&lt;TEXT_EDIT_HEIGHT_MODE&gt;00&lt;/TEXT_EDIT_HEIGHT_MODE&gt;&lt;TEXT_VIEW_DESIGN&gt;09&lt;/TEXT_VIEW_DESIGN&gt;&lt;TEXT_VIEW_LAYOUT&gt;01&lt;/TEXT_VIEW_LAYOUT&gt;&lt;TEXTVIEW_SEM_COL&gt;00&lt;/TEXTVIEW_SEM_COL&gt;&lt;TEXT_WRAPPING&gt;02&lt;/TEXT_WRAPPING&gt;&lt;THRESHOLDS/&gt;&lt;TICK_MARK_SPACING&gt;0&lt;/TICK_MARK_SPACING&gt;&lt;TOKEN_FORMAT&gt;00&lt;/TOKEN_FORMAT&gt;&lt;UNIT_WIDTH&gt;0&lt;/UNIT_WIDTH&gt;&lt;VIRUS_SCAN_PROFILE/&gt;&lt;WIDTH/&gt;&lt;WRAPPING/&gt;&lt;/BN1&gt;&lt;/asx:values&gt;&lt;/asx:abap&gt;</SPECIAL_PROPERTIES>
       <SPECIAL_ACTIONS>﻿&lt;?xml version=&quot;1.0&quot; encoding=&quot;utf-16&quot;?&gt;&lt;asx:abap xmlns:asx=&quot;http://www.sap.com/abapxml&quot; version=&quot;1.0&quot;&gt;&lt;asx:values&gt;&lt;BN1&gt;&lt;ACTION_ID_ON_ACTION/&gt;&lt;ACTION_ID_ON_CHANGE/&gt;&lt;ACTION_ID_ON_DELETE/&gt;&lt;ACTION_ID_ON_EDIT/&gt;&lt;ACTION_ID_ON_ENTER/&gt;&lt;ACTION_ID_ON_SELECT&gt;FGL2_00155D36F2031ED7BBB43712D0DE5A54&lt;/ACTION_ID_ON_SELECT&gt;&lt;ACTION_ID_ON_TOGGLE/&gt;&lt;/BN1&gt;&lt;/asx:values&gt;&lt;/asx:abap&gt;</SPECIAL_ACTIONS>
       <LABEL_TEXT Transl="true"/>
       <LABEL_VISIBILITY>02</LABEL_VISIBILITY>
       <LABEL_INSTANCE_STYLE/>
       <TAG_ACTIVE/>
       <TAG/>
       <CTXT_MENU_ID/>
      </Item>
      <Item Index="000003" SimpleFormat="true">
       <ID Final="5 ">FGL2_00155D36F2031ED7B5AD20A785321A54</ID>
       <NAME>UIBB_REF_TYPE</NAME>
       <TYPE>DD</TYPE>
       <EXPLANATION Transl="true"/>
       <TEXT Transl="true"/>
       <TOOLTIP Transl="true"/>
       <INPUT_PROMPT Transl="true"/>
       <INSTANCE_STYLE/>
       <SPECIAL_PROPERTIES>﻿&lt;?xml version=&quot;1.0&quot; encoding=&quot;utf-16&quot;?&gt;&lt;asx:abap xmlns:asx=&quot;http://www.sap.com/abapxml&quot; version=&quot;1.0&quot;&gt;&lt;asx:values&gt;&lt;BN1&gt;&lt;ACTION_MENU_ID/&gt;&lt;ALIGNMENT&gt;03&lt;/ALIGNMENT&gt;&lt;ALT_DDIC_SHLP_NAME/&gt;&lt;BORDER&gt;0&lt;/BORDER&gt;&lt;COL_COUNT&gt;1&lt;/COL_COUNT&gt;&lt;DDIC_SHLP_TEXT_FIELD_NAME/&gt;&lt;DISPLAY_AS_TEXT/&gt;&lt;ENFORCE_FIELD_MERGING/&gt;&lt;HEIGHT/&gt;&lt;HIDE_FORMATTING_OPTIONS/&gt;&lt;HIDE_TEXT/&gt;&lt;HIDE_VALUE/&gt;&lt;HOTKEY&gt;00&lt;/HOTKEY&gt;&lt;IMAGE_SOURCE/&gt;&lt;IMAGE_IS_DECORATIVE/&gt;&lt;INPUT_HELP&gt;00&lt;/INPUT_HELP&gt;&lt;KEEP_ORIGINAL_SIZE/&gt;&lt;KEY_VISIBLE/&gt;&lt;LINK_DESIGN&gt;00&lt;/LINK_DESIGN&gt;&lt;LINK_TYPE&gt;02&lt;/LINK_TYPE&gt;&lt;MAX_TICK_MARKS&gt;0&lt;/MAX_TICK_MARKS&gt;&lt;MIME_TYPE/&gt;&lt;PASSWORD_FIELD/&gt;&lt;QUICKVIEW_ID/&gt;&lt;QUICKVIEW_IMAGE_REF/&gt;&lt;ROW_COUNT&gt;0&lt;/ROW_COUNT&gt;&lt;SECTION_HEADER_DESIGN/&gt;&lt;SECTION_HEADER_LEVEL&gt;00&lt;/SECTION_HEADER_LEVEL&gt;&lt;SEMANTIC_OBJECT/&gt;&lt;SHOW_TICK_MARKS/&gt;&lt;SUGGEST_FILTER_METHOD&gt;00&lt;/SUGGEST_FILTER_METHOD&gt;&lt;SUGGEST_HISTORY/&gt;&lt;SUGGEST_VALUES/&gt;&lt;SUPPRESS_FIELD_MERGING/&gt;&lt;TARGET/&gt;&lt;TEXT_DOCUMENT_NAME/&gt;&lt;TEXT_EDIT_HEIGHT_MODE&gt;00&lt;/TEXT_EDIT_HEIGHT_MODE&gt;&lt;TEXT_VIEW_DESIGN&gt;09&lt;/TEXT_VIEW_DESIGN&gt;&lt;TEXT_VIEW_LAYOUT&gt;01&lt;/TEXT_VIEW_LAYOUT&gt;&lt;TEXTVIEW_SEM_COL&gt;00&lt;/TEXTVIEW_SEM_COL&gt;&lt;TEXT_WRAPPING&gt;02&lt;/TEXT_WRAPPING&gt;&lt;THRESHOLDS/&gt;&lt;TICK_MARK_SPACING&gt;0&lt;/TICK_MARK_SPACING&gt;&lt;TOKEN_FORMAT&gt;00&lt;/TOKEN_FORMAT&gt;&lt;UNIT_WIDTH&gt;0&lt;/UNIT_WIDTH&gt;&lt;VIRUS_SCAN_PROFILE/&gt;&lt;WIDTH/&gt;&lt;WRAPPING/&gt;&lt;/BN1&gt;&lt;/asx:values&gt;&lt;/asx:abap&gt;</SPECIAL_PROPERTIES>
       <SPECIAL_ACTIONS>﻿&lt;?xml version=&quot;1.0&quot; encoding=&quot;utf-16&quot;?&gt;&lt;asx:abap xmlns:asx=&quot;http://www.sap.com/abapxml&quot; version=&quot;1.0&quot;&gt;&lt;asx:values&gt;&lt;BN1&gt;&lt;ACTION_ID_ON_ACTION/&gt;&lt;ACTION_ID_ON_CHANGE/&gt;&lt;ACTION_ID_ON_DELETE/&gt;&lt;ACTION_ID_ON_EDIT/&gt;&lt;ACTION_ID_ON_ENTER/&gt;&lt;ACTION_ID_ON_SELECT&gt;FGL2_00155D36F2031ED7B7A3D62536A9DA54&lt;/ACTION_ID_ON_SELECT&gt;&lt;ACTION_ID_ON_TOGGLE/&gt;&lt;/BN1&gt;&lt;/asx:values&gt;&lt;/asx:abap&gt;</SPECIAL_ACTIONS>
       <LABEL_TEXT Transl="true"/>
       <LABEL_VISIBILITY>02</LABEL_VISIBILITY>
       <LABEL_INSTANCE_STYLE/>
       <TAG_ACTIVE/>
       <TAG/>
       <CTXT_MENU_ID/>
      </Item>
      <Item Index="000004" SimpleFormat="true">
       <ID Final="5 ">FGL2_00155D36F2031ED7B5AD22A8CEC71A54</ID>
       <NAME>UIBB_REF_APP_ID</NAME>
       <TYPE>TV</TYPE>
       <EXPLANATION Transl="true"/>
       <TEXT Transl="true"/>
       <TOOLTIP Transl="true"/>
       <INPUT_PROMPT Transl="true"/>
       <INSTANCE_STYLE/>
       <SPECIAL_PROPERTIES>﻿&lt;?xml version=&quot;1.0&quot; encoding=&quot;utf-16&quot;?&gt;&lt;asx:abap xmlns:asx=&quot;http://www.sap.com/abapxml&quot; version=&quot;1.0&quot;&gt;&lt;asx:values&gt;&lt;BN1&gt;&lt;ACTION_MENU_ID/&gt;&lt;ALIGNMENT&gt;03&lt;/ALIGNMENT&gt;&lt;ALT_DDIC_SHLP_NAME/&gt;&lt;BORDER&gt;0&lt;/BORDER&gt;&lt;COL_COUNT&gt;1&lt;/COL_COUNT&gt;&lt;DDIC_SHLP_TEXT_FIELD_NAME/&gt;&lt;DISPLAY_AS_TEXT/&gt;&lt;ENFORCE_FIELD_MERGING/&gt;&lt;HEIGHT/&gt;&lt;HIDE_FORMATTING_OPTIONS/&gt;&lt;HIDE_TEXT/&gt;&lt;HIDE_VALUE/&gt;&lt;HOTKEY&gt;00&lt;/HOTKEY&gt;&lt;IMAGE_SOURCE/&gt;&lt;IMAGE_IS_DECORATIVE/&gt;&lt;INPUT_HELP&gt;00&lt;/INPUT_HELP&gt;&lt;KEEP_ORIGINAL_SIZE/&gt;&lt;KEY_VISIBLE/&gt;&lt;LINK_DESIGN&gt;00&lt;/LINK_DESIGN&gt;&lt;LINK_TYPE&gt;02&lt;/LINK_TYPE&gt;&lt;MAX_TICK_MARKS&gt;0&lt;/MAX_TICK_MARKS&gt;&lt;MIME_TYPE/&gt;&lt;PASSWORD_FIELD/&gt;&lt;QUICKVIEW_ID/&gt;&lt;QUICKVIEW_IMAGE_REF/&gt;&lt;ROW_COUNT&gt;0&lt;/ROW_COUNT&gt;&lt;SECTION_HEADER_DESIGN/&gt;&lt;SECTION_HEADER_LEVEL&gt;00&lt;/SECTION_HEADER_LEVEL&gt;&lt;SEMANTIC_OBJECT/&gt;&lt;SHOW_TICK_MARKS/&gt;&lt;SUGGEST_FILTER_METHOD&gt;00&lt;/SUGGEST_FILTER_METHOD&gt;&lt;SUGGEST_HISTORY/&gt;&lt;SUGGEST_VALUES/&gt;&lt;SUPPRESS_FIELD_MERGING/&gt;&lt;TARGET/&gt;&lt;TEXT_DOCUMENT_NAME/&gt;&lt;TEXT_EDIT_HEIGHT_MODE&gt;00&lt;/TEXT_EDIT_HEIGHT_MODE&gt;&lt;TEXT_VIEW_DESIGN&gt;09&lt;/TEXT_VIEW_DESIGN&gt;&lt;TEXT_VIEW_LAYOUT&gt;01&lt;/TEXT_VIEW_LAYOUT&gt;&lt;TEXTVIEW_SEM_COL&gt;00&lt;/TEXTVIEW_SEM_COL&gt;&lt;TEXT_WRAPPING&gt;02&lt;/TEXT_WRAPPING&gt;&lt;THRESHOLDS/&gt;&lt;TICK_MARK_SPACING&gt;0&lt;/TICK_MARK_SPACING&gt;&lt;TOKEN_FORMAT&gt;00&lt;/TOKEN_FORMAT&gt;&lt;UNIT_WIDTH&gt;0&lt;/UNIT_WIDTH&gt;&lt;VIRUS_SCAN_PROFILE/&gt;&lt;WIDTH/&gt;&lt;WRAPPING/&gt;&lt;/BN1&gt;&lt;/asx:values&gt;&lt;/asx:abap&gt;</SPECIAL_PROPERTIES>
       <SPECIAL_ACTIONS/>
       <LABEL_TEXT Transl="true"/>
       <LABEL_VISIBILITY>02</LABEL_VISIBILITY>
       <LABEL_INSTANCE_STYLE/>
       <TAG_ACTIVE/>
       <TAG/>
       <CTXT_MENU_ID/>
      </Item>
      <Item Index="000005" SimpleFormat="true">
       <ID Final="5 ">FGL2_00155D36F2031ED7B5AD2343DB589A54</ID>
       <NAME>UIBB_REF_UIBB_ID</NAME>
       <TYPE>IN</TYPE>
       <EXPLANATION Transl="true"/>
       <TEXT Transl="true"/>
       <TOOLTIP Transl="true"/>
       <INPUT_PROMPT Transl="true"/>
       <INSTANCE_STYLE/>
       <SPECIAL_PROPERTIES/>
       <SPECIAL_ACTIONS/>
       <LABEL_TEXT Transl="true"/>
       <LABEL_VISIBILITY>02</LABEL_VISIBILITY>
       <LABEL_INSTANCE_STYLE/>
       <TAG_ACTIVE/>
       <TAG/>
       <CTXT_MENU_ID/>
      </Item>
      <Item Index="000006" SimpleFormat="true">
       <ID Final="5 ">FGL2_00155D36F2031ED7B5AD27A920251A54</ID>
       <NAME>UIBB_REF_UICO_ID</NAME>
       <TYPE>DD</TYPE>
       <EXPLANATION Transl="true"/>
       <TEXT Transl="true"/>
       <TOOLTIP Transl="true"/>
       <INPUT_PROMPT Transl="true"/>
       <INSTANCE_STYLE/>
       <SPECIAL_PROPERTIES>﻿&lt;?xml version=&quot;1.0&quot; encoding=&quot;utf-16&quot;?&gt;&lt;asx:abap xmlns:asx=&quot;http://www.sap.com/abapxml&quot; version=&quot;1.0&quot;&gt;&lt;asx:values&gt;&lt;BN1&gt;&lt;ACTION_MENU_ID/&gt;&lt;ALIGNMENT&gt;03&lt;/ALIGNMENT&gt;&lt;ALT_DDIC_SHLP_NAME/&gt;&lt;BORDER&gt;0&lt;/BORDER&gt;&lt;COL_COUNT&gt;1&lt;/COL_COUNT&gt;&lt;DDIC_SHLP_TEXT_FIELD_NAME/&gt;&lt;DISPLAY_AS_TEXT/&gt;&lt;ENFORCE_FIELD_MERGING/&gt;&lt;HEIGHT/&gt;&lt;HIDE_FORMATTING_OPTIONS/&gt;&lt;HIDE_TEXT/&gt;&lt;HIDE_VALUE/&gt;&lt;HOTKEY&gt;00&lt;/HOTKEY&gt;&lt;IMAGE_SOURCE/&gt;&lt;IMAGE_IS_DECORATIVE/&gt;&lt;INPUT_HELP&gt;00&lt;/INPUT_HELP&gt;&lt;KEEP_ORIGINAL_SIZE/&gt;&lt;KEY_VISIBLE/&gt;&lt;LINK_DESIGN&gt;00&lt;/LINK_DESIGN&gt;&lt;LINK_TYPE&gt;02&lt;/LINK_TYPE&gt;&lt;MAX_TICK_MARKS&gt;0&lt;/MAX_TICK_MARKS&gt;&lt;MIME_TYPE/&gt;&lt;PASSWORD_FIELD/&gt;&lt;QUICKVIEW_ID/&gt;&lt;QUICKVIEW_IMAGE_REF/&gt;&lt;ROW_COUNT&gt;0&lt;/ROW_COUNT&gt;&lt;SECTION_HEADER_DESIGN/&gt;&lt;SECTION_HEADER_LEVEL&gt;00&lt;/SECTION_HEADER_LEVEL&gt;&lt;SEMANTIC_OBJECT/&gt;&lt;SHOW_TICK_MARKS/&gt;&lt;SUGGEST_FILTER_METHOD&gt;00&lt;/SUGGEST_FILTER_METHOD&gt;&lt;SUGGEST_HISTORY/&gt;&lt;SUGGEST_VALUES/&gt;&lt;SUPPRESS_FIELD_MERGING/&gt;&lt;TARGET/&gt;&lt;TEXT_DOCUMENT_NAME/&gt;&lt;TEXT_EDIT_HEIGHT_MODE&gt;00&lt;/TEXT_EDIT_HEIGHT_MODE&gt;&lt;TEXT_VIEW_DESIGN&gt;09&lt;/TEXT_VIEW_DESIGN&gt;&lt;TEXT_VIEW_LAYOUT&gt;01&lt;/TEXT_VIEW_LAYOUT&gt;&lt;TEXTVIEW_SEM_COL&gt;00&lt;/TEXTVIEW_SEM_COL&gt;&lt;TEXT_WRAPPING&gt;02&lt;/TEXT_WRAPPING&gt;&lt;THRESHOLDS/&gt;&lt;TICK_MARK_SPACING&gt;0&lt;/TICK_MARK_SPACING&gt;&lt;TOKEN_FORMAT&gt;00&lt;/TOKEN_FORMAT&gt;&lt;UNIT_WIDTH&gt;0&lt;/UNIT_WIDTH&gt;&lt;VIRUS_SCAN_PROFILE/&gt;&lt;WIDTH/&gt;&lt;WRAPPING/&gt;&lt;/BN1&gt;&lt;/asx:values&gt;&lt;/asx:abap&gt;</SPECIAL_PROPERTIES>
       <SPECIAL_ACTIONS/>
       <LABEL_TEXT Transl="true"/>
       <LABEL_VISIBILITY>02</LABEL_VISIBILITY>
       <LABEL_INSTANCE_STYLE/>
       <TAG_ACTIVE/>
       <TAG/>
       <CTXT_MENU_ID/>
      </Item>
      <Item Index="000007" SimpleFormat="true">
       <ID Final="5 ">FGL2_00155D36F2031ED7B787557052E4DA54</ID>
       <NAME/>
       <TYPE>TV</TYPE>
       <EXPLANATION Transl="true"/>
       <TEXT Transl="true">2</TEXT>
       <TOOLTIP Transl="true"/>
       <INPUT_PROMPT Transl="true"/>
       <INSTANCE_STYLE/>
       <SPECIAL_PROPERTIES>﻿&lt;?xml version=&quot;1.0&quot; encoding=&quot;utf-16&quot;?&gt;&lt;asx:abap xmlns:asx=&quot;http://www.sap.com/abapxml&quot; version=&quot;1.0&quot;&gt;&lt;asx:values&gt;&lt;BN1&gt;&lt;ACTION_MENU_ID/&gt;&lt;ALIGNMENT&gt;03&lt;/ALIGNMENT&gt;&lt;ALT_DDIC_SHLP_NAME/&gt;&lt;BORDER&gt;0&lt;/BORDER&gt;&lt;COL_COUNT&gt;1&lt;/COL_COUNT&gt;&lt;DDIC_SHLP_TEXT_FIELD_NAME/&gt;&lt;DISPLAY_AS_TEXT/&gt;&lt;ENFORCE_FIELD_MERGING/&gt;&lt;HEIGHT/&gt;&lt;HIDE_FORMATTING_OPTIONS/&gt;&lt;HIDE_TEXT/&gt;&lt;HIDE_VALUE/&gt;&lt;HOTKEY&gt;00&lt;/HOTKEY&gt;&lt;IMAGE_SOURCE/&gt;&lt;IMAGE_IS_DECORATIVE/&gt;&lt;INPUT_HELP&gt;00&lt;/INPUT_HELP&gt;&lt;KEEP_ORIGINAL_SIZE/&gt;&lt;KEY_VISIBLE/&gt;&lt;LINK_DESIGN&gt;00&lt;/LINK_DESIGN&gt;&lt;LINK_TYPE&gt;02&lt;/LINK_TYPE&gt;&lt;MAX_TICK_MARKS&gt;0&lt;/MAX_TICK_MARKS&gt;&lt;MIME_TYPE/&gt;&lt;PASSWORD_FIELD/&gt;&lt;QUICKVIEW_ID/&gt;&lt;QUICKVIEW_IMAGE_REF/&gt;&lt;ROW_COUNT&gt;0&lt;/ROW_COUNT&gt;&lt;SECTION_HEADER_DESIGN/&gt;&lt;SECTION_HEADER_LEVEL&gt;00&lt;/SECTION_HEADER_LEVEL&gt;&lt;SEMANTIC_OBJECT/&gt;&lt;SHOW_TICK_MARKS/&gt;&lt;SUGGEST_FILTER_METHOD&gt;00&lt;/SUGGEST_FILTER_METHOD&gt;&lt;SUGGEST_HISTORY/&gt;&lt;SUGGEST_VALUES/&gt;&lt;SUPPRESS_FIELD_MERGING/&gt;&lt;TARGET/&gt;&lt;TEXT_DOCUMENT_NAME/&gt;&lt;TEXT_EDIT_HEIGHT_MODE&gt;00&lt;/TEXT_EDIT_HEIGHT_MODE&gt;&lt;TEXT_VIEW_DESIGN&gt;09&lt;/TEXT_VIEW_DESIGN&gt;&lt;TEXT_VIEW_LAYOUT&gt;01&lt;/TEXT_VIEW_LAYOUT&gt;&lt;TEXTVIEW_SEM_COL&gt;00&lt;/TEXTVIEW_SEM_COL&gt;&lt;TEXT_WRAPPING&gt;02&lt;/TEXT_WRAPPING&gt;&lt;THRESHOLDS/&gt;&lt;TICK_MARK_SPACING&gt;0&lt;/TICK_MARK_SPACING&gt;&lt;TOKEN_FORMAT&gt;00&lt;/TOKEN_FORMAT&gt;&lt;UNIT_WIDTH&gt;0&lt;/UNIT_WIDTH&gt;&lt;VIRUS_SCAN_PROFILE/&gt;&lt;WIDTH/&gt;&lt;WRAPPING&gt;X&lt;/WRAPPING&gt;&lt;/BN1&gt;&lt;/asx:values&gt;&lt;/asx:abap&gt;</SPECIAL_PROPERTIES>
       <SPECIAL_ACTIONS/>
       <LABEL_TEXT Transl="true"/>
       <LABEL_VISIBILITY>01</LABEL_VISIBILITY>
       <LABEL_INSTANCE_STYLE/>
       <TAG_ACTIVE/>
       <TAG/>
       <CTXT_MENU_ID/>
      </Item>
      <Item Index="000008" SimpleFormat="true">
       <ID Final="5 ">FGL2_00155D36F2031ED7B7A4AB11D0FCDA54</ID>
       <NAME/>
       <TYPE>TV</TYPE>
       <EXPLANATION Transl="true"/>
       <TEXT Transl="true">3</TEXT>
       <TOOLTIP Transl="true"/>
       <INPUT_PROMPT Transl="true"/>
       <INSTANCE_STYLE/>
       <SPECIAL_PROPERTIES/>
       <SPECIAL_ACTIONS/>
       <LABEL_TEXT Transl="true"/>
       <LABEL_VISIBILITY>01</LABEL_VISIBILITY>
       <LABEL_INSTANCE_STYLE/>
       <TAG_ACTIVE/>
       <TAG/>
       <CTXT_MENU_ID/>
      </Item>
      <Item Index="000009" SimpleFormat="true">
       <ID Final="5 ">FGL2_00155D36F2031ED9B6E3A7FCA0BEFA54</ID>
       <NAME>UIBB_DESCR</NAME>
       <TYPE>IN</TYPE>
       <EXPLANATION Transl="true"/>
       <TEXT Transl="true"/>
       <TOOLTIP Transl="true"/>
       <INPUT_PROMPT Transl="true"/>
       <INSTANCE_STYLE/>
       <SPECIAL_PROPERTIES/>
       <SPECIAL_ACTIONS/>
       <LABEL_TEXT Transl="true">4</LABEL_TEXT>
       <LABEL_VISIBILITY>02</LABEL_VISIBILITY>
       <LABEL_INSTANCE_STYLE/>
       <TAG_ACTIVE/>
       <TAG/>
       <CTXT_MENU_ID/>
      </Item>
     </Node>
    </Item>
   </Node>
  </Item>
 </Node>
</Component>
