﻿<?xml version="1.0" encoding="utf-8"?>
<abapGit version="v1.0.0" serializer="LCL_OBJECT_WDCC" serializer_version="v1.0.0">
 <asx:abap xmlns:asx="http://www.sap.com/abapxml" version="1.0">
  <asx:values>
   <OBJECT_NAME>ZWDCC_NCA_CONFIG_GUIBBL_ACTION  00</OBJECT_NAME>
   <CONFIG_ID>ZWDCC_NCA_CONFIG_GUIBBL_ACTION</CONFIG_ID>
   <WDA_COMPONENT>FPM_LIST_UIBB_ATS</WDA_COMPONENT>
   <OTR_TEXT>
    <WDY_CONFIG_COMPT>
     <CONFIG_ID>ZWDCC_NCA_CONFIG_GUIBBL_ACTION</CONFIG_ID>
     <LANGU>D</LANGU>
     <TEXT_ID>3</TEXT_ID>
     <DESCRIPTION>Funktion</DESCRIPTION>
    </WDY_CONFIG_COMPT>
    <WDY_CONFIG_COMPT>
     <CONFIG_ID>ZWDCC_NCA_CONFIG_GUIBBL_ACTION</CONFIG_ID>
     <LANGU>D</LANGU>
     <TEXT_ID>4</TEXT_ID>
     <DESCRIPTION>Text</DESCRIPTION>
    </WDY_CONFIG_COMPT>
    <WDY_CONFIG_COMPT>
     <CONFIG_ID>ZWDCC_NCA_CONFIG_GUIBBL_ACTION</CONFIG_ID>
     <LANGU>D</LANGU>
     <TEXT_ID>5</TEXT_ID>
     <DESCRIPTION>Neu</DESCRIPTION>
    </WDY_CONFIG_COMPT>
    <WDY_CONFIG_COMPT>
     <CONFIG_ID>ZWDCC_NCA_CONFIG_GUIBBL_ACTION</CONFIG_ID>
     <LANGU>D</LANGU>
     <TEXT_ID>7</TEXT_ID>
     <DESCRIPTION>Löschen</DESCRIPTION>
    </WDY_CONFIG_COMPT>
    <WDY_CONFIG_COMPT>
     <CONFIG_ID>ZWDCC_NCA_CONFIG_GUIBBL_ACTION</CONFIG_ID>
     <LANGU>D</LANGU>
     <TEXT_ID>8</TEXT_ID>
     <DESCRIPTION>Funktion bearbeiten</DESCRIPTION>
    </WDY_CONFIG_COMPT>
    <WDY_CONFIG_COMPT>
     <CONFIG_ID>ZWDCC_NCA_CONFIG_GUIBBL_ACTION</CONFIG_ID>
     <LANGU>E</LANGU>
     <TEXT_ID>3</TEXT_ID>
     <DESCRIPTION>Function</DESCRIPTION>
    </WDY_CONFIG_COMPT>
    <WDY_CONFIG_COMPT>
     <CONFIG_ID>ZWDCC_NCA_CONFIG_GUIBBL_ACTION</CONFIG_ID>
     <LANGU>E</LANGU>
     <TEXT_ID>4</TEXT_ID>
     <DESCRIPTION>Text
</DESCRIPTION>
    </WDY_CONFIG_COMPT>
    <WDY_CONFIG_COMPT>
     <CONFIG_ID>ZWDCC_NCA_CONFIG_GUIBBL_ACTION</CONFIG_ID>
     <LANGU>E</LANGU>
     <TEXT_ID>5</TEXT_ID>
     <DESCRIPTION>New</DESCRIPTION>
    </WDY_CONFIG_COMPT>
    <WDY_CONFIG_COMPT>
     <CONFIG_ID>ZWDCC_NCA_CONFIG_GUIBBL_ACTION</CONFIG_ID>
     <LANGU>E</LANGU>
     <TEXT_ID>7</TEXT_ID>
     <DESCRIPTION>Delete</DESCRIPTION>
    </WDY_CONFIG_COMPT>
    <WDY_CONFIG_COMPT>
     <CONFIG_ID>ZWDCC_NCA_CONFIG_GUIBBL_ACTION</CONFIG_ID>
     <LANGU>E</LANGU>
     <TEXT_ID>8</TEXT_ID>
     <DESCRIPTION>Edit Function</DESCRIPTION>
    </WDY_CONFIG_COMPT>
   </OTR_TEXT>
   <DESCR_LANG>
    <WDY_CONFIG_DATT>
     <CONFIG_ID>ZWDCC_NCA_CONFIG_GUIBBL_ACTION</CONFIG_ID>
     <LANGU>D</LANGU>
     <DESCRIPTION>GUIBBL Actions</DESCRIPTION>
    </WDY_CONFIG_DATT>
    <WDY_CONFIG_DATT>
     <CONFIG_ID>ZWDCC_NCA_CONFIG_GUIBBL_ACTION</CONFIG_ID>
     <LANGU>E</LANGU>
     <DESCRIPTION>GUIBBL Actions</DESCRIPTION>
    </WDY_CONFIG_DATT>
   </DESCR_LANG>
  </asx:values>
 </asx:abap>
</abapGit>
