﻿<?xml version="1.0" encoding="utf-8"?>
<abapGit version="v1.0.0" serializer="LCL_OBJECT_WDCC" serializer_version="v1.0.0">
 <asx:abap xmlns:asx="http://www.sap.com/abapxml" version="1.0">
  <asx:values>
   <OBJECT_NAME>ZWDCC_NCA_CONFIG_GUIBBL_TEXT    00</OBJECT_NAME>
   <CONFIG_ID>ZWDCC_NCA_CONFIG_GUIBBL_TEXT</CONFIG_ID>
   <WDA_COMPONENT>FPM_LIST_UIBB_ATS</WDA_COMPONENT>
   <OTR_TEXT>
    <WDY_CONFIG_COMPT>
     <CONFIG_ID>ZWDCC_NCA_CONFIG_GUIBBL_TEXT</CONFIG_ID>
     <LANGU>E</LANGU>
     <TEXT_ID>11</TEXT_ID>
     <DESCRIPTION>Area</DESCRIPTION>
    </WDY_CONFIG_COMPT>
    <WDY_CONFIG_COMPT>
     <CONFIG_ID>ZWDCC_NCA_CONFIG_GUIBBL_TEXT</CONFIG_ID>
     <LANGU>E</LANGU>
     <TEXT_ID>8</TEXT_ID>
     <DESCRIPTION>Group</DESCRIPTION>
    </WDY_CONFIG_COMPT>
    <WDY_CONFIG_COMPT>
     <CONFIG_ID>ZWDCC_NCA_CONFIG_GUIBBL_TEXT</CONFIG_ID>
     <LANGU>E</LANGU>
     <TEXT_ID>9</TEXT_ID>
     <DESCRIPTION>UI Element</DESCRIPTION>
    </WDY_CONFIG_COMPT>
   </OTR_TEXT>
   <DESCR_LANG>
    <WDY_CONFIG_DATT>
     <CONFIG_ID>ZWDCC_NCA_CONFIG_GUIBBL_TEXT</CONFIG_ID>
     <LANGU>E</LANGU>
     <DESCRIPTION>GUIBBL Texts</DESCRIPTION>
    </WDY_CONFIG_DATT>
   </DESCR_LANG>
  </asx:values>
 </asx:abap>
</abapGit>
