﻿<?xml version="1.0" encoding="utf-8"?>
<Component Name="FPM_TREE_UIBB" ConfId="ZWDCC_NCA_CONFIG_GUIBBT_HIER" ConfType="00" ConfVar="">
 <Node Name="CONFIGURATION_CONTEXT" SimpleFormat="true">
  <Item Index="000001" SimpleFormat="true">
   <Node Name="TREE" SimpleFormat="true">
    <Item Index="000001" SimpleFormat="true">
     <FEEDER>ZCL_NCA_CONFIG_GUIBBT_HIER</FEEDER>
     <Node Name="BUTTON_ROW" SimpleFormat="true"/>
     <Node Name="COLUMN" SimpleFormat="true"/>
     <Node Name="CTXT_MENU" SimpleFormat="true"/>
     <Node Name="DRAG_DROP" SimpleFormat="true"/>
     <Node Name="MASTER_COLUMN" SimpleFormat="true">
      <Item Index="000001" SimpleFormat="true">
       <HEADER Transl="true">1</HEADER>
      </Item>
     </Node>
     <Node Name="PARAMETER" SimpleFormat="true"/>
     <Node Name="QUICKVIEW" SimpleFormat="true"/>
     <Node Name="ROW_ACTIONS" SimpleFormat="true"/>
     <Node Name="SETTINGS" SimpleFormat="true">
      <Item Index="000001" SimpleFormat="true">
       <USE_C_TABLE>X</USE_C_TABLE>
       <ALLOW_SORTING>02</ALLOW_SORTING>
       <EXPORT_FORMAT>XLSX</EXPORT_FORMAT>
       <HEIGHT_MODE_ATS>01</HEIGHT_MODE_ATS>
       <SELECTION_MODE>02</SELECTION_MODE>
       <ALLOW_PERSONALIZATION/>
      </Item>
     </Node>
    </Item>
   </Node>
  </Item>
 </Node>
</Component>
