﻿<?xml version="1.0" encoding="utf-8"?>
<Component Name="FPM_FORM_UIBB_GL2" ConfId="ZWDCC_NCA_CONFIG_GUIBBF_DEVICE" ConfType="00" ConfVar="">
 <Node Name="CONFIGURATION_CONTEXT" SimpleFormat="true">
  <Item Index="000001" SimpleFormat="true">
   <Node Name="FORM" SimpleFormat="true">
    <Item Index="000001" SimpleFormat="true">
     <FEEDER>ZCL_NCA_CONFIG_GUIBBF_DEVICE</FEEDER>
     <Node Name="ACTION" SimpleFormat="true">
      <Item Index="000001" SimpleFormat="true">
       <ID Final="5 ">FGL2_00155D36F2031ED881D64F8D82529A54</ID>
       <TYPE/>
       <EVENT_ID>NCA_DEVICE_</EVENT_ID>
       <EVENT_PARAMETERS/>
      </Item>
      <Item Index="000002" SimpleFormat="true">
       <ID Final="5 ">FGL2_00155D36F2031ED881D64F8D8252BA54</ID>
       <TYPE/>
       <EVENT_ID>NCA_DEVICE_1</EVENT_ID>
       <EVENT_PARAMETERS/>
      </Item>
      <Item Index="000003" SimpleFormat="true">
       <ID Final="5 ">FGL2_00155D36F2031ED881D64F8D8252DA54</ID>
       <TYPE/>
       <EVENT_ID>NCA_DEVICE_2</EVENT_ID>
       <EVENT_PARAMETERS/>
      </Item>
     </Node>
     <Node Name="BUTTON" SimpleFormat="true">
      <Item Index="000001" SimpleFormat="true">
       <ID Final="5 ">FGL2_00155D36F2031ED881D64F8D82529A54</ID>
       <TYPE>TB</TYPE>
       <EXPLANATION_TEXT Transl="true"/>
       <IMAGE/>
       <IMAGE_IS_DECORATIVE/>
       <TEXT Transl="true"/>
       <TOOLTIP Transl="true"/>
       <INSTANCE_STYLE/>
       <SPECIAL_PROPERTIES>﻿&lt;?xml version=&quot;1.0&quot; encoding=&quot;utf-16&quot;?&gt;&lt;asx:abap xmlns:asx=&quot;http://www.sap.com/abapxml&quot; version=&quot;1.0&quot;&gt;&lt;asx:values&gt;&lt;BN1&gt;&lt;DESIGN&gt;00&lt;/DESIGN&gt;&lt;HIDE_TEXT/&gt;&lt;IMAGE_CHECKED/&gt;&lt;/BN1&gt;&lt;/asx:values&gt;&lt;/asx:abap&gt;</SPECIAL_PROPERTIES>
       <CTXT_MENU_ID/>
       <Node Name="BUTTON_SUB_ITEM" SimpleFormat="true">
        <Item Index="000001" SimpleFormat="true">
         <ACTION_ID Final="5 ">FGL2_00155D36F2031ED881D64F8D82529A54</ACTION_ID>
         <INDEX>1</INDEX>
         <HOTKEY/>
         <IMAGE/>
         <TEXT Transl="true">1</TEXT>
         <HAS_SEPARATOR/>
        </Item>
       </Node>
      </Item>
      <Item Index="000002" SimpleFormat="true">
       <ID Final="5 ">FGL2_00155D36F2031ED881D64F8D8252BA54</ID>
       <TYPE>TB</TYPE>
       <EXPLANATION_TEXT Transl="true"/>
       <IMAGE/>
       <IMAGE_IS_DECORATIVE/>
       <TEXT Transl="true"/>
       <TOOLTIP Transl="true"/>
       <INSTANCE_STYLE/>
       <SPECIAL_PROPERTIES>﻿&lt;?xml version=&quot;1.0&quot; encoding=&quot;utf-16&quot;?&gt;&lt;asx:abap xmlns:asx=&quot;http://www.sap.com/abapxml&quot; version=&quot;1.0&quot;&gt;&lt;asx:values&gt;&lt;BN1&gt;&lt;DESIGN&gt;00&lt;/DESIGN&gt;&lt;HIDE_TEXT/&gt;&lt;IMAGE_CHECKED/&gt;&lt;/BN1&gt;&lt;/asx:values&gt;&lt;/asx:abap&gt;</SPECIAL_PROPERTIES>
       <CTXT_MENU_ID/>
       <Node Name="BUTTON_SUB_ITEM" SimpleFormat="true">
        <Item Index="000001" SimpleFormat="true">
         <ACTION_ID Final="5 ">FGL2_00155D36F2031ED881D64F8D8252BA54</ACTION_ID>
         <INDEX>1</INDEX>
         <HOTKEY/>
         <IMAGE/>
         <TEXT Transl="true">2</TEXT>
         <HAS_SEPARATOR/>
        </Item>
       </Node>
      </Item>
      <Item Index="000003" SimpleFormat="true">
       <ID Final="5 ">FGL2_00155D36F2031ED881D64F8D8252DA54</ID>
       <TYPE>TB</TYPE>
       <EXPLANATION_TEXT Transl="true"/>
       <IMAGE/>
       <IMAGE_IS_DECORATIVE/>
       <TEXT Transl="true"/>
       <TOOLTIP Transl="true"/>
       <INSTANCE_STYLE/>
       <SPECIAL_PROPERTIES>﻿&lt;?xml version=&quot;1.0&quot; encoding=&quot;utf-16&quot;?&gt;&lt;asx:abap xmlns:asx=&quot;http://www.sap.com/abapxml&quot; version=&quot;1.0&quot;&gt;&lt;asx:values&gt;&lt;BN1&gt;&lt;DESIGN&gt;00&lt;/DESIGN&gt;&lt;HIDE_TEXT/&gt;&lt;IMAGE_CHECKED/&gt;&lt;/BN1&gt;&lt;/asx:values&gt;&lt;/asx:abap&gt;</SPECIAL_PROPERTIES>
       <CTXT_MENU_ID/>
       <Node Name="BUTTON_SUB_ITEM" SimpleFormat="true">
        <Item Index="000001" SimpleFormat="true">
         <ACTION_ID Final="5 ">FGL2_00155D36F2031ED881D64F8D8252DA54</ACTION_ID>
         <INDEX>1</INDEX>
         <HOTKEY/>
         <IMAGE/>
         <TEXT Transl="true">3</TEXT>
         <HAS_SEPARATOR/>
        </Item>
       </Node>
      </Item>
     </Node>
     <Node Name="BUTTON_ROW" SimpleFormat="true">
      <Item Index="000001" SimpleFormat="true">
       <ID Final="5 ">FGL2_00155D36F2031ED881D64E9EC64E9A54</ID>
       <INSTANCE_STYLE/>
       <CTXT_MENU_ID/>
       <Node Name="BUTTON_ROW_ELEMENT" SimpleFormat="true">
        <Item Index="000001" SimpleFormat="true">
         <BUTTON_ID Final="5 ">FGL2_00155D36F2031ED881D64F8D82529A54</BUTTON_ID>
         <INDEX>1</INDEX>
         <ALIGNMENT>LEFT</ALIGNMENT>
        </Item>
        <Item Index="000002" SimpleFormat="true">
         <BUTTON_ID Final="5 ">FGL2_00155D36F2031ED881D64F8D8252BA54</BUTTON_ID>
         <INDEX>2</INDEX>
         <ALIGNMENT>LEFT</ALIGNMENT>
        </Item>
        <Item Index="000003" SimpleFormat="true">
         <BUTTON_ID Final="5 ">FGL2_00155D36F2031ED881D64F8D8252DA54</BUTTON_ID>
         <INDEX>3</INDEX>
         <ALIGNMENT>LEFT</ALIGNMENT>
        </Item>
       </Node>
      </Item>
     </Node>
     <Node Name="CTXT_MENU" SimpleFormat="true"/>
     <Node Name="DROP_TARGET" SimpleFormat="true"/>
     <Node Name="FORM_GROUP" SimpleFormat="true"/>
     <Node Name="PARAMETER" SimpleFormat="true"/>
     <Node Name="PERSONALIZATION" SimpleFormat="true"/>
     <Node Name="POSITION" SimpleFormat="true">
      <Item Index="000001" SimpleFormat="true">
       <ID Final="5 ">_GENP_00155D36F2031ED881D64E9EC64EBA54</ID>
       <START_ROW>1</START_ROW>
       <START_COLUMN>C</START_COLUMN>
       <END_ROW>1</END_ROW>
       <END_COLUMN>P</END_COLUMN>
       <LABEL_START_ROW/>
       <LABEL_START_COLUMN/>
       <LABEL_END_ROW/>
       <LABEL_END_COLUMN/>
       <FORM_ELEMENT_TYPE>BR</FORM_ELEMENT_TYPE>
       <FORM_ELEMENT_ID>FGL2_00155D36F2031ED881D64E9EC64E9A54</FORM_ELEMENT_ID>
      </Item>
     </Node>
     <Node Name="QUICKVIEW" SimpleFormat="true"/>
     <Node Name="STANDARD_ELEMENT" SimpleFormat="true"/>
    </Item>
   </Node>
  </Item>
 </Node>
</Component>
