﻿<?xml version="1.0" encoding="utf-8"?>
<Component Name="FPM_COMPOSITE_UIBB" ConfId="ZWDCC_NCA_CONFIG_GUIBBC_UIBB" ConfType="00" ConfVar="">
 <Node Name="CONFIGURATION_CONTEXT" SimpleFormat="true">
  <Item Index="000001" SimpleFormat="true">
   <Node Name="APP_SPECIFIC_CC" SimpleFormat="true">
    <Item Index="000001" SimpleFormat="true"/>
   </Node>
   <Node Name="CONF_COMP_USAGE" SimpleFormat="true"/>
   <Node Name="PROPERTIES" SimpleFormat="true">
    <Item Index="000001" SimpleFormat="true"/>
   </Node>
   <Node Name="UIBB" SimpleFormat="true">
    <Item Index="000001" SimpleFormat="true">
     <FPM_PRIMARY_ATTRIBUTE Final="5 ">_GENP_00155D36F2031ED88BC2FC90D004DA54</FPM_PRIMARY_ATTRIBUTE>
     <COMPONENT>FPM_LIST_UIBB_ATS</COMPONENT>
     <INTERFACE_VIEW>LIST_WINDOW</INTERFACE_VIEW>
     <CONFIG_ID>ZWDCC_NCA_CONFIG_GUIBBL_UIBB</CONFIG_ID>
     <CONFIG_TYPE/>
     <CONFIG_VAR/>
     <INDEX>1</INDEX>
     <INSTANCE_ID/>
     <NEEDS_STRETCHING/>
     <ROW>1</ROW>
     <COLUMN>1</COLUMN>
     <WIDTH>1</WIDTH>
     <HEIGHT>1</HEIGHT>
    </Item>
   </Node>
   <Node Name="WIRE_PLUG" SimpleFormat="true">
    <Item Index="000001" SimpleFormat="true">
     <Node Name="WIRE" SimpleFormat="true"/>
    </Item>
   </Node>
  </Item>
 </Node>
</Component>
