﻿<?xml version="1.0" encoding="utf-8"?>
<Component Name="FPM_LIST_UIBB_ATS" ConfId="ZWDCC_NCA_CONFIG_GUIBBL_TEXT" ConfType="00" ConfVar="">
 <Node Name="CONFIGURATION_CONTEXT" SimpleFormat="true">
  <Item Index="000001" SimpleFormat="true">
   <Node Name="LIST" SimpleFormat="true">
    <Item Index="000001" SimpleFormat="true">
     <FEEDER>ZCL_NCA_CONFIG_GUIBBL_TEXTS</FEEDER>
     <DEFAULT_SORTING_GROUPING>﻿&lt;?xml version=&quot;1.0&quot; encoding=&quot;utf-16&quot;?&gt;&lt;asx:abap xmlns:asx=&quot;http://www.sap.com/abapxml&quot; version=&quot;1.0&quot;&gt;&lt;asx:values&gt;&lt;RULES&gt;&lt;item&gt;&lt;COLUMN_NAME&gt;GROUP&lt;/COLUMN_NAME&gt;&lt;DESCENDING/&gt;&lt;IS_GROUPED&gt;X&lt;/IS_GROUPED&gt;&lt;AGGR_COLUMN/&gt;&lt;/item&gt;&lt;item&gt;&lt;COLUMN_NAME&gt;AREA&lt;/COLUMN_NAME&gt;&lt;DESCENDING/&gt;&lt;IS_GROUPED&gt;X&lt;/IS_GROUPED&gt;&lt;AGGR_COLUMN/&gt;&lt;/item&gt;&lt;item&gt;&lt;COLUMN_NAME&gt;UICO&lt;/COLUMN_NAME&gt;&lt;DESCENDING/&gt;&lt;IS_GROUPED&gt;X&lt;/IS_GROUPED&gt;&lt;AGGR_COLUMN/&gt;&lt;/item&gt;&lt;/RULES&gt;&lt;/asx:values&gt;&lt;/asx:abap&gt;</DEFAULT_SORTING_GROUPING>
     <Node Name="BUTTON_ROW" SimpleFormat="true">
      <Item Index="000001" SimpleFormat="true">
       <Node Name="BUTTON_ROW_ELEMENT" SimpleFormat="true"/>
      </Item>
     </Node>
     <Node Name="COLUMN" SimpleFormat="true">
      <Item Index="000001" SimpleFormat="true">
       <ELEMENT_ID Final="5 ">_GENP_00155D36F2031ED9B582EA7E7F5E1A54</ELEMENT_ID>
       <NAME>GROUP</NAME>
       <DISPLAY_TYPE>TV</DISPLAY_TYPE>
       <INDEX>1</INDEX>
       <HEADER Transl="true">8</HEADER>
       <SPECIAL_PROPERTIES/>
       <WIDTH/>
       <TAG_ACTIVE/>
       <TAG/>
       <TOOLTIP Transl="true"/>
       <VISIBILITY/>
       <FIXED>01</FIXED>
       <TOOLTIP_HEADER Transl="true"/>
       <CTXT_MENU_ID/>
       <INSTANCE_STYLE/>
       <HEADER_INSTANCE_STYLE/>
       <Node Name="COLUMN_ACTION" SimpleFormat="true"/>
      </Item>
      <Item Index="000002" SimpleFormat="true">
       <ELEMENT_ID Final="5 ">_GENP_00155D36F2031ED9B6959EAAFC195A54</ELEMENT_ID>
       <NAME>AREA</NAME>
       <DISPLAY_TYPE>TV</DISPLAY_TYPE>
       <INDEX>2</INDEX>
       <HEADER Transl="true">11</HEADER>
       <SPECIAL_PROPERTIES/>
       <WIDTH/>
       <TAG_ACTIVE/>
       <TAG/>
       <TOOLTIP Transl="true"/>
       <VISIBILITY/>
       <FIXED>01</FIXED>
       <TOOLTIP_HEADER Transl="true"/>
       <CTXT_MENU_ID/>
       <INSTANCE_STYLE/>
       <HEADER_INSTANCE_STYLE/>
       <Node Name="COLUMN_ACTION" SimpleFormat="true"/>
      </Item>
      <Item Index="000003" SimpleFormat="true">
       <ELEMENT_ID Final="5 ">_GENP_00155D36F2031ED9B693FFED4A5B7A54</ELEMENT_ID>
       <NAME>UICO</NAME>
       <DISPLAY_TYPE>TV</DISPLAY_TYPE>
       <INDEX>3</INDEX>
       <HEADER Transl="true">9</HEADER>
       <SPECIAL_PROPERTIES/>
       <WIDTH/>
       <TAG_ACTIVE/>
       <TAG/>
       <TOOLTIP Transl="true"/>
       <VISIBILITY/>
       <FIXED>01</FIXED>
       <TOOLTIP_HEADER Transl="true"/>
       <CTXT_MENU_ID/>
       <INSTANCE_STYLE/>
       <HEADER_INSTANCE_STYLE/>
       <Node Name="COLUMN_ACTION" SimpleFormat="true"/>
      </Item>
      <Item Index="000004" SimpleFormat="true">
       <ELEMENT_ID Final="5 ">_GENP_00155D36F2031ED9B4C604D721BBFA54</ELEMENT_ID>
       <NAME>AF</NAME>
       <DISPLAY_TYPE>IN</DISPLAY_TYPE>
       <INDEX>4</INDEX>
       <HEADER Transl="true"/>
       <SPECIAL_PROPERTIES/>
       <WIDTH/>
       <TAG_ACTIVE/>
       <TAG/>
       <TOOLTIP Transl="true"/>
       <VISIBILITY/>
       <FIXED>01</FIXED>
       <TOOLTIP_HEADER Transl="true"/>
       <CTXT_MENU_ID/>
       <INSTANCE_STYLE/>
       <HEADER_INSTANCE_STYLE/>
       <Node Name="COLUMN_ACTION" SimpleFormat="true"/>
      </Item>
      <Item Index="000005" SimpleFormat="true">
       <ELEMENT_ID Final="5 ">_GENP_00155D36F2031ED9B4C604D721BC1A54</ELEMENT_ID>
       <NAME>AR</NAME>
       <DISPLAY_TYPE>IN</DISPLAY_TYPE>
       <INDEX>5</INDEX>
       <HEADER Transl="true"/>
       <SPECIAL_PROPERTIES/>
       <WIDTH/>
       <TAG_ACTIVE/>
       <TAG/>
       <TOOLTIP Transl="true"/>
       <VISIBILITY/>
       <FIXED>01</FIXED>
       <TOOLTIP_HEADER Transl="true"/>
       <CTXT_MENU_ID/>
       <INSTANCE_STYLE/>
       <HEADER_INSTANCE_STYLE/>
       <Node Name="COLUMN_ACTION" SimpleFormat="true"/>
      </Item>
      <Item Index="000006" SimpleFormat="true">
       <ELEMENT_ID Final="5 ">_GENP_00155D36F2031ED9B4C604D721BC3A54</ELEMENT_ID>
       <NAME>BG</NAME>
       <DISPLAY_TYPE>IN</DISPLAY_TYPE>
       <INDEX>6</INDEX>
       <HEADER Transl="true"/>
       <SPECIAL_PROPERTIES/>
       <WIDTH/>
       <TAG_ACTIVE/>
       <TAG/>
       <TOOLTIP Transl="true"/>
       <VISIBILITY/>
       <FIXED>01</FIXED>
       <TOOLTIP_HEADER Transl="true"/>
       <CTXT_MENU_ID/>
       <INSTANCE_STYLE/>
       <HEADER_INSTANCE_STYLE/>
       <Node Name="COLUMN_ACTION" SimpleFormat="true"/>
      </Item>
      <Item Index="000007" SimpleFormat="true">
       <ELEMENT_ID Final="5 ">_GENP_00155D36F2031ED9B4C604D721BC5A54</ELEMENT_ID>
       <NAME>CA</NAME>
       <DISPLAY_TYPE>IN</DISPLAY_TYPE>
       <INDEX>7</INDEX>
       <HEADER Transl="true"/>
       <SPECIAL_PROPERTIES/>
       <WIDTH/>
       <TAG_ACTIVE/>
       <TAG/>
       <TOOLTIP Transl="true"/>
       <VISIBILITY/>
       <FIXED>01</FIXED>
       <TOOLTIP_HEADER Transl="true"/>
       <CTXT_MENU_ID/>
       <INSTANCE_STYLE/>
       <HEADER_INSTANCE_STYLE/>
       <Node Name="COLUMN_ACTION" SimpleFormat="true"/>
      </Item>
      <Item Index="000008" SimpleFormat="true">
       <ELEMENT_ID Final="5 ">_GENP_00155D36F2031ED9B4C604D721BC7A54</ELEMENT_ID>
       <NAME>CS</NAME>
       <DISPLAY_TYPE>IN</DISPLAY_TYPE>
       <INDEX>8</INDEX>
       <HEADER Transl="true"/>
       <SPECIAL_PROPERTIES/>
       <WIDTH/>
       <TAG_ACTIVE/>
       <TAG/>
       <TOOLTIP Transl="true"/>
       <VISIBILITY/>
       <FIXED>01</FIXED>
       <TOOLTIP_HEADER Transl="true"/>
       <CTXT_MENU_ID/>
       <INSTANCE_STYLE/>
       <HEADER_INSTANCE_STYLE/>
       <Node Name="COLUMN_ACTION" SimpleFormat="true"/>
      </Item>
      <Item Index="000009" SimpleFormat="true">
       <ELEMENT_ID Final="5 ">_GENP_00155D36F2031ED9B4C604D721BC9A54</ELEMENT_ID>
       <NAME>DA</NAME>
       <DISPLAY_TYPE>IN</DISPLAY_TYPE>
       <INDEX>9</INDEX>
       <HEADER Transl="true"/>
       <SPECIAL_PROPERTIES/>
       <WIDTH/>
       <TAG_ACTIVE/>
       <TAG/>
       <TOOLTIP Transl="true"/>
       <VISIBILITY/>
       <FIXED>01</FIXED>
       <TOOLTIP_HEADER Transl="true"/>
       <CTXT_MENU_ID/>
       <INSTANCE_STYLE/>
       <HEADER_INSTANCE_STYLE/>
       <Node Name="COLUMN_ACTION" SimpleFormat="true"/>
      </Item>
      <Item Index="000010" SimpleFormat="true">
       <ELEMENT_ID Final="5 ">_GENP_00155D36F2031ED9B4C604D721BCBA54</ELEMENT_ID>
       <NAME>DE</NAME>
       <DISPLAY_TYPE>IN</DISPLAY_TYPE>
       <INDEX>10</INDEX>
       <HEADER Transl="true"/>
       <SPECIAL_PROPERTIES/>
       <WIDTH/>
       <TAG_ACTIVE/>
       <TAG/>
       <TOOLTIP Transl="true"/>
       <VISIBILITY/>
       <FIXED>01</FIXED>
       <TOOLTIP_HEADER Transl="true"/>
       <CTXT_MENU_ID/>
       <INSTANCE_STYLE/>
       <HEADER_INSTANCE_STYLE/>
       <Node Name="COLUMN_ACTION" SimpleFormat="true"/>
      </Item>
      <Item Index="000011" SimpleFormat="true">
       <ELEMENT_ID Final="5 ">_GENP_00155D36F2031ED9B4C604D721BCDA54</ELEMENT_ID>
       <NAME>EL</NAME>
       <DISPLAY_TYPE>IN</DISPLAY_TYPE>
       <INDEX>11</INDEX>
       <HEADER Transl="true"/>
       <SPECIAL_PROPERTIES/>
       <WIDTH/>
       <TAG_ACTIVE/>
       <TAG/>
       <TOOLTIP Transl="true"/>
       <VISIBILITY/>
       <FIXED>01</FIXED>
       <TOOLTIP_HEADER Transl="true"/>
       <CTXT_MENU_ID/>
       <INSTANCE_STYLE/>
       <HEADER_INSTANCE_STYLE/>
       <Node Name="COLUMN_ACTION" SimpleFormat="true"/>
      </Item>
      <Item Index="000012" SimpleFormat="true">
       <ELEMENT_ID Final="5 ">_GENP_00155D36F2031ED9B4C604D721BCFA54</ELEMENT_ID>
       <NAME>EN</NAME>
       <DISPLAY_TYPE>IN</DISPLAY_TYPE>
       <INDEX>12</INDEX>
       <HEADER Transl="true"/>
       <SPECIAL_PROPERTIES/>
       <WIDTH/>
       <TAG_ACTIVE/>
       <TAG/>
       <TOOLTIP Transl="true"/>
       <VISIBILITY/>
       <FIXED>01</FIXED>
       <TOOLTIP_HEADER Transl="true"/>
       <CTXT_MENU_ID/>
       <INSTANCE_STYLE/>
       <HEADER_INSTANCE_STYLE/>
       <Node Name="COLUMN_ACTION" SimpleFormat="true"/>
      </Item>
      <Item Index="000013" SimpleFormat="true">
       <ELEMENT_ID Final="5 ">_GENP_00155D36F2031ED9B4C604D721BD1A54</ELEMENT_ID>
       <NAME>ES</NAME>
       <DISPLAY_TYPE>IN</DISPLAY_TYPE>
       <INDEX>13</INDEX>
       <HEADER Transl="true"/>
       <SPECIAL_PROPERTIES/>
       <WIDTH/>
       <TAG_ACTIVE/>
       <TAG/>
       <TOOLTIP Transl="true"/>
       <VISIBILITY/>
       <FIXED>01</FIXED>
       <TOOLTIP_HEADER Transl="true"/>
       <CTXT_MENU_ID/>
       <INSTANCE_STYLE/>
       <HEADER_INSTANCE_STYLE/>
       <Node Name="COLUMN_ACTION" SimpleFormat="true"/>
      </Item>
      <Item Index="000014" SimpleFormat="true">
       <ELEMENT_ID Final="5 ">_GENP_00155D36F2031ED9B4C604D721BD3A54</ELEMENT_ID>
       <NAME>ET</NAME>
       <DISPLAY_TYPE>IN</DISPLAY_TYPE>
       <INDEX>14</INDEX>
       <HEADER Transl="true"/>
       <SPECIAL_PROPERTIES/>
       <WIDTH/>
       <TAG_ACTIVE/>
       <TAG/>
       <TOOLTIP Transl="true"/>
       <VISIBILITY/>
       <FIXED>01</FIXED>
       <TOOLTIP_HEADER Transl="true"/>
       <CTXT_MENU_ID/>
       <INSTANCE_STYLE/>
       <HEADER_INSTANCE_STYLE/>
       <Node Name="COLUMN_ACTION" SimpleFormat="true"/>
      </Item>
      <Item Index="000015" SimpleFormat="true">
       <ELEMENT_ID Final="5 ">_GENP_00155D36F2031ED9B4C604D721BD5A54</ELEMENT_ID>
       <NAME>FI</NAME>
       <DISPLAY_TYPE>IN</DISPLAY_TYPE>
       <INDEX>15</INDEX>
       <HEADER Transl="true"/>
       <SPECIAL_PROPERTIES/>
       <WIDTH/>
       <TAG_ACTIVE/>
       <TAG/>
       <TOOLTIP Transl="true"/>
       <VISIBILITY/>
       <FIXED>01</FIXED>
       <TOOLTIP_HEADER Transl="true"/>
       <CTXT_MENU_ID/>
       <INSTANCE_STYLE/>
       <HEADER_INSTANCE_STYLE/>
       <Node Name="COLUMN_ACTION" SimpleFormat="true"/>
      </Item>
      <Item Index="000016" SimpleFormat="true">
       <ELEMENT_ID Final="5 ">_GENP_00155D36F2031ED9B4C604D721BD7A54</ELEMENT_ID>
       <NAME>FR</NAME>
       <DISPLAY_TYPE>IN</DISPLAY_TYPE>
       <INDEX>16</INDEX>
       <HEADER Transl="true"/>
       <SPECIAL_PROPERTIES/>
       <WIDTH/>
       <TAG_ACTIVE/>
       <TAG/>
       <TOOLTIP Transl="true"/>
       <VISIBILITY/>
       <FIXED>01</FIXED>
       <TOOLTIP_HEADER Transl="true"/>
       <CTXT_MENU_ID/>
       <INSTANCE_STYLE/>
       <HEADER_INSTANCE_STYLE/>
       <Node Name="COLUMN_ACTION" SimpleFormat="true"/>
      </Item>
      <Item Index="000017" SimpleFormat="true">
       <ELEMENT_ID Final="5 ">_GENP_00155D36F2031ED9B4C604D721BD9A54</ELEMENT_ID>
       <NAME>HE</NAME>
       <DISPLAY_TYPE>IN</DISPLAY_TYPE>
       <INDEX>17</INDEX>
       <HEADER Transl="true"/>
       <SPECIAL_PROPERTIES/>
       <WIDTH/>
       <TAG_ACTIVE/>
       <TAG/>
       <TOOLTIP Transl="true"/>
       <VISIBILITY/>
       <FIXED>01</FIXED>
       <TOOLTIP_HEADER Transl="true"/>
       <CTXT_MENU_ID/>
       <INSTANCE_STYLE/>
       <HEADER_INSTANCE_STYLE/>
       <Node Name="COLUMN_ACTION" SimpleFormat="true"/>
      </Item>
      <Item Index="000018" SimpleFormat="true">
       <ELEMENT_ID Final="5 ">_GENP_00155D36F2031ED9B4C604D721BDBA54</ELEMENT_ID>
       <NAME>HI</NAME>
       <DISPLAY_TYPE>IN</DISPLAY_TYPE>
       <INDEX>18</INDEX>
       <HEADER Transl="true"/>
       <SPECIAL_PROPERTIES/>
       <WIDTH/>
       <TAG_ACTIVE/>
       <TAG/>
       <TOOLTIP Transl="true"/>
       <VISIBILITY/>
       <FIXED>01</FIXED>
       <TOOLTIP_HEADER Transl="true"/>
       <CTXT_MENU_ID/>
       <INSTANCE_STYLE/>
       <HEADER_INSTANCE_STYLE/>
       <Node Name="COLUMN_ACTION" SimpleFormat="true"/>
      </Item>
      <Item Index="000019" SimpleFormat="true">
       <ELEMENT_ID Final="5 ">_GENP_00155D36F2031ED9B4C604D721BDDA54</ELEMENT_ID>
       <NAME>HR</NAME>
       <DISPLAY_TYPE>IN</DISPLAY_TYPE>
       <INDEX>19</INDEX>
       <HEADER Transl="true"/>
       <SPECIAL_PROPERTIES/>
       <WIDTH/>
       <TAG_ACTIVE/>
       <TAG/>
       <TOOLTIP Transl="true"/>
       <VISIBILITY/>
       <FIXED>01</FIXED>
       <TOOLTIP_HEADER Transl="true"/>
       <CTXT_MENU_ID/>
       <INSTANCE_STYLE/>
       <HEADER_INSTANCE_STYLE/>
       <Node Name="COLUMN_ACTION" SimpleFormat="true"/>
      </Item>
      <Item Index="000020" SimpleFormat="true">
       <ELEMENT_ID Final="5 ">_GENP_00155D36F2031ED9B4C604D721BDFA54</ELEMENT_ID>
       <NAME>HU</NAME>
       <DISPLAY_TYPE>IN</DISPLAY_TYPE>
       <INDEX>20</INDEX>
       <HEADER Transl="true"/>
       <SPECIAL_PROPERTIES/>
       <WIDTH/>
       <TAG_ACTIVE/>
       <TAG/>
       <TOOLTIP Transl="true"/>
       <VISIBILITY/>
       <FIXED>01</FIXED>
       <TOOLTIP_HEADER Transl="true"/>
       <CTXT_MENU_ID/>
       <INSTANCE_STYLE/>
       <HEADER_INSTANCE_STYLE/>
       <Node Name="COLUMN_ACTION" SimpleFormat="true"/>
      </Item>
      <Item Index="000021" SimpleFormat="true">
       <ELEMENT_ID Final="5 ">_GENP_00155D36F2031ED9B4C604D721BE1A54</ELEMENT_ID>
       <NAME>ID</NAME>
       <DISPLAY_TYPE>IN</DISPLAY_TYPE>
       <INDEX>21</INDEX>
       <HEADER Transl="true"/>
       <SPECIAL_PROPERTIES/>
       <WIDTH/>
       <TAG_ACTIVE/>
       <TAG/>
       <TOOLTIP Transl="true"/>
       <VISIBILITY/>
       <FIXED>01</FIXED>
       <TOOLTIP_HEADER Transl="true"/>
       <CTXT_MENU_ID/>
       <INSTANCE_STYLE/>
       <HEADER_INSTANCE_STYLE/>
       <Node Name="COLUMN_ACTION" SimpleFormat="true"/>
      </Item>
      <Item Index="000022" SimpleFormat="true">
       <ELEMENT_ID Final="5 ">_GENP_00155D36F2031ED9B4C604D721BE3A54</ELEMENT_ID>
       <NAME>IS</NAME>
       <DISPLAY_TYPE>IN</DISPLAY_TYPE>
       <INDEX>22</INDEX>
       <HEADER Transl="true"/>
       <SPECIAL_PROPERTIES/>
       <WIDTH/>
       <TAG_ACTIVE/>
       <TAG/>
       <TOOLTIP Transl="true"/>
       <VISIBILITY/>
       <FIXED>01</FIXED>
       <TOOLTIP_HEADER Transl="true"/>
       <CTXT_MENU_ID/>
       <INSTANCE_STYLE/>
       <HEADER_INSTANCE_STYLE/>
       <Node Name="COLUMN_ACTION" SimpleFormat="true"/>
      </Item>
      <Item Index="000023" SimpleFormat="true">
       <ELEMENT_ID Final="5 ">_GENP_00155D36F2031ED9B4C604D721BE5A54</ELEMENT_ID>
       <NAME>IT</NAME>
       <DISPLAY_TYPE>IN</DISPLAY_TYPE>
       <INDEX>23</INDEX>
       <HEADER Transl="true"/>
       <SPECIAL_PROPERTIES/>
       <WIDTH/>
       <TAG_ACTIVE/>
       <TAG/>
       <TOOLTIP Transl="true"/>
       <VISIBILITY/>
       <FIXED>01</FIXED>
       <TOOLTIP_HEADER Transl="true"/>
       <CTXT_MENU_ID/>
       <INSTANCE_STYLE/>
       <HEADER_INSTANCE_STYLE/>
       <Node Name="COLUMN_ACTION" SimpleFormat="true"/>
      </Item>
      <Item Index="000024" SimpleFormat="true">
       <ELEMENT_ID Final="5 ">_GENP_00155D36F2031ED9B4C604D721BE7A54</ELEMENT_ID>
       <NAME>JA</NAME>
       <DISPLAY_TYPE>IN</DISPLAY_TYPE>
       <INDEX>24</INDEX>
       <HEADER Transl="true"/>
       <SPECIAL_PROPERTIES/>
       <WIDTH/>
       <TAG_ACTIVE/>
       <TAG/>
       <TOOLTIP Transl="true"/>
       <VISIBILITY/>
       <FIXED>01</FIXED>
       <TOOLTIP_HEADER Transl="true"/>
       <CTXT_MENU_ID/>
       <INSTANCE_STYLE/>
       <HEADER_INSTANCE_STYLE/>
       <Node Name="COLUMN_ACTION" SimpleFormat="true"/>
      </Item>
      <Item Index="000025" SimpleFormat="true">
       <ELEMENT_ID Final="5 ">_GENP_00155D36F2031ED9B4C604D721BE9A54</ELEMENT_ID>
       <NAME>KK</NAME>
       <DISPLAY_TYPE>IN</DISPLAY_TYPE>
       <INDEX>25</INDEX>
       <HEADER Transl="true"/>
       <SPECIAL_PROPERTIES/>
       <WIDTH/>
       <TAG_ACTIVE/>
       <TAG/>
       <TOOLTIP Transl="true"/>
       <VISIBILITY/>
       <FIXED>01</FIXED>
       <TOOLTIP_HEADER Transl="true"/>
       <CTXT_MENU_ID/>
       <INSTANCE_STYLE/>
       <HEADER_INSTANCE_STYLE/>
       <Node Name="COLUMN_ACTION" SimpleFormat="true"/>
      </Item>
      <Item Index="000026" SimpleFormat="true">
       <ELEMENT_ID Final="5 ">_GENP_00155D36F2031ED9B4C604D721BEBA54</ELEMENT_ID>
       <NAME>KO</NAME>
       <DISPLAY_TYPE>IN</DISPLAY_TYPE>
       <INDEX>26</INDEX>
       <HEADER Transl="true"/>
       <SPECIAL_PROPERTIES/>
       <WIDTH/>
       <TAG_ACTIVE/>
       <TAG/>
       <TOOLTIP Transl="true"/>
       <VISIBILITY/>
       <FIXED>01</FIXED>
       <TOOLTIP_HEADER Transl="true"/>
       <CTXT_MENU_ID/>
       <INSTANCE_STYLE/>
       <HEADER_INSTANCE_STYLE/>
       <Node Name="COLUMN_ACTION" SimpleFormat="true"/>
      </Item>
      <Item Index="000027" SimpleFormat="true">
       <ELEMENT_ID Final="5 ">_GENP_00155D36F2031ED9B4C604D721BEDA54</ELEMENT_ID>
       <NAME>LT</NAME>
       <DISPLAY_TYPE>IN</DISPLAY_TYPE>
       <INDEX>27</INDEX>
       <HEADER Transl="true"/>
       <SPECIAL_PROPERTIES/>
       <WIDTH/>
       <TAG_ACTIVE/>
       <TAG/>
       <TOOLTIP Transl="true"/>
       <VISIBILITY/>
       <FIXED>01</FIXED>
       <TOOLTIP_HEADER Transl="true"/>
       <CTXT_MENU_ID/>
       <INSTANCE_STYLE/>
       <HEADER_INSTANCE_STYLE/>
       <Node Name="COLUMN_ACTION" SimpleFormat="true"/>
      </Item>
      <Item Index="000028" SimpleFormat="true">
       <ELEMENT_ID Final="5 ">_GENP_00155D36F2031ED9B4C604D721BEFA54</ELEMENT_ID>
       <NAME>LV</NAME>
       <DISPLAY_TYPE>IN</DISPLAY_TYPE>
       <INDEX>28</INDEX>
       <HEADER Transl="true"/>
       <SPECIAL_PROPERTIES/>
       <WIDTH/>
       <TAG_ACTIVE/>
       <TAG/>
       <TOOLTIP Transl="true"/>
       <VISIBILITY/>
       <FIXED>01</FIXED>
       <TOOLTIP_HEADER Transl="true"/>
       <CTXT_MENU_ID/>
       <INSTANCE_STYLE/>
       <HEADER_INSTANCE_STYLE/>
       <Node Name="COLUMN_ACTION" SimpleFormat="true"/>
      </Item>
      <Item Index="000029" SimpleFormat="true">
       <ELEMENT_ID Final="5 ">_GENP_00155D36F2031ED9B4C604D721BF1A54</ELEMENT_ID>
       <NAME>MS</NAME>
       <DISPLAY_TYPE>IN</DISPLAY_TYPE>
       <INDEX>29</INDEX>
       <HEADER Transl="true"/>
       <SPECIAL_PROPERTIES/>
       <WIDTH/>
       <TAG_ACTIVE/>
       <TAG/>
       <TOOLTIP Transl="true"/>
       <VISIBILITY/>
       <FIXED>01</FIXED>
       <TOOLTIP_HEADER Transl="true"/>
       <CTXT_MENU_ID/>
       <INSTANCE_STYLE/>
       <HEADER_INSTANCE_STYLE/>
       <Node Name="COLUMN_ACTION" SimpleFormat="true"/>
      </Item>
      <Item Index="000030" SimpleFormat="true">
       <ELEMENT_ID Final="5 ">_GENP_00155D36F2031ED9B4C604D721BF3A54</ELEMENT_ID>
       <NAME>NL</NAME>
       <DISPLAY_TYPE>IN</DISPLAY_TYPE>
       <INDEX>30</INDEX>
       <HEADER Transl="true"/>
       <SPECIAL_PROPERTIES/>
       <WIDTH/>
       <TAG_ACTIVE/>
       <TAG/>
       <TOOLTIP Transl="true"/>
       <VISIBILITY/>
       <FIXED>01</FIXED>
       <TOOLTIP_HEADER Transl="true"/>
       <CTXT_MENU_ID/>
       <INSTANCE_STYLE/>
       <HEADER_INSTANCE_STYLE/>
       <Node Name="COLUMN_ACTION" SimpleFormat="true"/>
      </Item>
      <Item Index="000031" SimpleFormat="true">
       <ELEMENT_ID Final="5 ">_GENP_00155D36F2031ED9B4C604D721BF5A54</ELEMENT_ID>
       <NAME>NO</NAME>
       <DISPLAY_TYPE>IN</DISPLAY_TYPE>
       <INDEX>31</INDEX>
       <HEADER Transl="true"/>
       <SPECIAL_PROPERTIES/>
       <WIDTH/>
       <TAG_ACTIVE/>
       <TAG/>
       <TOOLTIP Transl="true"/>
       <VISIBILITY/>
       <FIXED>01</FIXED>
       <TOOLTIP_HEADER Transl="true"/>
       <CTXT_MENU_ID/>
       <INSTANCE_STYLE/>
       <HEADER_INSTANCE_STYLE/>
       <Node Name="COLUMN_ACTION" SimpleFormat="true"/>
      </Item>
      <Item Index="000032" SimpleFormat="true">
       <ELEMENT_ID Final="5 ">_GENP_00155D36F2031ED9B4C604D721BF7A54</ELEMENT_ID>
       <NAME>PL</NAME>
       <DISPLAY_TYPE>IN</DISPLAY_TYPE>
       <INDEX>32</INDEX>
       <HEADER Transl="true"/>
       <SPECIAL_PROPERTIES/>
       <WIDTH/>
       <TAG_ACTIVE/>
       <TAG/>
       <TOOLTIP Transl="true"/>
       <VISIBILITY/>
       <FIXED>01</FIXED>
       <TOOLTIP_HEADER Transl="true"/>
       <CTXT_MENU_ID/>
       <INSTANCE_STYLE/>
       <HEADER_INSTANCE_STYLE/>
       <Node Name="COLUMN_ACTION" SimpleFormat="true"/>
      </Item>
      <Item Index="000033" SimpleFormat="true">
       <ELEMENT_ID Final="5 ">_GENP_00155D36F2031ED9B4C604D721BF9A54</ELEMENT_ID>
       <NAME>PT</NAME>
       <DISPLAY_TYPE>IN</DISPLAY_TYPE>
       <INDEX>33</INDEX>
       <HEADER Transl="true"/>
       <SPECIAL_PROPERTIES/>
       <WIDTH/>
       <TAG_ACTIVE/>
       <TAG/>
       <TOOLTIP Transl="true"/>
       <VISIBILITY/>
       <FIXED>01</FIXED>
       <TOOLTIP_HEADER Transl="true"/>
       <CTXT_MENU_ID/>
       <INSTANCE_STYLE/>
       <HEADER_INSTANCE_STYLE/>
       <Node Name="COLUMN_ACTION" SimpleFormat="true"/>
      </Item>
      <Item Index="000034" SimpleFormat="true">
       <ELEMENT_ID Final="5 ">_GENP_00155D36F2031ED9B4C604D721BFBA54</ELEMENT_ID>
       <NAME>RO</NAME>
       <DISPLAY_TYPE>IN</DISPLAY_TYPE>
       <INDEX>34</INDEX>
       <HEADER Transl="true"/>
       <SPECIAL_PROPERTIES/>
       <WIDTH/>
       <TAG_ACTIVE/>
       <TAG/>
       <TOOLTIP Transl="true"/>
       <VISIBILITY/>
       <FIXED>01</FIXED>
       <TOOLTIP_HEADER Transl="true"/>
       <CTXT_MENU_ID/>
       <INSTANCE_STYLE/>
       <HEADER_INSTANCE_STYLE/>
       <Node Name="COLUMN_ACTION" SimpleFormat="true"/>
      </Item>
      <Item Index="000035" SimpleFormat="true">
       <ELEMENT_ID Final="5 ">_GENP_00155D36F2031ED9B4C604D721BFDA54</ELEMENT_ID>
       <NAME>RU</NAME>
       <DISPLAY_TYPE>IN</DISPLAY_TYPE>
       <INDEX>35</INDEX>
       <HEADER Transl="true"/>
       <SPECIAL_PROPERTIES/>
       <WIDTH/>
       <TAG_ACTIVE/>
       <TAG/>
       <TOOLTIP Transl="true"/>
       <VISIBILITY/>
       <FIXED>01</FIXED>
       <TOOLTIP_HEADER Transl="true"/>
       <CTXT_MENU_ID/>
       <INSTANCE_STYLE/>
       <HEADER_INSTANCE_STYLE/>
       <Node Name="COLUMN_ACTION" SimpleFormat="true"/>
      </Item>
      <Item Index="000036" SimpleFormat="true">
       <ELEMENT_ID Final="5 ">_GENP_00155D36F2031ED9B4C604D721BFFA54</ELEMENT_ID>
       <NAME>SH</NAME>
       <DISPLAY_TYPE>IN</DISPLAY_TYPE>
       <INDEX>36</INDEX>
       <HEADER Transl="true"/>
       <SPECIAL_PROPERTIES/>
       <WIDTH/>
       <TAG_ACTIVE/>
       <TAG/>
       <TOOLTIP Transl="true"/>
       <VISIBILITY/>
       <FIXED>01</FIXED>
       <TOOLTIP_HEADER Transl="true"/>
       <CTXT_MENU_ID/>
       <INSTANCE_STYLE/>
       <HEADER_INSTANCE_STYLE/>
       <Node Name="COLUMN_ACTION" SimpleFormat="true"/>
      </Item>
      <Item Index="000037" SimpleFormat="true">
       <ELEMENT_ID Final="5 ">_GENP_00155D36F2031ED9B4C604D721C01A54</ELEMENT_ID>
       <NAME>SK</NAME>
       <DISPLAY_TYPE>IN</DISPLAY_TYPE>
       <INDEX>37</INDEX>
       <HEADER Transl="true"/>
       <SPECIAL_PROPERTIES/>
       <WIDTH/>
       <TAG_ACTIVE/>
       <TAG/>
       <TOOLTIP Transl="true"/>
       <VISIBILITY/>
       <FIXED>01</FIXED>
       <TOOLTIP_HEADER Transl="true"/>
       <CTXT_MENU_ID/>
       <INSTANCE_STYLE/>
       <HEADER_INSTANCE_STYLE/>
       <Node Name="COLUMN_ACTION" SimpleFormat="true"/>
      </Item>
      <Item Index="000038" SimpleFormat="true">
       <ELEMENT_ID Final="5 ">_GENP_00155D36F2031ED9B4C604D721C03A54</ELEMENT_ID>
       <NAME>SL</NAME>
       <DISPLAY_TYPE>IN</DISPLAY_TYPE>
       <INDEX>38</INDEX>
       <HEADER Transl="true"/>
       <SPECIAL_PROPERTIES/>
       <WIDTH/>
       <TAG_ACTIVE/>
       <TAG/>
       <TOOLTIP Transl="true"/>
       <VISIBILITY/>
       <FIXED>01</FIXED>
       <TOOLTIP_HEADER Transl="true"/>
       <CTXT_MENU_ID/>
       <INSTANCE_STYLE/>
       <HEADER_INSTANCE_STYLE/>
       <Node Name="COLUMN_ACTION" SimpleFormat="true"/>
      </Item>
      <Item Index="000039" SimpleFormat="true">
       <ELEMENT_ID Final="5 ">_GENP_00155D36F2031ED9B4C604D721C05A54</ELEMENT_ID>
       <NAME>SR</NAME>
       <DISPLAY_TYPE>IN</DISPLAY_TYPE>
       <INDEX>39</INDEX>
       <HEADER Transl="true"/>
       <SPECIAL_PROPERTIES/>
       <WIDTH/>
       <TAG_ACTIVE/>
       <TAG/>
       <TOOLTIP Transl="true"/>
       <VISIBILITY/>
       <FIXED>01</FIXED>
       <TOOLTIP_HEADER Transl="true"/>
       <CTXT_MENU_ID/>
       <INSTANCE_STYLE/>
       <HEADER_INSTANCE_STYLE/>
       <Node Name="COLUMN_ACTION" SimpleFormat="true"/>
      </Item>
      <Item Index="000040" SimpleFormat="true">
       <ELEMENT_ID Final="5 ">_GENP_00155D36F2031ED9B4C604D721C07A54</ELEMENT_ID>
       <NAME>SV</NAME>
       <DISPLAY_TYPE>IN</DISPLAY_TYPE>
       <INDEX>40</INDEX>
       <HEADER Transl="true"/>
       <SPECIAL_PROPERTIES/>
       <WIDTH/>
       <TAG_ACTIVE/>
       <TAG/>
       <TOOLTIP Transl="true"/>
       <VISIBILITY/>
       <FIXED>01</FIXED>
       <TOOLTIP_HEADER Transl="true"/>
       <CTXT_MENU_ID/>
       <INSTANCE_STYLE/>
       <HEADER_INSTANCE_STYLE/>
       <Node Name="COLUMN_ACTION" SimpleFormat="true"/>
      </Item>
      <Item Index="000041" SimpleFormat="true">
       <ELEMENT_ID Final="5 ">_GENP_00155D36F2031ED9B4C604D721C09A54</ELEMENT_ID>
       <NAME>TH</NAME>
       <DISPLAY_TYPE>IN</DISPLAY_TYPE>
       <INDEX>41</INDEX>
       <HEADER Transl="true"/>
       <SPECIAL_PROPERTIES/>
       <WIDTH/>
       <TAG_ACTIVE/>
       <TAG/>
       <TOOLTIP Transl="true"/>
       <VISIBILITY/>
       <FIXED>01</FIXED>
       <TOOLTIP_HEADER Transl="true"/>
       <CTXT_MENU_ID/>
       <INSTANCE_STYLE/>
       <HEADER_INSTANCE_STYLE/>
       <Node Name="COLUMN_ACTION" SimpleFormat="true"/>
      </Item>
      <Item Index="000042" SimpleFormat="true">
       <ELEMENT_ID Final="5 ">_GENP_00155D36F2031ED9B4C604D721C0BA54</ELEMENT_ID>
       <NAME>TR</NAME>
       <DISPLAY_TYPE>IN</DISPLAY_TYPE>
       <INDEX>42</INDEX>
       <HEADER Transl="true"/>
       <SPECIAL_PROPERTIES/>
       <WIDTH/>
       <TAG_ACTIVE/>
       <TAG/>
       <TOOLTIP Transl="true"/>
       <VISIBILITY/>
       <FIXED>01</FIXED>
       <TOOLTIP_HEADER Transl="true"/>
       <CTXT_MENU_ID/>
       <INSTANCE_STYLE/>
       <HEADER_INSTANCE_STYLE/>
       <Node Name="COLUMN_ACTION" SimpleFormat="true"/>
      </Item>
      <Item Index="000043" SimpleFormat="true">
       <ELEMENT_ID Final="5 ">_GENP_00155D36F2031ED9B4C604D721C0DA54</ELEMENT_ID>
       <NAME>UK</NAME>
       <DISPLAY_TYPE>IN</DISPLAY_TYPE>
       <INDEX>43</INDEX>
       <HEADER Transl="true"/>
       <SPECIAL_PROPERTIES/>
       <WIDTH/>
       <TAG_ACTIVE/>
       <TAG/>
       <TOOLTIP Transl="true"/>
       <VISIBILITY/>
       <FIXED>01</FIXED>
       <TOOLTIP_HEADER Transl="true"/>
       <CTXT_MENU_ID/>
       <INSTANCE_STYLE/>
       <HEADER_INSTANCE_STYLE/>
       <Node Name="COLUMN_ACTION" SimpleFormat="true"/>
      </Item>
      <Item Index="000044" SimpleFormat="true">
       <ELEMENT_ID Final="5 ">_GENP_00155D36F2031ED9B4C604D721C0FA54</ELEMENT_ID>
       <NAME>VI</NAME>
       <DISPLAY_TYPE>IN</DISPLAY_TYPE>
       <INDEX>44</INDEX>
       <HEADER Transl="true"/>
       <SPECIAL_PROPERTIES/>
       <WIDTH/>
       <TAG_ACTIVE/>
       <TAG/>
       <TOOLTIP Transl="true"/>
       <VISIBILITY/>
       <FIXED>01</FIXED>
       <TOOLTIP_HEADER Transl="true"/>
       <CTXT_MENU_ID/>
       <INSTANCE_STYLE/>
       <HEADER_INSTANCE_STYLE/>
       <Node Name="COLUMN_ACTION" SimpleFormat="true"/>
      </Item>
      <Item Index="000045" SimpleFormat="true">
       <ELEMENT_ID Final="5 ">_GENP_00155D36F2031ED9B4C604D721C11A54</ELEMENT_ID>
       <NAME>Z1</NAME>
       <DISPLAY_TYPE>IN</DISPLAY_TYPE>
       <INDEX>45</INDEX>
       <HEADER Transl="true"/>
       <SPECIAL_PROPERTIES/>
       <WIDTH/>
       <TAG_ACTIVE/>
       <TAG/>
       <TOOLTIP Transl="true"/>
       <VISIBILITY/>
       <FIXED>01</FIXED>
       <TOOLTIP_HEADER Transl="true"/>
       <CTXT_MENU_ID/>
       <INSTANCE_STYLE/>
       <HEADER_INSTANCE_STYLE/>
       <Node Name="COLUMN_ACTION" SimpleFormat="true"/>
      </Item>
      <Item Index="000046" SimpleFormat="true">
       <ELEMENT_ID Final="5 ">_GENP_00155D36F2031ED9B4C604D721C13A54</ELEMENT_ID>
       <NAME>ZF</NAME>
       <DISPLAY_TYPE>IN</DISPLAY_TYPE>
       <INDEX>46</INDEX>
       <HEADER Transl="true"/>
       <SPECIAL_PROPERTIES/>
       <WIDTH/>
       <TAG_ACTIVE/>
       <TAG/>
       <TOOLTIP Transl="true"/>
       <VISIBILITY/>
       <FIXED>01</FIXED>
       <TOOLTIP_HEADER Transl="true"/>
       <CTXT_MENU_ID/>
       <INSTANCE_STYLE/>
       <HEADER_INSTANCE_STYLE/>
       <Node Name="COLUMN_ACTION" SimpleFormat="true"/>
      </Item>
      <Item Index="000047" SimpleFormat="true">
       <ELEMENT_ID Final="5 ">_GENP_00155D36F2031ED9B4C604D721C15A54</ELEMENT_ID>
       <NAME>ZH</NAME>
       <DISPLAY_TYPE>IN</DISPLAY_TYPE>
       <INDEX>47</INDEX>
       <HEADER Transl="true"/>
       <SPECIAL_PROPERTIES/>
       <WIDTH/>
       <TAG_ACTIVE/>
       <TAG/>
       <TOOLTIP Transl="true"/>
       <VISIBILITY/>
       <FIXED>01</FIXED>
       <TOOLTIP_HEADER Transl="true"/>
       <CTXT_MENU_ID/>
       <INSTANCE_STYLE/>
       <HEADER_INSTANCE_STYLE/>
       <Node Name="COLUMN_ACTION" SimpleFormat="true"/>
      </Item>
     </Node>
     <Node Name="CTXT_MENU" SimpleFormat="true"/>
     <Node Name="DRAG_DROP" SimpleFormat="true"/>
     <Node Name="PARAMETER" SimpleFormat="true">
      <Item Index="000001" SimpleFormat="true">
       <NAME Final="5 ">P_TEXT_AREA</NAME>
       <VALUE>00</VALUE>
      </Item>
     </Node>
     <Node Name="QUICKVIEW" SimpleFormat="true"/>
     <Node Name="ROW_ACTIONS" SimpleFormat="true"/>
     <Node Name="SETTINGS" SimpleFormat="true">
      <Item Index="000001" SimpleFormat="true">
       <SEL_EVENT_TYPE>X</SEL_EVENT_TYPE>
       <ALLOW_CREATING_VIEWS>X</ALLOW_CREATING_VIEWS>
       <ALLOW_SORTING>02</ALLOW_SORTING>
       <ALLOW_FILTERING>02</ALLOW_FILTERING>
       <ALLOW_CALCULATION>02</ALLOW_CALCULATION>
       <ALLOW_GROUPING>02</ALLOW_GROUPING>
       <SCROLL_MODE/>
       <EXPORT_EXCEL>X</EXPORT_EXCEL>
       <ARIA_LANDMARK/>
       <HEIGHT_MODE_ATS>01</HEIGHT_MODE_ATS>
       <SELECTION_MODE_ATS>06</SELECTION_MODE_ATS>
      </Item>
     </Node>
    </Item>
   </Node>
  </Item>
 </Node>
</Component>
