﻿<?xml version="1.0" encoding="utf-8"?>
<abapGit version="v1.0.0" serializer="LCL_OBJECT_WDCC" serializer_version="v1.0.0">
 <asx:abap xmlns:asx="http://www.sap.com/abapxml" version="1.0">
  <asx:values>
   <OBJECT_NAME>ZWDCC_NCA_CONFIG_GUIBBF_DEVICE  00</OBJECT_NAME>
   <CONFIG_ID>ZWDCC_NCA_CONFIG_GUIBBF_DEVICE</CONFIG_ID>
   <WDA_COMPONENT>FPM_FORM_UIBB_GL2</WDA_COMPONENT>
   <OTR_TEXT>
    <WDY_CONFIG_COMPT>
     <CONFIG_ID>ZWDCC_NCA_CONFIG_GUIBBF_DEVICE</CONFIG_ID>
     <LANGU>E</LANGU>
     <TEXT_ID>1</TEXT_ID>
     <DESCRIPTION>Desktop / undefined</DESCRIPTION>
    </WDY_CONFIG_COMPT>
    <WDY_CONFIG_COMPT>
     <CONFIG_ID>ZWDCC_NCA_CONFIG_GUIBBF_DEVICE</CONFIG_ID>
     <LANGU>E</LANGU>
     <TEXT_ID>2</TEXT_ID>
     <DESCRIPTION>Tablet</DESCRIPTION>
    </WDY_CONFIG_COMPT>
    <WDY_CONFIG_COMPT>
     <CONFIG_ID>ZWDCC_NCA_CONFIG_GUIBBF_DEVICE</CONFIG_ID>
     <LANGU>E</LANGU>
     <TEXT_ID>3</TEXT_ID>
     <DESCRIPTION>Phone</DESCRIPTION>
    </WDY_CONFIG_COMPT>
   </OTR_TEXT>
   <DESCR_LANG>
    <WDY_CONFIG_DATT>
     <CONFIG_ID>ZWDCC_NCA_CONFIG_GUIBBF_DEVICE</CONFIG_ID>
     <LANGU>E</LANGU>
     <DESCRIPTION>GUIBBF Device</DESCRIPTION>
    </WDY_CONFIG_DATT>
   </DESCR_LANG>
  </asx:values>
 </asx:abap>
</abapGit>
