﻿<?xml version="1.0" encoding="utf-8"?>
<Component Name="FPM_LIST_UIBB_ATS" ConfId="ZWDCC_NCA_CONFIG_GUIBBL_TEXT_L" ConfType="00" ConfVar="">
 <Node Name="CONFIGURATION_CONTEXT" SimpleFormat="true">
  <Item Index="000001" SimpleFormat="true">
   <Node Name="LIST" SimpleFormat="true">
    <Item Index="000001" SimpleFormat="true">
     <FEEDER>ZCL_NCA_CONFIG_GUIBBL_TEXTS_L</FEEDER>
     <TITLE Transl="true"/>
     <Node Name="BUTTON_ROW" SimpleFormat="true"/>
     <Node Name="COLUMN" SimpleFormat="true">
      <Item Index="000001" SimpleFormat="true">
       <ELEMENT_ID Final="5 ">_GENP_00155D36F2031ED9B4C802CD02BE1A54</ELEMENT_ID>
       <NAME>ACTIVE</NAME>
       <DISPLAY_TYPE>CB</DISPLAY_TYPE>
       <INDEX>1</INDEX>
       <HEADER Transl="true">1</HEADER>
       <SPECIAL_PROPERTIES/>
       <WIDTH/>
       <TAG_ACTIVE/>
       <TAG/>
       <TOOLTIP Transl="true"/>
       <VISIBILITY/>
       <FIXED>01</FIXED>
       <TOOLTIP_HEADER Transl="true"/>
       <CTXT_MENU_ID/>
       <INSTANCE_STYLE/>
       <HEADER_INSTANCE_STYLE/>
       <Node Name="COLUMN_ACTION" SimpleFormat="true">
        <Item Index="000001" SimpleFormat="true">
         <EVENT_ID>ACTIVATE_LANGU</EVENT_ID>
         <EVENT_PARAMETERS/>
        </Item>
       </Node>
      </Item>
      <Item Index="000002" SimpleFormat="true">
       <ELEMENT_ID Final="5 ">_GENP_00155D36F2031ED9B4C8074F200EDA54</ELEMENT_ID>
       <NAME>SPRAS</NAME>
       <DISPLAY_TYPE>TV</DISPLAY_TYPE>
       <INDEX>2</INDEX>
       <HEADER Transl="true"/>
       <SPECIAL_PROPERTIES/>
       <WIDTH/>
       <TAG_ACTIVE/>
       <TAG/>
       <TOOLTIP Transl="true"/>
       <VISIBILITY/>
       <FIXED>01</FIXED>
       <TOOLTIP_HEADER Transl="true"/>
       <CTXT_MENU_ID/>
       <INSTANCE_STYLE/>
       <HEADER_INSTANCE_STYLE/>
       <Node Name="COLUMN_ACTION" SimpleFormat="true"/>
      </Item>
      <Item Index="000003" SimpleFormat="true">
       <ELEMENT_ID Final="5 ">_GENP_00155D36F2031ED9B4C83F3693B69A54</ELEMENT_ID>
       <NAME>SPTXT</NAME>
       <DISPLAY_TYPE>TV</DISPLAY_TYPE>
       <INDEX>3</INDEX>
       <HEADER Transl="true"/>
       <SPECIAL_PROPERTIES/>
       <WIDTH/>
       <TAG_ACTIVE/>
       <TAG/>
       <TOOLTIP Transl="true"/>
       <VISIBILITY/>
       <FIXED>01</FIXED>
       <TOOLTIP_HEADER Transl="true"/>
       <CTXT_MENU_ID/>
       <INSTANCE_STYLE/>
       <HEADER_INSTANCE_STYLE/>
       <Node Name="COLUMN_ACTION" SimpleFormat="true"/>
      </Item>
     </Node>
     <Node Name="CTXT_MENU" SimpleFormat="true"/>
     <Node Name="DRAG_DROP" SimpleFormat="true"/>
     <Node Name="PARAMETER" SimpleFormat="true"/>
     <Node Name="QUICKVIEW" SimpleFormat="true"/>
     <Node Name="ROW_ACTIONS" SimpleFormat="true"/>
     <Node Name="SETTINGS" SimpleFormat="true">
      <Item Index="000001" SimpleFormat="true">
       <SELECTION_MODE_ATS>06</SELECTION_MODE_ATS>
       <EXPORT_FORMAT>XLSX</EXPORT_FORMAT>
       <HEIGHT_MODE_ATS>01</HEIGHT_MODE_ATS>
      </Item>
     </Node>
    </Item>
   </Node>
  </Item>
 </Node>
</Component>
