﻿<?xml version="1.0" encoding="utf-8"?>
<Component Name="FPM_LIST_UIBB_ATS" ConfId="ZWDCC_NCA_CONFIG_GUIBBL_UICO" ConfType="00" ConfVar="">
 <Node Name="CONFIGURATION_CONTEXT" SimpleFormat="true">
  <Item Index="000001" SimpleFormat="true">
   <Node Name="LIST" SimpleFormat="true">
    <Item Index="000001" SimpleFormat="true">
     <FEEDER>ZCL_NCA_CONFIG_GUIBBL_UICO</FEEDER>
     <Node Name="BUTTON_ROW" SimpleFormat="true">
      <Item Index="000001" SimpleFormat="true">
       <Node Name="BUTTON_ROW_ELEMENT" SimpleFormat="true">
        <Item Index="000001" SimpleFormat="true">
         <ELEMENT_ID Final="5 ">_GENP_00155D36F2031ED78AF15308800C3A53</ELEMENT_ID>
         <DISPLAY_TYPE>BT</DISPLAY_TYPE>
         <INDEX>1</INDEX>
         <SPECIAL_PROPERTIES>﻿&lt;?xml version=&quot;1.0&quot; encoding=&quot;utf-16&quot;?&gt;&lt;asx:abap xmlns:asx=&quot;http://www.sap.com/abapxml&quot; version=&quot;1.0&quot;&gt;&lt;asx:values&gt;&lt;BN1&gt;&lt;ALIGNMENT&gt;03&lt;/ALIGNMENT&gt;&lt;PASSWORD_FIELD/&gt;&lt;WRAPPING/&gt;&lt;TEXT_VIEW_LAYOUT&gt;01&lt;/TEXT_VIEW_LAYOUT&gt;&lt;TEXTVIEW_SEM_COL&gt;00&lt;/TEXTVIEW_SEM_COL&gt;&lt;TEXT_VIEW_DESIGN&gt;09&lt;/TEXT_VIEW_DESIGN&gt;&lt;BUTTON_DESIGN&gt;00&lt;/BUTTON_DESIGN&gt;&lt;IMAGE_SOURCE&gt;~Icon/MoveItemToTop&lt;/IMAGE_SOURCE&gt;&lt;IMAGE_SOURCE_CHECKED/&gt;&lt;LINK_TYPE&gt;00&lt;/LINK_TYPE&gt;&lt;COL_COUNT&gt;40&lt;/COL_COUNT&gt;&lt;ROW_COUNT&gt;5&lt;/ROW_COUNT&gt;&lt;TEXT_WRAPPING&gt;02&lt;/TEXT_WRAPPING&gt;&lt;TARGET/&gt;&lt;LINK_DESIGN&gt;00&lt;/LINK_DESIGN&gt;&lt;TOGGLE_BUTTON_DESIGN&gt;00&lt;/TOGGLE_BUTTON_DESIGN&gt;&lt;DEPENDENT_CHECKBOX/&gt;&lt;REPEAT_SEL_ACTION/&gt;&lt;HOTKEY&gt;00&lt;/HOTKEY&gt;&lt;BORDER&gt;0&lt;/BORDER&gt;&lt;MAX_TICK_MARKS&gt;0&lt;/MAX_TICK_MARKS&gt;&lt;SHOW_TICK_MARKS/&gt;&lt;UNIT_WIDTH&gt;0&lt;/UNIT_WIDTH&gt;&lt;TICK_MARK_SPACING&gt;0&lt;/TICK_MARK_SPACING&gt;&lt;THRESHOLDS/&gt;&lt;SUGGEST_FILTER_METHOD&gt;00&lt;/SUGGEST_FILTER_METHOD&gt;&lt;SUGGEST_VALUES/&gt;&lt;DISPLAY_AS_TEXT/&gt;&lt;MIME_TYPE/&gt;&lt;TOOLBAR_BUTTON_DESIGN&gt;00&lt;/TOOLBAR_BUTTON_DESIGN&gt;&lt;KEY_VISIBLE/&gt;&lt;HIDE_VALUE/&gt;&lt;VIRUS_SCAN_PROFILE/&gt;&lt;ACTION_MENU_ID/&gt;&lt;HIDE_TEXT/&gt;&lt;QUICKVIEW_ID/&gt;&lt;QUICKVIEW_IMAGE_REF/&gt;&lt;SELECTED_ACTION_ITEM/&gt;&lt;ALT_DDIC_SHLP_NAME/&gt;&lt;SEMANTIC_OBJECT/&gt;&lt;IMAGE_IS_DECORATIVE/&gt;&lt;/BN1&gt;&lt;/asx:values&gt;&lt;/asx:abap&gt;</SPECIAL_PROPERTIES>
         <Node Name="BUTTON_ACTION" SimpleFormat="true">
          <Item Index="000001" SimpleFormat="true">
           <FPM_PRIMARY_ATTRIBUTE Final="5 ">_GENP_00155D36F2031ED78AF15308800C5A53</FPM_PRIMARY_ATTRIBUTE>
           <EVENT_ID>CT_TOP</EVENT_ID>
           <INDEX>1</INDEX>
          </Item>
         </Node>
        </Item>
        <Item Index="000002" SimpleFormat="true">
         <ELEMENT_ID Final="5 ">_GENP_00155D36F2031ED78AF15308800C7A53</ELEMENT_ID>
         <DISPLAY_TYPE>BT</DISPLAY_TYPE>
         <INDEX>2</INDEX>
         <SPECIAL_PROPERTIES>﻿&lt;?xml version=&quot;1.0&quot; encoding=&quot;utf-16&quot;?&gt;&lt;asx:abap xmlns:asx=&quot;http://www.sap.com/abapxml&quot; version=&quot;1.0&quot;&gt;&lt;asx:values&gt;&lt;BN1&gt;&lt;ALIGNMENT&gt;03&lt;/ALIGNMENT&gt;&lt;PASSWORD_FIELD/&gt;&lt;WRAPPING/&gt;&lt;TEXT_VIEW_LAYOUT&gt;01&lt;/TEXT_VIEW_LAYOUT&gt;&lt;TEXTVIEW_SEM_COL&gt;00&lt;/TEXTVIEW_SEM_COL&gt;&lt;TEXT_VIEW_DESIGN&gt;09&lt;/TEXT_VIEW_DESIGN&gt;&lt;BUTTON_DESIGN&gt;00&lt;/BUTTON_DESIGN&gt;&lt;IMAGE_SOURCE&gt;~Icon/MoveUp&lt;/IMAGE_SOURCE&gt;&lt;IMAGE_SOURCE_CHECKED/&gt;&lt;LINK_TYPE&gt;00&lt;/LINK_TYPE&gt;&lt;COL_COUNT&gt;40&lt;/COL_COUNT&gt;&lt;ROW_COUNT&gt;5&lt;/ROW_COUNT&gt;&lt;TEXT_WRAPPING&gt;02&lt;/TEXT_WRAPPING&gt;&lt;TARGET/&gt;&lt;LINK_DESIGN&gt;00&lt;/LINK_DESIGN&gt;&lt;TOGGLE_BUTTON_DESIGN&gt;00&lt;/TOGGLE_BUTTON_DESIGN&gt;&lt;DEPENDENT_CHECKBOX/&gt;&lt;REPEAT_SEL_ACTION/&gt;&lt;HOTKEY&gt;00&lt;/HOTKEY&gt;&lt;BORDER&gt;0&lt;/BORDER&gt;&lt;MAX_TICK_MARKS&gt;0&lt;/MAX_TICK_MARKS&gt;&lt;SHOW_TICK_MARKS/&gt;&lt;UNIT_WIDTH&gt;0&lt;/UNIT_WIDTH&gt;&lt;TICK_MARK_SPACING&gt;0&lt;/TICK_MARK_SPACING&gt;&lt;THRESHOLDS/&gt;&lt;SUGGEST_FILTER_METHOD&gt;00&lt;/SUGGEST_FILTER_METHOD&gt;&lt;SUGGEST_VALUES/&gt;&lt;DISPLAY_AS_TEXT/&gt;&lt;MIME_TYPE/&gt;&lt;TOOLBAR_BUTTON_DESIGN&gt;00&lt;/TOOLBAR_BUTTON_DESIGN&gt;&lt;KEY_VISIBLE/&gt;&lt;HIDE_VALUE/&gt;&lt;VIRUS_SCAN_PROFILE/&gt;&lt;ACTION_MENU_ID/&gt;&lt;HIDE_TEXT/&gt;&lt;QUICKVIEW_ID/&gt;&lt;QUICKVIEW_IMAGE_REF/&gt;&lt;SELECTED_ACTION_ITEM/&gt;&lt;ALT_DDIC_SHLP_NAME/&gt;&lt;SEMANTIC_OBJECT/&gt;&lt;IMAGE_IS_DECORATIVE/&gt;&lt;/BN1&gt;&lt;/asx:values&gt;&lt;/asx:abap&gt;</SPECIAL_PROPERTIES>
         <Node Name="BUTTON_ACTION" SimpleFormat="true">
          <Item Index="000001" SimpleFormat="true">
           <FPM_PRIMARY_ATTRIBUTE Final="5 ">_GENP_00155D36F2031ED78AF15308800C9A53</FPM_PRIMARY_ATTRIBUTE>
           <EVENT_ID>CT_UP</EVENT_ID>
           <INDEX>1</INDEX>
          </Item>
         </Node>
        </Item>
        <Item Index="000003" SimpleFormat="true">
         <ELEMENT_ID Final="5 ">_GENP_00155D36F2031ED78AF15308800BFA53</ELEMENT_ID>
         <DISPLAY_TYPE>BT</DISPLAY_TYPE>
         <INDEX>3</INDEX>
         <SPECIAL_PROPERTIES>﻿&lt;?xml version=&quot;1.0&quot; encoding=&quot;utf-16&quot;?&gt;&lt;asx:abap xmlns:asx=&quot;http://www.sap.com/abapxml&quot; version=&quot;1.0&quot;&gt;&lt;asx:values&gt;&lt;BN1&gt;&lt;ALIGNMENT&gt;03&lt;/ALIGNMENT&gt;&lt;PASSWORD_FIELD/&gt;&lt;WRAPPING/&gt;&lt;TEXT_VIEW_LAYOUT&gt;01&lt;/TEXT_VIEW_LAYOUT&gt;&lt;TEXTVIEW_SEM_COL&gt;00&lt;/TEXTVIEW_SEM_COL&gt;&lt;TEXT_VIEW_DESIGN&gt;09&lt;/TEXT_VIEW_DESIGN&gt;&lt;BUTTON_DESIGN&gt;00&lt;/BUTTON_DESIGN&gt;&lt;IMAGE_SOURCE&gt;~Icon/MoveDown&lt;/IMAGE_SOURCE&gt;&lt;IMAGE_SOURCE_CHECKED/&gt;&lt;LINK_TYPE&gt;00&lt;/LINK_TYPE&gt;&lt;COL_COUNT&gt;40&lt;/COL_COUNT&gt;&lt;ROW_COUNT&gt;5&lt;/ROW_COUNT&gt;&lt;TEXT_WRAPPING&gt;02&lt;/TEXT_WRAPPING&gt;&lt;TARGET/&gt;&lt;LINK_DESIGN&gt;00&lt;/LINK_DESIGN&gt;&lt;TOGGLE_BUTTON_DESIGN&gt;00&lt;/TOGGLE_BUTTON_DESIGN&gt;&lt;DEPENDENT_CHECKBOX/&gt;&lt;REPEAT_SEL_ACTION/&gt;&lt;HOTKEY&gt;00&lt;/HOTKEY&gt;&lt;BORDER&gt;0&lt;/BORDER&gt;&lt;MAX_TICK_MARKS&gt;0&lt;/MAX_TICK_MARKS&gt;&lt;SHOW_TICK_MARKS/&gt;&lt;UNIT_WIDTH&gt;0&lt;/UNIT_WIDTH&gt;&lt;TICK_MARK_SPACING&gt;0&lt;/TICK_MARK_SPACING&gt;&lt;THRESHOLDS/&gt;&lt;SUGGEST_FILTER_METHOD&gt;00&lt;/SUGGEST_FILTER_METHOD&gt;&lt;SUGGEST_VALUES/&gt;&lt;DISPLAY_AS_TEXT/&gt;&lt;MIME_TYPE/&gt;&lt;TOOLBAR_BUTTON_DESIGN&gt;00&lt;/TOOLBAR_BUTTON_DESIGN&gt;&lt;KEY_VISIBLE/&gt;&lt;HIDE_VALUE/&gt;&lt;VIRUS_SCAN_PROFILE/&gt;&lt;ACTION_MENU_ID/&gt;&lt;HIDE_TEXT/&gt;&lt;QUICKVIEW_ID/&gt;&lt;QUICKVIEW_IMAGE_REF/&gt;&lt;SELECTED_ACTION_ITEM/&gt;&lt;ALT_DDIC_SHLP_NAME/&gt;&lt;SEMANTIC_OBJECT/&gt;&lt;IMAGE_IS_DECORATIVE/&gt;&lt;/BN1&gt;&lt;/asx:values&gt;&lt;/asx:abap&gt;</SPECIAL_PROPERTIES>
         <Node Name="BUTTON_ACTION" SimpleFormat="true">
          <Item Index="000001" SimpleFormat="true">
           <FPM_PRIMARY_ATTRIBUTE Final="5 ">_GENP_00155D36F2031ED78AF15308800C1A53</FPM_PRIMARY_ATTRIBUTE>
           <EVENT_ID>CT_DOWN</EVENT_ID>
           <INDEX>1</INDEX>
          </Item>
         </Node>
        </Item>
        <Item Index="000004" SimpleFormat="true">
         <ELEMENT_ID Final="5 ">_GENP_00155D36F2031ED78AF15308800BBA53</ELEMENT_ID>
         <DISPLAY_TYPE>BT</DISPLAY_TYPE>
         <INDEX>4</INDEX>
         <SPECIAL_PROPERTIES>﻿&lt;?xml version=&quot;1.0&quot; encoding=&quot;utf-16&quot;?&gt;&lt;asx:abap xmlns:asx=&quot;http://www.sap.com/abapxml&quot; version=&quot;1.0&quot;&gt;&lt;asx:values&gt;&lt;BN1&gt;&lt;ALIGNMENT&gt;03&lt;/ALIGNMENT&gt;&lt;PASSWORD_FIELD/&gt;&lt;WRAPPING/&gt;&lt;TEXT_VIEW_LAYOUT&gt;01&lt;/TEXT_VIEW_LAYOUT&gt;&lt;TEXTVIEW_SEM_COL&gt;00&lt;/TEXTVIEW_SEM_COL&gt;&lt;TEXT_VIEW_DESIGN&gt;09&lt;/TEXT_VIEW_DESIGN&gt;&lt;BUTTON_DESIGN&gt;00&lt;/BUTTON_DESIGN&gt;&lt;IMAGE_SOURCE&gt;~Icon/MoveItemToBottom&lt;/IMAGE_SOURCE&gt;&lt;IMAGE_SOURCE_CHECKED/&gt;&lt;LINK_TYPE&gt;00&lt;/LINK_TYPE&gt;&lt;COL_COUNT&gt;40&lt;/COL_COUNT&gt;&lt;ROW_COUNT&gt;5&lt;/ROW_COUNT&gt;&lt;TEXT_WRAPPING&gt;02&lt;/TEXT_WRAPPING&gt;&lt;TARGET/&gt;&lt;LINK_DESIGN&gt;00&lt;/LINK_DESIGN&gt;&lt;TOGGLE_BUTTON_DESIGN&gt;00&lt;/TOGGLE_BUTTON_DESIGN&gt;&lt;DEPENDENT_CHECKBOX/&gt;&lt;REPEAT_SEL_ACTION/&gt;&lt;HOTKEY&gt;00&lt;/HOTKEY&gt;&lt;BORDER&gt;0&lt;/BORDER&gt;&lt;MAX_TICK_MARKS&gt;0&lt;/MAX_TICK_MARKS&gt;&lt;SHOW_TICK_MARKS/&gt;&lt;UNIT_WIDTH&gt;0&lt;/UNIT_WIDTH&gt;&lt;TICK_MARK_SPACING&gt;0&lt;/TICK_MARK_SPACING&gt;&lt;THRESHOLDS/&gt;&lt;SUGGEST_FILTER_METHOD&gt;00&lt;/SUGGEST_FILTER_METHOD&gt;&lt;SUGGEST_VALUES/&gt;&lt;DISPLAY_AS_TEXT/&gt;&lt;MIME_TYPE/&gt;&lt;TOOLBAR_BUTTON_DESIGN&gt;00&lt;/TOOLBAR_BUTTON_DESIGN&gt;&lt;KEY_VISIBLE/&gt;&lt;HIDE_VALUE/&gt;&lt;VIRUS_SCAN_PROFILE/&gt;&lt;ACTION_MENU_ID/&gt;&lt;HIDE_TEXT/&gt;&lt;QUICKVIEW_ID/&gt;&lt;QUICKVIEW_IMAGE_REF/&gt;&lt;SELECTED_ACTION_ITEM/&gt;&lt;ALT_DDIC_SHLP_NAME/&gt;&lt;SEMANTIC_OBJECT/&gt;&lt;IMAGE_IS_DECORATIVE/&gt;&lt;/BN1&gt;&lt;/asx:values&gt;&lt;/asx:abap&gt;</SPECIAL_PROPERTIES>
         <Node Name="BUTTON_ACTION" SimpleFormat="true">
          <Item Index="000001" SimpleFormat="true">
           <FPM_PRIMARY_ATTRIBUTE Final="5 ">_GENP_00155D36F2031ED78AF15308800BDA53</FPM_PRIMARY_ATTRIBUTE>
           <EVENT_ID>CT_BOTTOM</EVENT_ID>
           <INDEX>1</INDEX>
          </Item>
         </Node>
        </Item>
        <Item Index="000005" SimpleFormat="true">
         <ELEMENT_ID Final="5 ">_GENP_00155D36F2031ED789BFCE1668541A53</ELEMENT_ID>
         <DISPLAY_TYPE>BT</DISPLAY_TYPE>
         <INDEX>5</INDEX>
         <Node Name="BUTTON_ACTION" SimpleFormat="true">
          <Item Index="000001" SimpleFormat="true">
           <FPM_PRIMARY_ATTRIBUTE Final="5 ">_GENP_00155D36F2031ED789BFCE1668543A53</FPM_PRIMARY_ATTRIBUTE>
           <EVENT_ID>CT_ADD</EVENT_ID>
           <INDEX>1</INDEX>
          </Item>
         </Node>
        </Item>
        <Item Index="000006" SimpleFormat="true">
         <ELEMENT_ID Final="5 ">_GENP_00155D36F2031ED789BFCE1668545A53</ELEMENT_ID>
         <DISPLAY_TYPE>BT</DISPLAY_TYPE>
         <INDEX>6</INDEX>
         <SPECIAL_PROPERTIES>﻿&lt;?xml version=&quot;1.0&quot; encoding=&quot;utf-16&quot;?&gt;&lt;asx:abap xmlns:asx=&quot;http://www.sap.com/abapxml&quot; version=&quot;1.0&quot;&gt;&lt;asx:values&gt;&lt;BN1&gt;&lt;ALIGNMENT&gt;03&lt;/ALIGNMENT&gt;&lt;PASSWORD_FIELD/&gt;&lt;WRAPPING/&gt;&lt;TEXT_VIEW_LAYOUT&gt;01&lt;/TEXT_VIEW_LAYOUT&gt;&lt;TEXTVIEW_SEM_COL&gt;00&lt;/TEXTVIEW_SEM_COL&gt;&lt;TEXT_VIEW_DESIGN&gt;09&lt;/TEXT_VIEW_DESIGN&gt;&lt;BUTTON_DESIGN&gt;00&lt;/BUTTON_DESIGN&gt;&lt;IMAGE_SOURCE&gt;~Icon/Delete&lt;/IMAGE_SOURCE&gt;&lt;IMAGE_SOURCE_CHECKED/&gt;&lt;LINK_TYPE&gt;00&lt;/LINK_TYPE&gt;&lt;COL_COUNT&gt;40&lt;/COL_COUNT&gt;&lt;ROW_COUNT&gt;5&lt;/ROW_COUNT&gt;&lt;TEXT_WRAPPING&gt;02&lt;/TEXT_WRAPPING&gt;&lt;TARGET/&gt;&lt;LINK_DESIGN&gt;00&lt;/LINK_DESIGN&gt;&lt;TOGGLE_BUTTON_DESIGN&gt;00&lt;/TOGGLE_BUTTON_DESIGN&gt;&lt;DEPENDENT_CHECKBOX/&gt;&lt;REPEAT_SEL_ACTION/&gt;&lt;HOTKEY&gt;00&lt;/HOTKEY&gt;&lt;BORDER&gt;0&lt;/BORDER&gt;&lt;MAX_TICK_MARKS&gt;0&lt;/MAX_TICK_MARKS&gt;&lt;SHOW_TICK_MARKS/&gt;&lt;UNIT_WIDTH&gt;0&lt;/UNIT_WIDTH&gt;&lt;TICK_MARK_SPACING&gt;0&lt;/TICK_MARK_SPACING&gt;&lt;THRESHOLDS/&gt;&lt;SUGGEST_FILTER_METHOD&gt;00&lt;/SUGGEST_FILTER_METHOD&gt;&lt;SUGGEST_VALUES/&gt;&lt;DISPLAY_AS_TEXT/&gt;&lt;MIME_TYPE/&gt;&lt;TOOLBAR_BUTTON_DESIGN&gt;00&lt;/TOOLBAR_BUTTON_DESIGN&gt;&lt;KEY_VISIBLE/&gt;&lt;HIDE_VALUE/&gt;&lt;VIRUS_SCAN_PROFILE/&gt;&lt;ACTION_MENU_ID/&gt;&lt;HIDE_TEXT/&gt;&lt;QUICKVIEW_ID/&gt;&lt;QUICKVIEW_IMAGE_REF/&gt;&lt;SELECTED_ACTION_ITEM/&gt;&lt;ALT_DDIC_SHLP_NAME/&gt;&lt;SEMANTIC_OBJECT/&gt;&lt;IMAGE_IS_DECORATIVE/&gt;&lt;/BN1&gt;&lt;/asx:values&gt;&lt;/asx:abap&gt;</SPECIAL_PROPERTIES>
         <Node Name="BUTTON_ACTION" SimpleFormat="true">
          <Item Index="000001" SimpleFormat="true">
           <FPM_PRIMARY_ATTRIBUTE Final="5 ">_GENP_00155D36F2031ED789BFCE1668547A53</FPM_PRIMARY_ATTRIBUTE>
           <EVENT_ID>CT_DEL</EVENT_ID>
           <INDEX>1</INDEX>
          </Item>
         </Node>
        </Item>
       </Node>
      </Item>
     </Node>
     <Node Name="COLUMN" SimpleFormat="true">
      <Item Index="000001" SimpleFormat="true">
       <ELEMENT_ID Final="5 ">_GENP_00155D36F2031ED786E0A471A2E19A53</ELEMENT_ID>
       <NAME>NCA_COMP_ID</NAME>
       <DISPLAY_TYPE>TV</DISPLAY_TYPE>
       <INDEX>1</INDEX>
       <HEADER Transl="true"/>
       <SPECIAL_PROPERTIES/>
       <WIDTH>90</WIDTH>
       <TAG_ACTIVE/>
       <TAG/>
       <TOOLTIP Transl="true"/>
       <VISIBILITY/>
       <FIXED>01</FIXED>
       <TOOLTIP_HEADER Transl="true"/>
       <CTXT_MENU_ID/>
       <INSTANCE_STYLE/>
       <HEADER_INSTANCE_STYLE/>
       <Node Name="COLUMN_ACTION" SimpleFormat="true"/>
      </Item>
      <Item Index="000002" SimpleFormat="true">
       <ELEMENT_ID Final="5 ">_GENP_00155D36F2031ED786E0A83A70299A53</ELEMENT_ID>
       <NAME>COMPONENT_TYPE</NAME>
       <DISPLAY_TYPE>DD</DISPLAY_TYPE>
       <INDEX>2</INDEX>
       <HEADER Transl="true"/>
       <SPECIAL_PROPERTIES/>
       <WIDTH>110</WIDTH>
       <TAG_ACTIVE/>
       <TAG/>
       <TOOLTIP Transl="true"/>
       <VISIBILITY/>
       <FIXED>01</FIXED>
       <TOOLTIP_HEADER Transl="true"/>
       <CTXT_MENU_ID/>
       <INSTANCE_STYLE/>
       <HEADER_INSTANCE_STYLE/>
       <Node Name="COLUMN_ACTION" SimpleFormat="true"/>
      </Item>
      <Item Index="000003" SimpleFormat="true">
       <ELEMENT_ID Final="5 ">_GENP_00155D36F2031ED9BDE612978FAB5A54</ELEMENT_ID>
       <NAME>LENGTH</NAME>
       <DISPLAY_TYPE>IN</DISPLAY_TYPE>
       <INDEX>3</INDEX>
       <HEADER Transl="true"/>
       <SPECIAL_PROPERTIES/>
       <WIDTH>35</WIDTH>
       <TAG_ACTIVE/>
       <TAG/>
       <TOOLTIP Transl="true"/>
       <VISIBILITY/>
       <FIXED>01</FIXED>
       <TOOLTIP_HEADER Transl="true"/>
       <CTXT_MENU_ID/>
       <INSTANCE_STYLE/>
       <HEADER_INSTANCE_STYLE/>
       <Node Name="COLUMN_ACTION" SimpleFormat="true"/>
      </Item>
      <Item Index="000004" SimpleFormat="true">
       <ELEMENT_ID Final="5 ">_GENP_00155D36F2031ED9BFE97EF05154FA54</ELEMENT_ID>
       <NAME>DECIMALS</NAME>
       <DISPLAY_TYPE>DD</DISPLAY_TYPE>
       <INDEX>4</INDEX>
       <HEADER Transl="true"/>
       <SPECIAL_PROPERTIES>﻿&lt;?xml version=&quot;1.0&quot; encoding=&quot;utf-16&quot;?&gt;&lt;asx:abap xmlns:asx=&quot;http://www.sap.com/abapxml&quot; version=&quot;1.0&quot;&gt;&lt;asx:values&gt;&lt;BN1&gt;&lt;ALIGNMENT&gt;03&lt;/ALIGNMENT&gt;&lt;PASSWORD_FIELD/&gt;&lt;WRAPPING/&gt;&lt;TEXT_VIEW_LAYOUT&gt;01&lt;/TEXT_VIEW_LAYOUT&gt;&lt;TEXTVIEW_SEM_COL&gt;00&lt;/TEXTVIEW_SEM_COL&gt;&lt;TEXT_VIEW_DESIGN&gt;09&lt;/TEXT_VIEW_DESIGN&gt;&lt;BUTTON_DESIGN&gt;00&lt;/BUTTON_DESIGN&gt;&lt;IMAGE_SOURCE/&gt;&lt;IMAGE_SOURCE_CHECKED/&gt;&lt;LINK_TYPE&gt;00&lt;/LINK_TYPE&gt;&lt;COL_COUNT&gt;40&lt;/COL_COUNT&gt;&lt;ROW_COUNT&gt;5&lt;/ROW_COUNT&gt;&lt;TEXT_WRAPPING&gt;02&lt;/TEXT_WRAPPING&gt;&lt;TARGET/&gt;&lt;LINK_DESIGN&gt;00&lt;/LINK_DESIGN&gt;&lt;TOGGLE_BUTTON_DESIGN&gt;00&lt;/TOGGLE_BUTTON_DESIGN&gt;&lt;DEPENDENT_CHECKBOX/&gt;&lt;REPEAT_SEL_ACTION/&gt;&lt;HOTKEY&gt;00&lt;/HOTKEY&gt;&lt;BORDER&gt;0&lt;/BORDER&gt;&lt;MAX_TICK_MARKS&gt;0&lt;/MAX_TICK_MARKS&gt;&lt;SHOW_TICK_MARKS/&gt;&lt;UNIT_WIDTH&gt;0&lt;/UNIT_WIDTH&gt;&lt;TICK_MARK_SPACING&gt;0&lt;/TICK_MARK_SPACING&gt;&lt;THRESHOLDS/&gt;&lt;SUGGEST_FILTER_METHOD&gt;00&lt;/SUGGEST_FILTER_METHOD&gt;&lt;SUGGEST_VALUES/&gt;&lt;DISPLAY_AS_TEXT&gt;X&lt;/DISPLAY_AS_TEXT&gt;&lt;MIME_TYPE/&gt;&lt;TOOLBAR_BUTTON_DESIGN&gt;00&lt;/TOOLBAR_BUTTON_DESIGN&gt;&lt;KEY_VISIBLE/&gt;&lt;HIDE_VALUE/&gt;&lt;VIRUS_SCAN_PROFILE/&gt;&lt;ACTION_MENU_ID/&gt;&lt;HIDE_TEXT/&gt;&lt;QUICKVIEW_ID/&gt;&lt;QUICKVIEW_IMAGE_REF/&gt;&lt;SELECTED_ACTION_ITEM/&gt;&lt;ALT_DDIC_SHLP_NAME/&gt;&lt;SEMANTIC_OBJECT/&gt;&lt;IMAGE_IS_DECORATIVE/&gt;&lt;/BN1&gt;&lt;/asx:values&gt;&lt;/asx:abap&gt;</SPECIAL_PROPERTIES>
       <WIDTH>35</WIDTH>
       <TAG_ACTIVE/>
       <TAG/>
       <TOOLTIP Transl="true"/>
       <VISIBILITY/>
       <FIXED>01</FIXED>
       <TOOLTIP_HEADER Transl="true"/>
       <CTXT_MENU_ID/>
       <INSTANCE_STYLE/>
       <HEADER_INSTANCE_STYLE/>
       <Node Name="COLUMN_ACTION" SimpleFormat="true"/>
      </Item>
      <Item Index="000005" SimpleFormat="true">
       <ELEMENT_ID Final="5 ">_GENP_00155D36F2031EDA80E3D891FC3B5A54</ELEMENT_ID>
       <NAME>WIDTH</NAME>
       <DISPLAY_TYPE>IN</DISPLAY_TYPE>
       <INDEX>5</INDEX>
       <HEADER Transl="true"/>
       <SPECIAL_PROPERTIES/>
       <WIDTH>40</WIDTH>
       <TAG_ACTIVE/>
       <TAG/>
       <TOOLTIP Transl="true"/>
       <VISIBILITY/>
       <FIXED>01</FIXED>
       <TOOLTIP_HEADER Transl="true"/>
       <CTXT_MENU_ID/>
       <INSTANCE_STYLE/>
       <HEADER_INSTANCE_STYLE/>
       <Node Name="COLUMN_ACTION" SimpleFormat="true"/>
      </Item>
      <Item Index="000006" SimpleFormat="true">
       <ELEMENT_ID Final="5 ">_GENP_00155D36F2031ED796ED8DBEBB289A53</ELEMENT_ID>
       <NAME>DEFAULT_DISPLAY_TYPE</NAME>
       <DISPLAY_TYPE>DD</DISPLAY_TYPE>
       <INDEX>6</INDEX>
       <HEADER Transl="true"/>
       <SPECIAL_PROPERTIES/>
       <WIDTH>110</WIDTH>
       <TAG_ACTIVE/>
       <TAG/>
       <TOOLTIP Transl="true"/>
       <VISIBILITY/>
       <FIXED>01</FIXED>
       <TOOLTIP_HEADER Transl="true"/>
       <CTXT_MENU_ID/>
       <INSTANCE_STYLE/>
       <HEADER_INSTANCE_STYLE/>
       <Node Name="COLUMN_ACTION" SimpleFormat="true"/>
      </Item>
      <Item Index="000007" SimpleFormat="true">
       <ELEMENT_ID Final="5 ">_GENP_00155D36F2031ED78ABD363FF7679A53</ELEMENT_ID>
       <NAME>DESCRIPTION</NAME>
       <DISPLAY_TYPE>IN</DISPLAY_TYPE>
       <INDEX>7</INDEX>
       <HEADER Transl="true"/>
       <SPECIAL_PROPERTIES/>
       <WIDTH/>
       <TAG_ACTIVE/>
       <TAG/>
       <TOOLTIP Transl="true"/>
       <VISIBILITY/>
       <FIXED>01</FIXED>
       <TOOLTIP_HEADER Transl="true"/>
       <CTXT_MENU_ID/>
       <INSTANCE_STYLE/>
       <HEADER_INSTANCE_STYLE/>
       <Node Name="COLUMN_ACTION" SimpleFormat="true"/>
      </Item>
      <Item Index="000008" SimpleFormat="true">
       <ELEMENT_ID Final="5 ">_GENP_00155D36F2031ED7BBE5FBF9F3EC5A54</ELEMENT_ID>
       <NAME>VISIBILITY</NAME>
       <DISPLAY_TYPE>DD</DISPLAY_TYPE>
       <INDEX>8</INDEX>
       <HEADER Transl="true"/>
       <SPECIAL_PROPERTIES/>
       <WIDTH>90</WIDTH>
       <TAG_ACTIVE/>
       <TAG/>
       <TOOLTIP Transl="true"/>
       <VISIBILITY/>
       <FIXED>01</FIXED>
       <TOOLTIP_HEADER Transl="true"/>
       <CTXT_MENU_ID/>
       <INSTANCE_STYLE/>
       <HEADER_INSTANCE_STYLE/>
       <Node Name="COLUMN_ACTION" SimpleFormat="true"/>
      </Item>
      <Item Index="000009" SimpleFormat="true">
       <ELEMENT_ID Final="5 ">_GENP_00155D36F2031ED7BBE5F9002AEF9A54</ELEMENT_ID>
       <NAME>MANDATORY</NAME>
       <DISPLAY_TYPE>CB</DISPLAY_TYPE>
       <INDEX>9</INDEX>
       <HEADER Transl="true"/>
       <SPECIAL_PROPERTIES/>
       <WIDTH>90</WIDTH>
       <TAG_ACTIVE/>
       <TAG/>
       <TOOLTIP Transl="true"/>
       <VISIBILITY/>
       <FIXED>01</FIXED>
       <TOOLTIP_HEADER Transl="true"/>
       <CTXT_MENU_ID/>
       <INSTANCE_STYLE/>
       <HEADER_INSTANCE_STYLE/>
       <Node Name="COLUMN_ACTION" SimpleFormat="true"/>
      </Item>
      <Item Index="000010" SimpleFormat="true">
       <ELEMENT_ID Final="5 ">_GENP_00155D36F2031ED789BF76BB8E1E5A53</ELEMENT_ID>
       <NAME>SEARCH_INPUT</NAME>
       <DISPLAY_TYPE>CB</DISPLAY_TYPE>
       <INDEX>10</INDEX>
       <HEADER Transl="true"/>
       <SPECIAL_PROPERTIES/>
       <WIDTH>90</WIDTH>
       <TAG_ACTIVE/>
       <TAG/>
       <TOOLTIP Transl="true"/>
       <VISIBILITY/>
       <FIXED>01</FIXED>
       <TOOLTIP_HEADER Transl="true"/>
       <CTXT_MENU_ID/>
       <INSTANCE_STYLE/>
       <HEADER_INSTANCE_STYLE/>
       <Node Name="COLUMN_ACTION" SimpleFormat="true"/>
      </Item>
      <Item Index="000011" SimpleFormat="true">
       <ELEMENT_ID Final="5 ">_GENP_00155D36F2031ED789BF77F250EB1A53</ELEMENT_ID>
       <NAME>SEARCH_RESULT</NAME>
       <DISPLAY_TYPE>CB</DISPLAY_TYPE>
       <INDEX>11</INDEX>
       <HEADER Transl="true"/>
       <SPECIAL_PROPERTIES/>
       <WIDTH>90</WIDTH>
       <TAG_ACTIVE/>
       <TAG/>
       <TOOLTIP Transl="true"/>
       <VISIBILITY/>
       <FIXED>01</FIXED>
       <TOOLTIP_HEADER Transl="true"/>
       <CTXT_MENU_ID/>
       <INSTANCE_STYLE/>
       <HEADER_INSTANCE_STYLE/>
       <Node Name="COLUMN_ACTION" SimpleFormat="true"/>
      </Item>
      <Item Index="000012" SimpleFormat="true">
       <ELEMENT_ID Final="5 ">_GENP_00155D36F2031ED7BBE69048BC455A54</ELEMENT_ID>
       <NAME>READ_ONLY</NAME>
       <DISPLAY_TYPE>CB</DISPLAY_TYPE>
       <INDEX>12</INDEX>
       <HEADER Transl="true"/>
       <SPECIAL_PROPERTIES/>
       <WIDTH>90</WIDTH>
       <TAG_ACTIVE/>
       <TAG/>
       <TOOLTIP Transl="true"/>
       <VISIBILITY/>
       <FIXED>01</FIXED>
       <TOOLTIP_HEADER Transl="true"/>
       <CTXT_MENU_ID/>
       <INSTANCE_STYLE/>
       <HEADER_INSTANCE_STYLE/>
       <Node Name="COLUMN_ACTION" SimpleFormat="true"/>
      </Item>
     </Node>
     <Node Name="CTXT_MENU" SimpleFormat="true"/>
     <Node Name="DRAG_DROP" SimpleFormat="true"/>
     <Node Name="PARAMETER" SimpleFormat="true"/>
     <Node Name="QUICKVIEW" SimpleFormat="true"/>
     <Node Name="ROW_ACTIONS" SimpleFormat="true"/>
     <Node Name="SETTINGS" SimpleFormat="true">
      <Item Index="000001" SimpleFormat="true">
       <EXPORT_FORMAT>XLSX</EXPORT_FORMAT>
       <SEL_EVENT_TYPE>X</SEL_EVENT_TYPE>
       <CHECK_MANDATORY>X</CHECK_MANDATORY>
       <ALLOW_CREATING_VIEWS>X</ALLOW_CREATING_VIEWS>
       <HAS_MAX_MIN_BUTTON>X</HAS_MAX_MIN_BUTTON>
       <HEIGHT_MODE_ATS/>
       <VISIBLE_ROW_COUNT>12</VISIBLE_ROW_COUNT>
       <FIT_TO_TABLE_WIDTH>X</FIT_TO_TABLE_WIDTH>
      </Item>
     </Node>
    </Item>
   </Node>
  </Item>
 </Node>
</Component>
