﻿<?xml version="1.0" encoding="utf-8"?>
<Component Name="FPM_LIST_UIBB_ATS" ConfId="ZWDCC_NCA_CONFIG_GUIBBL_APP_RP" ConfType="00" ConfVar="">
 <Node Name="CONFIGURATION_CONTEXT" SimpleFormat="true">
  <Item Index="000001" SimpleFormat="true">
   <Node Name="LIST" SimpleFormat="true">
    <Item Index="000001" SimpleFormat="true">
     <FEEDER>ZCL_NCA_CONFIG_GUIBBL_APP_RP</FEEDER>
     <Node Name="BUTTON_ROW" SimpleFormat="true">
      <Item Index="000001" SimpleFormat="true">
       <Node Name="BUTTON_ROW_ELEMENT" SimpleFormat="true">
        <Item Index="000001" SimpleFormat="true">
         <ELEMENT_ID Final="5 ">_GENP_00155D36F2031ED889C475FA79EDDA54</ELEMENT_ID>
         <DISPLAY_TYPE>BT</DISPLAY_TYPE>
         <INDEX>1</INDEX>
         <SPECIAL_PROPERTIES>﻿&lt;?xml version=&quot;1.0&quot; encoding=&quot;utf-16&quot;?&gt;&lt;asx:abap xmlns:asx=&quot;http://www.sap.com/abapxml&quot; version=&quot;1.0&quot;&gt;&lt;asx:values&gt;&lt;BN1&gt;&lt;ALIGNMENT&gt;03&lt;/ALIGNMENT&gt;&lt;PASSWORD_FIELD/&gt;&lt;WRAPPING/&gt;&lt;TEXT_VIEW_LAYOUT&gt;01&lt;/TEXT_VIEW_LAYOUT&gt;&lt;TEXTVIEW_SEM_COL&gt;00&lt;/TEXTVIEW_SEM_COL&gt;&lt;TEXT_VIEW_DESIGN&gt;09&lt;/TEXT_VIEW_DESIGN&gt;&lt;BUTTON_DESIGN&gt;00&lt;/BUTTON_DESIGN&gt;&lt;IMAGE_SOURCE&gt;~Icon/MoveItemToTop&lt;/IMAGE_SOURCE&gt;&lt;IMAGE_SOURCE_CHECKED/&gt;&lt;LINK_TYPE&gt;00&lt;/LINK_TYPE&gt;&lt;COL_COUNT&gt;40&lt;/COL_COUNT&gt;&lt;ROW_COUNT&gt;5&lt;/ROW_COUNT&gt;&lt;TEXT_WRAPPING&gt;02&lt;/TEXT_WRAPPING&gt;&lt;TARGET/&gt;&lt;LINK_DESIGN&gt;00&lt;/LINK_DESIGN&gt;&lt;TOGGLE_BUTTON_DESIGN&gt;00&lt;/TOGGLE_BUTTON_DESIGN&gt;&lt;DEPENDENT_CHECKBOX/&gt;&lt;REPEAT_SEL_ACTION/&gt;&lt;HOTKEY&gt;00&lt;/HOTKEY&gt;&lt;BORDER&gt;0&lt;/BORDER&gt;&lt;MAX_TICK_MARKS&gt;0&lt;/MAX_TICK_MARKS&gt;&lt;SHOW_TICK_MARKS/&gt;&lt;UNIT_WIDTH&gt;0&lt;/UNIT_WIDTH&gt;&lt;TICK_MARK_SPACING&gt;0&lt;/TICK_MARK_SPACING&gt;&lt;THRESHOLDS/&gt;&lt;SUGGEST_FILTER_METHOD&gt;00&lt;/SUGGEST_FILTER_METHOD&gt;&lt;SUGGEST_VALUES/&gt;&lt;DISPLAY_AS_TEXT/&gt;&lt;MIME_TYPE/&gt;&lt;TOOLBAR_BUTTON_DESIGN&gt;00&lt;/TOOLBAR_BUTTON_DESIGN&gt;&lt;KEY_VISIBLE/&gt;&lt;HIDE_VALUE/&gt;&lt;VIRUS_SCAN_PROFILE/&gt;&lt;ACTION_MENU_ID/&gt;&lt;HIDE_TEXT/&gt;&lt;QUICKVIEW_ID/&gt;&lt;QUICKVIEW_IMAGE_REF/&gt;&lt;SELECTED_ACTION_ITEM/&gt;&lt;ALT_DDIC_SHLP_NAME/&gt;&lt;SEMANTIC_OBJECT/&gt;&lt;IMAGE_IS_DECORATIVE/&gt;&lt;/BN1&gt;&lt;/asx:values&gt;&lt;/asx:abap&gt;</SPECIAL_PROPERTIES>
         <Node Name="BUTTON_ACTION" SimpleFormat="true">
          <Item Index="000001" SimpleFormat="true">
           <FPM_PRIMARY_ATTRIBUTE Final="5 ">_GENP_00155D36F2031ED889C475FA79EDFA54</FPM_PRIMARY_ATTRIBUTE>
           <EVENT_ID>CT_TOP</EVENT_ID>
          </Item>
         </Node>
        </Item>
        <Item Index="000002" SimpleFormat="true">
         <ELEMENT_ID Final="5 ">_GENP_00155D36F2031ED889C475FA79EE1A54</ELEMENT_ID>
         <DISPLAY_TYPE>BT</DISPLAY_TYPE>
         <INDEX>2</INDEX>
         <SPECIAL_PROPERTIES>﻿&lt;?xml version=&quot;1.0&quot; encoding=&quot;utf-16&quot;?&gt;&lt;asx:abap xmlns:asx=&quot;http://www.sap.com/abapxml&quot; version=&quot;1.0&quot;&gt;&lt;asx:values&gt;&lt;BN1&gt;&lt;ALIGNMENT&gt;03&lt;/ALIGNMENT&gt;&lt;PASSWORD_FIELD/&gt;&lt;WRAPPING/&gt;&lt;TEXT_VIEW_LAYOUT&gt;01&lt;/TEXT_VIEW_LAYOUT&gt;&lt;TEXTVIEW_SEM_COL&gt;00&lt;/TEXTVIEW_SEM_COL&gt;&lt;TEXT_VIEW_DESIGN&gt;09&lt;/TEXT_VIEW_DESIGN&gt;&lt;BUTTON_DESIGN&gt;00&lt;/BUTTON_DESIGN&gt;&lt;IMAGE_SOURCE&gt;~Icon/MoveUp&lt;/IMAGE_SOURCE&gt;&lt;IMAGE_SOURCE_CHECKED/&gt;&lt;LINK_TYPE&gt;00&lt;/LINK_TYPE&gt;&lt;COL_COUNT&gt;40&lt;/COL_COUNT&gt;&lt;ROW_COUNT&gt;5&lt;/ROW_COUNT&gt;&lt;TEXT_WRAPPING&gt;02&lt;/TEXT_WRAPPING&gt;&lt;TARGET/&gt;&lt;LINK_DESIGN&gt;00&lt;/LINK_DESIGN&gt;&lt;TOGGLE_BUTTON_DESIGN&gt;00&lt;/TOGGLE_BUTTON_DESIGN&gt;&lt;DEPENDENT_CHECKBOX/&gt;&lt;REPEAT_SEL_ACTION/&gt;&lt;HOTKEY&gt;00&lt;/HOTKEY&gt;&lt;BORDER&gt;0&lt;/BORDER&gt;&lt;MAX_TICK_MARKS&gt;0&lt;/MAX_TICK_MARKS&gt;&lt;SHOW_TICK_MARKS/&gt;&lt;UNIT_WIDTH&gt;0&lt;/UNIT_WIDTH&gt;&lt;TICK_MARK_SPACING&gt;0&lt;/TICK_MARK_SPACING&gt;&lt;THRESHOLDS/&gt;&lt;SUGGEST_FILTER_METHOD&gt;00&lt;/SUGGEST_FILTER_METHOD&gt;&lt;SUGGEST_VALUES/&gt;&lt;DISPLAY_AS_TEXT/&gt;&lt;MIME_TYPE/&gt;&lt;TOOLBAR_BUTTON_DESIGN&gt;00&lt;/TOOLBAR_BUTTON_DESIGN&gt;&lt;KEY_VISIBLE/&gt;&lt;HIDE_VALUE/&gt;&lt;VIRUS_SCAN_PROFILE/&gt;&lt;ACTION_MENU_ID/&gt;&lt;HIDE_TEXT/&gt;&lt;QUICKVIEW_ID/&gt;&lt;QUICKVIEW_IMAGE_REF/&gt;&lt;SELECTED_ACTION_ITEM/&gt;&lt;ALT_DDIC_SHLP_NAME/&gt;&lt;SEMANTIC_OBJECT/&gt;&lt;IMAGE_IS_DECORATIVE/&gt;&lt;/BN1&gt;&lt;/asx:values&gt;&lt;/asx:abap&gt;</SPECIAL_PROPERTIES>
         <Node Name="BUTTON_ACTION" SimpleFormat="true">
          <Item Index="000001" SimpleFormat="true">
           <FPM_PRIMARY_ATTRIBUTE Final="5 ">_GENP_00155D36F2031ED889C475FA79EE3A54</FPM_PRIMARY_ATTRIBUTE>
           <EVENT_ID>CT_UP</EVENT_ID>
          </Item>
         </Node>
        </Item>
        <Item Index="000003" SimpleFormat="true">
         <ELEMENT_ID Final="5 ">_GENP_00155D36F2031ED889C475FA79ED9A54</ELEMENT_ID>
         <DISPLAY_TYPE>BT</DISPLAY_TYPE>
         <INDEX>3</INDEX>
         <SPECIAL_PROPERTIES>﻿&lt;?xml version=&quot;1.0&quot; encoding=&quot;utf-16&quot;?&gt;&lt;asx:abap xmlns:asx=&quot;http://www.sap.com/abapxml&quot; version=&quot;1.0&quot;&gt;&lt;asx:values&gt;&lt;BN1&gt;&lt;ALIGNMENT&gt;03&lt;/ALIGNMENT&gt;&lt;PASSWORD_FIELD/&gt;&lt;WRAPPING/&gt;&lt;TEXT_VIEW_LAYOUT&gt;01&lt;/TEXT_VIEW_LAYOUT&gt;&lt;TEXTVIEW_SEM_COL&gt;00&lt;/TEXTVIEW_SEM_COL&gt;&lt;TEXT_VIEW_DESIGN&gt;09&lt;/TEXT_VIEW_DESIGN&gt;&lt;BUTTON_DESIGN&gt;00&lt;/BUTTON_DESIGN&gt;&lt;IMAGE_SOURCE&gt;~Icon/MoveDown&lt;/IMAGE_SOURCE&gt;&lt;IMAGE_SOURCE_CHECKED/&gt;&lt;LINK_TYPE&gt;00&lt;/LINK_TYPE&gt;&lt;COL_COUNT&gt;40&lt;/COL_COUNT&gt;&lt;ROW_COUNT&gt;5&lt;/ROW_COUNT&gt;&lt;TEXT_WRAPPING&gt;02&lt;/TEXT_WRAPPING&gt;&lt;TARGET/&gt;&lt;LINK_DESIGN&gt;00&lt;/LINK_DESIGN&gt;&lt;TOGGLE_BUTTON_DESIGN&gt;00&lt;/TOGGLE_BUTTON_DESIGN&gt;&lt;DEPENDENT_CHECKBOX/&gt;&lt;REPEAT_SEL_ACTION/&gt;&lt;HOTKEY&gt;00&lt;/HOTKEY&gt;&lt;BORDER&gt;0&lt;/BORDER&gt;&lt;MAX_TICK_MARKS&gt;0&lt;/MAX_TICK_MARKS&gt;&lt;SHOW_TICK_MARKS/&gt;&lt;UNIT_WIDTH&gt;0&lt;/UNIT_WIDTH&gt;&lt;TICK_MARK_SPACING&gt;0&lt;/TICK_MARK_SPACING&gt;&lt;THRESHOLDS/&gt;&lt;SUGGEST_FILTER_METHOD&gt;00&lt;/SUGGEST_FILTER_METHOD&gt;&lt;SUGGEST_VALUES/&gt;&lt;DISPLAY_AS_TEXT/&gt;&lt;MIME_TYPE/&gt;&lt;TOOLBAR_BUTTON_DESIGN&gt;00&lt;/TOOLBAR_BUTTON_DESIGN&gt;&lt;KEY_VISIBLE/&gt;&lt;HIDE_VALUE/&gt;&lt;VIRUS_SCAN_PROFILE/&gt;&lt;ACTION_MENU_ID/&gt;&lt;HIDE_TEXT/&gt;&lt;QUICKVIEW_ID/&gt;&lt;QUICKVIEW_IMAGE_REF/&gt;&lt;SELECTED_ACTION_ITEM/&gt;&lt;ALT_DDIC_SHLP_NAME/&gt;&lt;SEMANTIC_OBJECT/&gt;&lt;IMAGE_IS_DECORATIVE/&gt;&lt;/BN1&gt;&lt;/asx:values&gt;&lt;/asx:abap&gt;</SPECIAL_PROPERTIES>
         <Node Name="BUTTON_ACTION" SimpleFormat="true">
          <Item Index="000001" SimpleFormat="true">
           <FPM_PRIMARY_ATTRIBUTE Final="5 ">_GENP_00155D36F2031ED889C475FA79EDBA54</FPM_PRIMARY_ATTRIBUTE>
           <EVENT_ID>CT_DOWN</EVENT_ID>
          </Item>
         </Node>
        </Item>
        <Item Index="000004" SimpleFormat="true">
         <ELEMENT_ID Final="5 ">_GENP_00155D36F2031ED889C475FA79ED5A54</ELEMENT_ID>
         <DISPLAY_TYPE>BT</DISPLAY_TYPE>
         <INDEX>4</INDEX>
         <SPECIAL_PROPERTIES>﻿&lt;?xml version=&quot;1.0&quot; encoding=&quot;utf-16&quot;?&gt;&lt;asx:abap xmlns:asx=&quot;http://www.sap.com/abapxml&quot; version=&quot;1.0&quot;&gt;&lt;asx:values&gt;&lt;BN1&gt;&lt;ALIGNMENT&gt;03&lt;/ALIGNMENT&gt;&lt;PASSWORD_FIELD/&gt;&lt;WRAPPING/&gt;&lt;TEXT_VIEW_LAYOUT&gt;01&lt;/TEXT_VIEW_LAYOUT&gt;&lt;TEXTVIEW_SEM_COL&gt;00&lt;/TEXTVIEW_SEM_COL&gt;&lt;TEXT_VIEW_DESIGN&gt;09&lt;/TEXT_VIEW_DESIGN&gt;&lt;BUTTON_DESIGN&gt;00&lt;/BUTTON_DESIGN&gt;&lt;IMAGE_SOURCE&gt;~Icon/MoveItemToBottom&lt;/IMAGE_SOURCE&gt;&lt;IMAGE_SOURCE_CHECKED/&gt;&lt;LINK_TYPE&gt;00&lt;/LINK_TYPE&gt;&lt;COL_COUNT&gt;40&lt;/COL_COUNT&gt;&lt;ROW_COUNT&gt;5&lt;/ROW_COUNT&gt;&lt;TEXT_WRAPPING&gt;02&lt;/TEXT_WRAPPING&gt;&lt;TARGET/&gt;&lt;LINK_DESIGN&gt;00&lt;/LINK_DESIGN&gt;&lt;TOGGLE_BUTTON_DESIGN&gt;00&lt;/TOGGLE_BUTTON_DESIGN&gt;&lt;DEPENDENT_CHECKBOX/&gt;&lt;REPEAT_SEL_ACTION/&gt;&lt;HOTKEY&gt;00&lt;/HOTKEY&gt;&lt;BORDER&gt;0&lt;/BORDER&gt;&lt;MAX_TICK_MARKS&gt;0&lt;/MAX_TICK_MARKS&gt;&lt;SHOW_TICK_MARKS/&gt;&lt;UNIT_WIDTH&gt;0&lt;/UNIT_WIDTH&gt;&lt;TICK_MARK_SPACING&gt;0&lt;/TICK_MARK_SPACING&gt;&lt;THRESHOLDS/&gt;&lt;SUGGEST_FILTER_METHOD&gt;00&lt;/SUGGEST_FILTER_METHOD&gt;&lt;SUGGEST_VALUES/&gt;&lt;DISPLAY_AS_TEXT/&gt;&lt;MIME_TYPE/&gt;&lt;TOOLBAR_BUTTON_DESIGN&gt;00&lt;/TOOLBAR_BUTTON_DESIGN&gt;&lt;KEY_VISIBLE/&gt;&lt;HIDE_VALUE/&gt;&lt;VIRUS_SCAN_PROFILE/&gt;&lt;ACTION_MENU_ID/&gt;&lt;HIDE_TEXT/&gt;&lt;QUICKVIEW_ID/&gt;&lt;QUICKVIEW_IMAGE_REF/&gt;&lt;SELECTED_ACTION_ITEM/&gt;&lt;ALT_DDIC_SHLP_NAME/&gt;&lt;SEMANTIC_OBJECT/&gt;&lt;IMAGE_IS_DECORATIVE/&gt;&lt;/BN1&gt;&lt;/asx:values&gt;&lt;/asx:abap&gt;</SPECIAL_PROPERTIES>
         <Node Name="BUTTON_ACTION" SimpleFormat="true">
          <Item Index="000001" SimpleFormat="true">
           <FPM_PRIMARY_ATTRIBUTE Final="5 ">_GENP_00155D36F2031ED889C475FA79ED7A54</FPM_PRIMARY_ATTRIBUTE>
           <EVENT_ID>CT_BOTTOM</EVENT_ID>
          </Item>
         </Node>
        </Item>
        <Item Index="000005" SimpleFormat="true">
         <ELEMENT_ID Final="5 ">_GENP_00155D36F2031ED7A1A262421015DA53</ELEMENT_ID>
         <DISPLAY_TYPE>BT</DISPLAY_TYPE>
         <INDEX>5</INDEX>
         <Node Name="BUTTON_ACTION" SimpleFormat="true">
          <Item Index="000001" SimpleFormat="true">
           <FPM_PRIMARY_ATTRIBUTE Final="5 ">_GENP_00155D36F2031ED7A1A262421015FA53</FPM_PRIMARY_ATTRIBUTE>
           <EVENT_ID>UIBB_T_ADD</EVENT_ID>
           <INDEX>1</INDEX>
          </Item>
         </Node>
        </Item>
        <Item Index="000006" SimpleFormat="true">
         <ELEMENT_ID Final="5 ">_GENP_00155D36F2031ED7A1A2624210161A53</ELEMENT_ID>
         <DISPLAY_TYPE>BT</DISPLAY_TYPE>
         <INDEX>6</INDEX>
         <Node Name="BUTTON_ACTION" SimpleFormat="true">
          <Item Index="000001" SimpleFormat="true">
           <FPM_PRIMARY_ATTRIBUTE Final="5 ">_GENP_00155D36F2031ED7A1A2624210163A53</FPM_PRIMARY_ATTRIBUTE>
           <EVENT_ID>UIBB_T_DEL</EVENT_ID>
           <INDEX>1</INDEX>
          </Item>
         </Node>
        </Item>
       </Node>
      </Item>
     </Node>
     <Node Name="COLUMN" SimpleFormat="true">
      <Item Index="000001" SimpleFormat="true">
       <ELEMENT_ID Final="5 ">_GENP_00155D36F2031ED889C447F5F5867A54</ELEMENT_ID>
       <NAME>APP_REP_ID</NAME>
       <DISPLAY_TYPE>TV</DISPLAY_TYPE>
       <INDEX>1</INDEX>
       <HEADER Transl="true"/>
       <SPECIAL_PROPERTIES/>
       <WIDTH/>
       <TAG_ACTIVE/>
       <TAG/>
       <TOOLTIP Transl="true"/>
       <VISIBILITY/>
       <FIXED>01</FIXED>
       <TOOLTIP_HEADER Transl="true"/>
       <CTXT_MENU_ID/>
       <INSTANCE_STYLE/>
       <HEADER_INSTANCE_STYLE/>
       <Node Name="COLUMN_ACTION" SimpleFormat="true"/>
      </Item>
      <Item Index="000002" SimpleFormat="true">
       <ELEMENT_ID Final="5 ">_GENP_00155D36F2031ED7A1A25623A8919A53</ELEMENT_ID>
       <NAME>TITLE_REF</NAME>
       <FIXED/>
       <INDEX>2</INDEX>
       <DISPLAY_TYPE>IN</DISPLAY_TYPE>
       <HEADER Transl="true">3</HEADER>
       <SPECIAL_PROPERTIES/>
       <Node Name="COLUMN_ACTION" SimpleFormat="true"/>
      </Item>
      <Item Index="000003" SimpleFormat="true">
       <ELEMENT_ID Final="5 ">_GENP_00155D36F2031ED7A1A25623A8923A53</ELEMENT_ID>
       <NAME>CHART_TYPE</NAME>
       <FIXED/>
       <INDEX>3</INDEX>
       <DISPLAY_TYPE>DD</DISPLAY_TYPE>
       <SPECIAL_PROPERTIES>﻿&lt;?xml version=&quot;1.0&quot; encoding=&quot;utf-16&quot;?&gt;&lt;asx:abap xmlns:asx=&quot;http://www.sap.com/abapxml&quot; version=&quot;1.0&quot;&gt;&lt;asx:values&gt;&lt;BN1&gt;&lt;ALIGNMENT&gt;03&lt;/ALIGNMENT&gt;&lt;PASSWORD_FIELD/&gt;&lt;WRAPPING/&gt;&lt;TEXT_VIEW_LAYOUT&gt;01&lt;/TEXT_VIEW_LAYOUT&gt;&lt;TEXTVIEW_SEM_COL&gt;00&lt;/TEXTVIEW_SEM_COL&gt;&lt;TEXT_VIEW_DESIGN&gt;09&lt;/TEXT_VIEW_DESIGN&gt;&lt;BUTTON_DESIGN&gt;00&lt;/BUTTON_DESIGN&gt;&lt;IMAGE_SOURCE/&gt;&lt;IMAGE_SOURCE_CHECKED/&gt;&lt;LINK_TYPE&gt;00&lt;/LINK_TYPE&gt;&lt;COL_COUNT&gt;40&lt;/COL_COUNT&gt;&lt;ROW_COUNT&gt;5&lt;/ROW_COUNT&gt;&lt;TEXT_WRAPPING&gt;02&lt;/TEXT_WRAPPING&gt;&lt;TARGET/&gt;&lt;LINK_DESIGN&gt;00&lt;/LINK_DESIGN&gt;&lt;TOGGLE_BUTTON_DESIGN&gt;00&lt;/TOGGLE_BUTTON_DESIGN&gt;&lt;DEPENDENT_CHECKBOX/&gt;&lt;REPEAT_SEL_ACTION/&gt;&lt;HOTKEY&gt;00&lt;/HOTKEY&gt;&lt;BORDER&gt;0&lt;/BORDER&gt;&lt;MAX_TICK_MARKS&gt;0&lt;/MAX_TICK_MARKS&gt;&lt;SHOW_TICK_MARKS/&gt;&lt;UNIT_WIDTH&gt;0&lt;/UNIT_WIDTH&gt;&lt;TICK_MARK_SPACING&gt;0&lt;/TICK_MARK_SPACING&gt;&lt;THRESHOLDS/&gt;&lt;SUGGEST_FILTER_METHOD&gt;00&lt;/SUGGEST_FILTER_METHOD&gt;&lt;SUGGEST_VALUES/&gt;&lt;DISPLAY_AS_TEXT&gt;X&lt;/DISPLAY_AS_TEXT&gt;&lt;MIME_TYPE/&gt;&lt;TOOLBAR_BUTTON_DESIGN&gt;00&lt;/TOOLBAR_BUTTON_DESIGN&gt;&lt;KEY_VISIBLE/&gt;&lt;HIDE_VALUE/&gt;&lt;VIRUS_SCAN_PROFILE/&gt;&lt;ACTION_MENU_ID/&gt;&lt;HIDE_TEXT/&gt;&lt;QUICKVIEW_ID/&gt;&lt;QUICKVIEW_IMAGE_REF/&gt;&lt;SELECTED_ACTION_ITEM/&gt;&lt;ALT_DDIC_SHLP_NAME/&gt;&lt;SEMANTIC_OBJECT/&gt;&lt;IMAGE_IS_DECORATIVE/&gt;&lt;/BN1&gt;&lt;/asx:values&gt;&lt;/asx:abap&gt;</SPECIAL_PROPERTIES>
       <HEADER Transl="true">9</HEADER>
       <Node Name="COLUMN_ACTION" SimpleFormat="true">
        <Item Index="000001" SimpleFormat="true">
         <EVENT_ID>&lt;FPM_DUMMY_NO_EVENT_ID&gt;</EVENT_ID>
         <EVENT_PARAMETERS/>
        </Item>
       </Node>
      </Item>
     </Node>
     <Node Name="CTXT_MENU" SimpleFormat="true"/>
     <Node Name="DRAG_DROP" SimpleFormat="true"/>
     <Node Name="PARAMETER" SimpleFormat="true"/>
     <Node Name="QUICKVIEW" SimpleFormat="true"/>
     <Node Name="ROW_ACTIONS" SimpleFormat="true"/>
     <Node Name="SETTINGS" SimpleFormat="true">
      <Item Index="000001" SimpleFormat="true">
       <SEL_EVENT_TYPE>X</SEL_EVENT_TYPE>
       <ALLOW_CREATING_VIEWS>X</ALLOW_CREATING_VIEWS>
       <ALLOW_SORTING/>
       <ALLOW_FILTERING/>
       <ALLOW_CALCULATION/>
       <ALLOW_GROUPING/>
       <SCROLL_MODE/>
       <EXPORT_EXCEL>X</EXPORT_EXCEL>
       <ARIA_LANDMARK/>
       <CHECK_MANDATORY>X</CHECK_MANDATORY>
       <HEIGHT_MODE_ATS/>
      </Item>
     </Node>
    </Item>
   </Node>
  </Item>
 </Node>
</Component>
