﻿<?xml version="1.0" encoding="utf-8"?>
<Component Name="FPM_LIST_UIBB_ATS" ConfId="ZWDCC_NCA_CONFIG_GUIBBL_UICO2" ConfType="00" ConfVar="">
 <Node Name="CONFIGURATION_CONTEXT" SimpleFormat="true">
  <Item Index="000001" SimpleFormat="true">
   <Node Name="LIST" SimpleFormat="true">
    <Item Index="000001" SimpleFormat="true">
     <FEEDER>ZCL_NCA_CONFIG_GUIBBL_UICO</FEEDER>
     <Node Name="BUTTON_ROW" SimpleFormat="true">
      <Item Index="000001" SimpleFormat="true">
       <Node Name="BUTTON_ROW_ELEMENT" SimpleFormat="true"/>
      </Item>
     </Node>
     <Node Name="COLUMN" SimpleFormat="true">
      <Item Index="000001" SimpleFormat="true">
       <ELEMENT_ID Final="5 ">_GENP_00155D36F2031ED78ABD363FF7679A53</ELEMENT_ID>
       <NAME>DESCRIPTION</NAME>
       <DISPLAY_TYPE>TV</DISPLAY_TYPE>
       <INDEX>1</INDEX>
       <HEADER Transl="true"/>
       <SPECIAL_PROPERTIES/>
       <WIDTH/>
       <TAG_ACTIVE/>
       <TAG/>
       <TOOLTIP Transl="true"/>
       <VISIBILITY/>
       <FIXED>01</FIXED>
       <TOOLTIP_HEADER Transl="true"/>
       <CTXT_MENU_ID/>
       <INSTANCE_STYLE/>
       <HEADER_INSTANCE_STYLE/>
       <Node Name="COLUMN_ACTION" SimpleFormat="true"/>
      </Item>
      <Item Index="000002" SimpleFormat="true">
       <ELEMENT_ID Final="5 ">_GENP_00155D36F2031ED7BBE6F425C448DA54</ELEMENT_ID>
       <NAME>EXTERNAL_DATA</NAME>
       <DISPLAY_TYPE>CB</DISPLAY_TYPE>
       <INDEX>2</INDEX>
       <HEADER Transl="true"/>
       <SPECIAL_PROPERTIES/>
       <WIDTH/>
       <TAG_ACTIVE/>
       <TAG/>
       <TOOLTIP Transl="true"/>
       <VISIBILITY/>
       <FIXED>01</FIXED>
       <TOOLTIP_HEADER Transl="true"/>
       <CTXT_MENU_ID/>
       <INSTANCE_STYLE/>
       <HEADER_INSTANCE_STYLE/>
       <Node Name="COLUMN_ACTION" SimpleFormat="true"/>
      </Item>
      <Item Index="000003" SimpleFormat="true">
       <ELEMENT_ID Final="5 ">_GENP_00155D36F2031ED7BBE6F349C84EBA54</ELEMENT_ID>
       <NAME>DATAREF_KEY</NAME>
       <DISPLAY_TYPE>CB</DISPLAY_TYPE>
       <INDEX>3</INDEX>
       <HEADER Transl="true"/>
       <SPECIAL_PROPERTIES/>
       <WIDTH/>
       <TAG_ACTIVE/>
       <TAG/>
       <TOOLTIP Transl="true"/>
       <VISIBILITY/>
       <FIXED>01</FIXED>
       <TOOLTIP_HEADER Transl="true"/>
       <CTXT_MENU_ID/>
       <INSTANCE_STYLE/>
       <HEADER_INSTANCE_STYLE/>
       <Node Name="COLUMN_ACTION" SimpleFormat="true"/>
      </Item>
      <Item Index="000004" SimpleFormat="true">
       <ELEMENT_ID Final="5 ">_GENP_00155D36F2031ED7BBE6F349C84EDA54</ELEMENT_ID>
       <NAME>DATAREF_TABLE</NAME>
       <DISPLAY_TYPE>IN</DISPLAY_TYPE>
       <INDEX>4</INDEX>
       <HEADER Transl="true"/>
       <SPECIAL_PROPERTIES/>
       <WIDTH/>
       <TAG_ACTIVE/>
       <TAG/>
       <TOOLTIP Transl="true"/>
       <VISIBILITY/>
       <FIXED>01</FIXED>
       <TOOLTIP_HEADER Transl="true"/>
       <CTXT_MENU_ID/>
       <INSTANCE_STYLE/>
       <HEADER_INSTANCE_STYLE/>
       <Node Name="COLUMN_ACTION" SimpleFormat="true"/>
      </Item>
      <Item Index="000005" SimpleFormat="true">
       <ELEMENT_ID Final="5 ">_GENP_00155D36F2031ED7BBE6F349C84E9A54</ELEMENT_ID>
       <NAME>DATAREF_FIELD</NAME>
       <DISPLAY_TYPE>IN</DISPLAY_TYPE>
       <INDEX>5</INDEX>
       <HEADER Transl="true"/>
       <SPECIAL_PROPERTIES/>
       <WIDTH/>
       <TAG_ACTIVE/>
       <TAG/>
       <TOOLTIP Transl="true"/>
       <VISIBILITY/>
       <FIXED>01</FIXED>
       <TOOLTIP_HEADER Transl="true"/>
       <CTXT_MENU_ID/>
       <INSTANCE_STYLE/>
       <HEADER_INSTANCE_STYLE/>
       <Node Name="COLUMN_ACTION" SimpleFormat="true"/>
      </Item>
     </Node>
     <Node Name="CTXT_MENU" SimpleFormat="true"/>
     <Node Name="DRAG_DROP" SimpleFormat="true">
      <Item Index="000001" SimpleFormat="true">
       <TYPE Final="5 ">DRAG|</TYPE>
       <TAGS>CL</TAGS>
       <SCOPE>G</SCOPE>
       <ENABLED>X</ENABLED>
      </Item>
     </Node>
     <Node Name="PARAMETER" SimpleFormat="true"/>
     <Node Name="QUICKVIEW" SimpleFormat="true"/>
     <Node Name="ROW_ACTIONS" SimpleFormat="true"/>
     <Node Name="SETTINGS" SimpleFormat="true">
      <Item Index="000001" SimpleFormat="true">
       <EXPORT_FORMAT>XLSX</EXPORT_FORMAT>
       <SEL_EVENT_TYPE>X</SEL_EVENT_TYPE>
       <CHECK_MANDATORY>X</CHECK_MANDATORY>
       <ALLOW_CREATING_VIEWS>X</ALLOW_CREATING_VIEWS>
       <HAS_MAX_MIN_BUTTON>X</HAS_MAX_MIN_BUTTON>
       <HEIGHT_MODE_ATS/>
       <VISIBLE_ROW_COUNT>12</VISIBLE_ROW_COUNT>
       <FIT_TO_TABLE_WIDTH>X</FIT_TO_TABLE_WIDTH>
       <SELECTION_MODE_ATS>06</SELECTION_MODE_ATS>
       <IS_SEARCH_RESULT_LIST/>
      </Item>
     </Node>
    </Item>
   </Node>
  </Item>
 </Node>
</Component>
