﻿<?xml version="1.0" encoding="utf-8"?>
<abapGit version="v1.0.0" serializer="LCL_OBJECT_WDCC" serializer_version="v1.0.0">
 <asx:abap xmlns:asx="http://www.sap.com/abapxml" version="1.0">
  <asx:values>
   <OBJECT_NAME>ZWDCC_NCA_CONFIG_GUIBBF_UIBB    00</OBJECT_NAME>
   <CONFIG_ID>ZWDCC_NCA_CONFIG_GUIBBF_UIBB</CONFIG_ID>
   <WDA_COMPONENT>FPM_FORM_UIBB_GL2</WDA_COMPONENT>
   <OTR_TEXT>
    <WDY_CONFIG_COMPT>
     <CONFIG_ID>ZWDCC_NCA_CONFIG_GUIBBF_UIBB</CONFIG_ID>
     <LANGU>D</LANGU>
     <TEXT_ID>2</TEXT_ID>
     <DESCRIPTION>Einstellung für Datenreferenzen. Wenn sie Ref zu NCA wählen, können Sie die Daten eines UIBB einer anderen Anwendung anzeigen. Bitte legen Sie die Objektreferenz Komponente fest.</DESCRIPTION>
    </WDY_CONFIG_COMPT>
    <WDY_CONFIG_COMPT>
     <CONFIG_ID>ZWDCC_NCA_CONFIG_GUIBBF_UIBB</CONFIG_ID>
     <LANGU>D</LANGU>
     <TEXT_ID>3</TEXT_ID>
     <DESCRIPTION>Wählen Sie eine existierende Klasse oder lassen Sie das Feld leer um eine neue anzulegen.</DESCRIPTION>
    </WDY_CONFIG_COMPT>
    <WDY_CONFIG_COMPT>
     <CONFIG_ID>ZWDCC_NCA_CONFIG_GUIBBF_UIBB</CONFIG_ID>
     <LANGU>E</LANGU>
     <TEXT_ID>2</TEXT_ID>
     <DESCRIPTION>Settings for Datareference. If you choose Ref to NCA you can add Data from a UIBB of another NCA Application. Be Sure to have a corresponding Component which will contain the Object ID of the Referenced Application.</DESCRIPTION>
    </WDY_CONFIG_COMPT>
    <WDY_CONFIG_COMPT>
     <CONFIG_ID>ZWDCC_NCA_CONFIG_GUIBBF_UIBB</CONFIG_ID>
     <LANGU>E</LANGU>
     <TEXT_ID>3</TEXT_ID>
     <DESCRIPTION>Pick a existing Class Name or leave it empty to create a new one.</DESCRIPTION>
    </WDY_CONFIG_COMPT>
    <WDY_CONFIG_COMPT>
     <CONFIG_ID>ZWDCC_NCA_CONFIG_GUIBBF_UIBB</CONFIG_ID>
     <LANGU>E</LANGU>
     <TEXT_ID>4</TEXT_ID>
     <DESCRIPTION>UIBB Title</DESCRIPTION>
    </WDY_CONFIG_COMPT>
   </OTR_TEXT>
   <DESCR_LANG>
    <WDY_CONFIG_DATT>
     <CONFIG_ID>ZWDCC_NCA_CONFIG_GUIBBF_UIBB</CONFIG_ID>
     <LANGU>D</LANGU>
     <DESCRIPTION>GUIBBF Create UIBB</DESCRIPTION>
    </WDY_CONFIG_DATT>
    <WDY_CONFIG_DATT>
     <CONFIG_ID>ZWDCC_NCA_CONFIG_GUIBBF_UIBB</CONFIG_ID>
     <LANGU>E</LANGU>
     <DESCRIPTION>GUIBBF Create UIBB</DESCRIPTION>
    </WDY_CONFIG_DATT>
   </DESCR_LANG>
  </asx:values>
 </asx:abap>
</abapGit>
