﻿<?xml version="1.0" encoding="utf-8"?>
<Component Name="FPM_FORM_UIBB_GL2" ConfId="ZWDCC_NCA_CONFIG_GUIBBF_UICO" ConfType="00" ConfVar="">
 <Node Name="CONFIGURATION_CONTEXT" SimpleFormat="true">
  <Item Index="000001" SimpleFormat="true">
   <Node Name="FORM" SimpleFormat="true">
    <Item Index="000001" SimpleFormat="true">
     <FEEDER>ZCL_NCA_CONFIG_GUIBBF_UICO</FEEDER>
     <LAYOUT_TYPE>16/2</LAYOUT_TYPE>
     <Node Name="ACTION" SimpleFormat="true"/>
     <Node Name="BUTTON" SimpleFormat="true"/>
     <Node Name="BUTTON_ROW" SimpleFormat="true"/>
     <Node Name="CTXT_MENU" SimpleFormat="true"/>
     <Node Name="DROP_TARGET" SimpleFormat="true"/>
     <Node Name="FORM_GROUP" SimpleFormat="true"/>
     <Node Name="PARAMETER" SimpleFormat="true"/>
     <Node Name="PERSONALIZATION" SimpleFormat="true"/>
     <Node Name="POSITION" SimpleFormat="true">
      <Item Index="000001" SimpleFormat="true">
       <ID Final="5 ">_GENP_00155D36F2031ED786E0EAF2956A7A53</ID>
       <START_ROW>2</START_ROW>
       <START_COLUMN>D</START_COLUMN>
       <END_ROW>2</END_ROW>
       <END_COLUMN>H</END_COLUMN>
       <LABEL_START_ROW>2</LABEL_START_ROW>
       <LABEL_START_COLUMN>A</LABEL_START_COLUMN>
       <LABEL_END_ROW>2</LABEL_END_ROW>
       <LABEL_END_COLUMN>C</LABEL_END_COLUMN>
       <FORM_ELEMENT_TYPE>SE</FORM_ELEMENT_TYPE>
       <FORM_ELEMENT_ID>FGL2_00155D36F2031ED786E0EAF2956A5A53</FORM_ELEMENT_ID>
      </Item>
      <Item Index="000002" SimpleFormat="true">
       <ID Final="5 ">_GENP_00155D36F2031ED7B197E66E5CBABA53</ID>
       <START_ROW>1</START_ROW>
       <START_COLUMN>D</START_COLUMN>
       <END_ROW>1</END_ROW>
       <END_COLUMN>H</END_COLUMN>
       <LABEL_START_ROW>1</LABEL_START_ROW>
       <LABEL_START_COLUMN>A</LABEL_START_COLUMN>
       <LABEL_END_ROW>1</LABEL_END_ROW>
       <LABEL_END_COLUMN>C</LABEL_END_COLUMN>
       <FORM_ELEMENT_TYPE>SE</FORM_ELEMENT_TYPE>
       <FORM_ELEMENT_ID>FGL2_00155D36F2031ED7B197E66E5CBA9A53</FORM_ELEMENT_ID>
      </Item>
      <Item Index="000003" SimpleFormat="true">
       <ID Final="5 ">_GENP_00155D36F2031ED7B88995F1CB22FA54</ID>
       <START_ROW>1</START_ROW>
       <START_COLUMN>L</START_COLUMN>
       <END_ROW>1</END_ROW>
       <END_COLUMN>P</END_COLUMN>
       <LABEL_START_ROW>1</LABEL_START_ROW>
       <LABEL_START_COLUMN>I</LABEL_START_COLUMN>
       <LABEL_END_ROW>1</LABEL_END_ROW>
       <LABEL_END_COLUMN>K</LABEL_END_COLUMN>
       <FORM_ELEMENT_TYPE>SE</FORM_ELEMENT_TYPE>
       <FORM_ELEMENT_ID>FGL2_00155D36F2031ED7B88995F1CB22DA54</FORM_ELEMENT_ID>
      </Item>
      <Item Index="000004" SimpleFormat="true">
       <ID Final="5 ">_GENP_00155D36F2031ED7BBE659CC3AF3BA54</ID>
       <START_ROW>2</START_ROW>
       <START_COLUMN>L</START_COLUMN>
       <END_ROW>2</END_ROW>
       <END_COLUMN>P</END_COLUMN>
       <LABEL_START_ROW>2</LABEL_START_ROW>
       <LABEL_START_COLUMN>I</LABEL_START_COLUMN>
       <LABEL_END_ROW>2</LABEL_END_ROW>
       <LABEL_END_COLUMN>K</LABEL_END_COLUMN>
       <FORM_ELEMENT_TYPE>SE</FORM_ELEMENT_TYPE>
       <FORM_ELEMENT_ID>FGL2_00155D36F2031ED7BBE659CC3AF39A54</FORM_ELEMENT_ID>
      </Item>
      <Item Index="000005" SimpleFormat="true">
       <ID Final="5 ">_GENP_00155D36F2031ED9BDE5F501E952FA54</ID>
       <START_ROW>4</START_ROW>
       <START_COLUMN>L</START_COLUMN>
       <END_ROW>4</END_ROW>
       <END_COLUMN>P</END_COLUMN>
       <LABEL_START_ROW>4</LABEL_START_ROW>
       <LABEL_START_COLUMN>I</LABEL_START_COLUMN>
       <LABEL_END_ROW>4</LABEL_END_ROW>
       <LABEL_END_COLUMN>K</LABEL_END_COLUMN>
       <FORM_ELEMENT_TYPE>SE</FORM_ELEMENT_TYPE>
       <FORM_ELEMENT_ID>FGL2_00155D36F2031ED9BDE5F501E952DA54</FORM_ELEMENT_ID>
      </Item>
      <Item Index="000006" SimpleFormat="true">
       <ID Final="5 ">_GENP_00155D36F2031EDA84C3D041BEFE7A54</ID>
       <START_ROW>3</START_ROW>
       <START_COLUMN>L</START_COLUMN>
       <END_ROW>3</END_ROW>
       <END_COLUMN>P</END_COLUMN>
       <LABEL_START_ROW>3</LABEL_START_ROW>
       <LABEL_START_COLUMN>I</LABEL_START_COLUMN>
       <LABEL_END_ROW>3</LABEL_END_ROW>
       <LABEL_END_COLUMN>K</LABEL_END_COLUMN>
       <FORM_ELEMENT_TYPE>SE</FORM_ELEMENT_TYPE>
       <FORM_ELEMENT_ID>FGL2_00155D36F2031EDA84C3D041BEFE5A54</FORM_ELEMENT_ID>
      </Item>
      <Item Index="000007" SimpleFormat="true">
       <ID Final="5 ">_GENP_00155D36F2031EDA98AD30392F653A54</ID>
       <START_ROW>3</START_ROW>
       <START_COLUMN>D</START_COLUMN>
       <END_ROW>3</END_ROW>
       <END_COLUMN>H</END_COLUMN>
       <LABEL_START_ROW>3</LABEL_START_ROW>
       <LABEL_START_COLUMN>A</LABEL_START_COLUMN>
       <LABEL_END_ROW>3</LABEL_END_ROW>
       <LABEL_END_COLUMN>C</LABEL_END_COLUMN>
       <FORM_ELEMENT_TYPE>SE</FORM_ELEMENT_TYPE>
       <FORM_ELEMENT_ID>FGL2_00155D36F2031EDA98AD30392F651A54</FORM_ELEMENT_ID>
      </Item>
      <Item Index="000008" SimpleFormat="true">
       <ID Final="5 ">_GENP_00155D36F2031EDA98F8E62073BB9A54</ID>
       <START_ROW>4</START_ROW>
       <START_COLUMN>D</START_COLUMN>
       <END_ROW>4</END_ROW>
       <END_COLUMN>H</END_COLUMN>
       <LABEL_START_ROW>4</LABEL_START_ROW>
       <LABEL_START_COLUMN>A</LABEL_START_COLUMN>
       <LABEL_END_ROW>4</LABEL_END_ROW>
       <LABEL_END_COLUMN>C</LABEL_END_COLUMN>
       <FORM_ELEMENT_TYPE>SE</FORM_ELEMENT_TYPE>
       <FORM_ELEMENT_ID>FGL2_00155D36F2031EDA98F8E62073BB7A54</FORM_ELEMENT_ID>
      </Item>
      <Item Index="000009" SimpleFormat="true">
       <ID Final="5 ">_GENP_00155D36F2031EDA98F8E6A59BFABA54</ID>
       <START_ROW>5</START_ROW>
       <START_COLUMN>D</START_COLUMN>
       <END_ROW>5</END_ROW>
       <END_COLUMN>H</END_COLUMN>
       <LABEL_START_ROW>5</LABEL_START_ROW>
       <LABEL_START_COLUMN>A</LABEL_START_COLUMN>
       <LABEL_END_ROW>5</LABEL_END_ROW>
       <LABEL_END_COLUMN>C</LABEL_END_COLUMN>
       <FORM_ELEMENT_TYPE>SE</FORM_ELEMENT_TYPE>
       <FORM_ELEMENT_ID>FGL2_00155D36F2031EDA98F8E6A59BFA9A54</FORM_ELEMENT_ID>
      </Item>
     </Node>
     <Node Name="QUICKVIEW" SimpleFormat="true"/>
     <Node Name="STANDARD_ELEMENT" SimpleFormat="true">
      <Item Index="000001" SimpleFormat="true">
       <ID Final="5 ">FGL2_00155D36F2031ED786E0EAF2956A5A53</ID>
       <NAME>DDIC_SHLP_NAME</NAME>
       <TYPE>IN</TYPE>
       <EXPLANATION Transl="true"/>
       <TEXT Transl="true"/>
       <TOOLTIP Transl="true"/>
       <INPUT_PROMPT Transl="true"/>
       <INSTANCE_STYLE/>
       <SPECIAL_PROPERTIES/>
       <SPECIAL_ACTIONS/>
       <LABEL_TEXT Transl="true"/>
       <LABEL_VISIBILITY>02</LABEL_VISIBILITY>
       <LABEL_INSTANCE_STYLE/>
       <TAG_ACTIVE/>
       <TAG/>
       <CTXT_MENU_ID/>
      </Item>
      <Item Index="000002" SimpleFormat="true">
       <ID Final="5 ">FGL2_00155D36F2031ED7B197E66E5CBA9A53</ID>
       <NAME>CELL_DESIGN_REF</NAME>
       <TYPE>DD</TYPE>
       <EXPLANATION Transl="true"/>
       <TEXT Transl="true"/>
       <TOOLTIP Transl="true"/>
       <INPUT_PROMPT Transl="true"/>
       <INSTANCE_STYLE/>
       <SPECIAL_PROPERTIES>﻿&lt;?xml version=&quot;1.0&quot; encoding=&quot;utf-16&quot;?&gt;&lt;asx:abap xmlns:asx=&quot;http://www.sap.com/abapxml&quot; version=&quot;1.0&quot;&gt;&lt;asx:values&gt;&lt;BN1&gt;&lt;ACTION_MENU_ID/&gt;&lt;ALIGNMENT&gt;03&lt;/ALIGNMENT&gt;&lt;ALT_DDIC_SHLP_NAME/&gt;&lt;BORDER&gt;0&lt;/BORDER&gt;&lt;COL_COUNT&gt;1&lt;/COL_COUNT&gt;&lt;DDIC_SHLP_TEXT_FIELD_NAME/&gt;&lt;DISPLAY_AS_TEXT/&gt;&lt;ENFORCE_FIELD_MERGING/&gt;&lt;HEIGHT/&gt;&lt;HIDE_FORMATTING_OPTIONS/&gt;&lt;HIDE_TEXT/&gt;&lt;HIDE_VALUE/&gt;&lt;HOTKEY&gt;00&lt;/HOTKEY&gt;&lt;IMAGE_SOURCE/&gt;&lt;IMAGE_IS_DECORATIVE/&gt;&lt;INPUT_HELP&gt;00&lt;/INPUT_HELP&gt;&lt;KEEP_ORIGINAL_SIZE/&gt;&lt;KEY_VISIBLE/&gt;&lt;LINK_DESIGN&gt;00&lt;/LINK_DESIGN&gt;&lt;LINK_TYPE&gt;02&lt;/LINK_TYPE&gt;&lt;MAX_TICK_MARKS&gt;0&lt;/MAX_TICK_MARKS&gt;&lt;MIME_TYPE/&gt;&lt;PASSWORD_FIELD/&gt;&lt;QUICKVIEW_ID/&gt;&lt;QUICKVIEW_IMAGE_REF/&gt;&lt;ROW_COUNT&gt;0&lt;/ROW_COUNT&gt;&lt;SECTION_HEADER_DESIGN/&gt;&lt;SECTION_HEADER_LEVEL&gt;00&lt;/SECTION_HEADER_LEVEL&gt;&lt;SEMANTIC_OBJECT/&gt;&lt;SHOW_TICK_MARKS/&gt;&lt;SUGGEST_FILTER_METHOD&gt;00&lt;/SUGGEST_FILTER_METHOD&gt;&lt;SUGGEST_HISTORY/&gt;&lt;SUGGEST_VALUES/&gt;&lt;SUPPRESS_FIELD_MERGING/&gt;&lt;TARGET/&gt;&lt;TEXT_DOCUMENT_NAME/&gt;&lt;TEXT_EDIT_HEIGHT_MODE&gt;00&lt;/TEXT_EDIT_HEIGHT_MODE&gt;&lt;TEXT_VIEW_DESIGN&gt;09&lt;/TEXT_VIEW_DESIGN&gt;&lt;TEXT_VIEW_LAYOUT&gt;01&lt;/TEXT_VIEW_LAYOUT&gt;&lt;TEXTVIEW_SEM_COL&gt;00&lt;/TEXTVIEW_SEM_COL&gt;&lt;TEXT_WRAPPING&gt;02&lt;/TEXT_WRAPPING&gt;&lt;THRESHOLDS/&gt;&lt;TICK_MARK_SPACING&gt;0&lt;/TICK_MARK_SPACING&gt;&lt;TOKEN_FORMAT&gt;00&lt;/TOKEN_FORMAT&gt;&lt;UNIT_WIDTH&gt;0&lt;/UNIT_WIDTH&gt;&lt;VIRUS_SCAN_PROFILE/&gt;&lt;WIDTH/&gt;&lt;WRAPPING/&gt;&lt;/BN1&gt;&lt;/asx:values&gt;&lt;/asx:abap&gt;</SPECIAL_PROPERTIES>
       <SPECIAL_ACTIONS/>
       <LABEL_TEXT Transl="true">5</LABEL_TEXT>
       <LABEL_VISIBILITY>02</LABEL_VISIBILITY>
       <LABEL_INSTANCE_STYLE/>
       <TAG_ACTIVE/>
       <TAG/>
       <CTXT_MENU_ID/>
      </Item>
      <Item Index="000003" SimpleFormat="true">
       <ID Final="5 ">FGL2_00155D36F2031ED7B88995F1CB22DA54</ID>
       <NAME>INPUT_MAX</NAME>
       <TYPE>IN</TYPE>
       <EXPLANATION Transl="true"/>
       <TEXT Transl="true"/>
       <TOOLTIP Transl="true"/>
       <INPUT_PROMPT Transl="true"/>
       <INSTANCE_STYLE/>
       <SPECIAL_PROPERTIES/>
       <SPECIAL_ACTIONS/>
       <LABEL_TEXT Transl="true">6</LABEL_TEXT>
       <LABEL_VISIBILITY>02</LABEL_VISIBILITY>
       <LABEL_INSTANCE_STYLE/>
       <TAG_ACTIVE/>
       <TAG/>
       <CTXT_MENU_ID/>
      </Item>
      <Item Index="000004" SimpleFormat="true">
       <ID Final="5 ">FGL2_00155D36F2031ED7BBE659CC3AF39A54</ID>
       <NAME>SECONDARY_KEY</NAME>
       <TYPE>CB</TYPE>
       <EXPLANATION Transl="true"/>
       <TEXT Transl="true"/>
       <TOOLTIP Transl="true"/>
       <INPUT_PROMPT Transl="true"/>
       <INSTANCE_STYLE/>
       <SPECIAL_PROPERTIES>﻿&lt;?xml version=&quot;1.0&quot; encoding=&quot;utf-16&quot;?&gt;&lt;asx:abap xmlns:asx=&quot;http://www.sap.com/abapxml&quot; version=&quot;1.0&quot;&gt;&lt;asx:values&gt;&lt;BN1&gt;&lt;ACTION_MENU_ID/&gt;&lt;ALIGNMENT&gt;03&lt;/ALIGNMENT&gt;&lt;ALT_DDIC_SHLP_NAME/&gt;&lt;BORDER&gt;0&lt;/BORDER&gt;&lt;COL_COUNT&gt;1&lt;/COL_COUNT&gt;&lt;DDIC_SHLP_TEXT_FIELD_NAME/&gt;&lt;DISPLAY_AS_TEXT/&gt;&lt;ENFORCE_FIELD_MERGING/&gt;&lt;HEIGHT/&gt;&lt;HIDE_FORMATTING_OPTIONS/&gt;&lt;HIDE_TEXT/&gt;&lt;HIDE_VALUE/&gt;&lt;HOTKEY&gt;00&lt;/HOTKEY&gt;&lt;IMAGE_SOURCE/&gt;&lt;IMAGE_IS_DECORATIVE/&gt;&lt;INPUT_HELP&gt;00&lt;/INPUT_HELP&gt;&lt;KEEP_ORIGINAL_SIZE/&gt;&lt;KEY_VISIBLE/&gt;&lt;LINK_DESIGN&gt;00&lt;/LINK_DESIGN&gt;&lt;LINK_TYPE&gt;02&lt;/LINK_TYPE&gt;&lt;MAX_TICK_MARKS&gt;0&lt;/MAX_TICK_MARKS&gt;&lt;MIME_TYPE/&gt;&lt;PASSWORD_FIELD/&gt;&lt;QUICKVIEW_ID/&gt;&lt;QUICKVIEW_IMAGE_REF/&gt;&lt;ROW_COUNT&gt;0&lt;/ROW_COUNT&gt;&lt;SECTION_HEADER_DESIGN/&gt;&lt;SECTION_HEADER_LEVEL&gt;00&lt;/SECTION_HEADER_LEVEL&gt;&lt;SEMANTIC_OBJECT/&gt;&lt;SHOW_TICK_MARKS/&gt;&lt;SUGGEST_FILTER_METHOD&gt;00&lt;/SUGGEST_FILTER_METHOD&gt;&lt;SUGGEST_HISTORY/&gt;&lt;SUGGEST_VALUES/&gt;&lt;SUPPRESS_FIELD_MERGING/&gt;&lt;TARGET/&gt;&lt;TEXT_DOCUMENT_NAME/&gt;&lt;TEXT_EDIT_HEIGHT_MODE&gt;00&lt;/TEXT_EDIT_HEIGHT_MODE&gt;&lt;TEXT_VIEW_DESIGN&gt;09&lt;/TEXT_VIEW_DESIGN&gt;&lt;TEXT_VIEW_LAYOUT&gt;01&lt;/TEXT_VIEW_LAYOUT&gt;&lt;TEXTVIEW_SEM_COL&gt;00&lt;/TEXTVIEW_SEM_COL&gt;&lt;TEXT_WRAPPING&gt;02&lt;/TEXT_WRAPPING&gt;&lt;THRESHOLDS/&gt;&lt;TICK_MARK_SPACING&gt;0&lt;/TICK_MARK_SPACING&gt;&lt;TOKEN_FORMAT&gt;00&lt;/TOKEN_FORMAT&gt;&lt;UNIT_WIDTH&gt;0&lt;/UNIT_WIDTH&gt;&lt;VIRUS_SCAN_PROFILE/&gt;&lt;WIDTH/&gt;&lt;WRAPPING/&gt;&lt;/BN1&gt;&lt;/asx:values&gt;&lt;/asx:abap&gt;</SPECIAL_PROPERTIES>
       <SPECIAL_ACTIONS/>
       <LABEL_TEXT Transl="true"/>
       <LABEL_VISIBILITY>02</LABEL_VISIBILITY>
       <LABEL_INSTANCE_STYLE/>
       <TAG_ACTIVE/>
       <TAG/>
       <CTXT_MENU_ID/>
      </Item>
      <Item Index="000005" SimpleFormat="true">
       <ID Final="5 ">FGL2_00155D36F2031ED9BDE5F501E952DA54</ID>
       <NAME>DECIMALS</NAME>
       <TYPE>DD</TYPE>
       <EXPLANATION Transl="true"/>
       <TEXT Transl="true"/>
       <TOOLTIP Transl="true"/>
       <INPUT_PROMPT Transl="true"/>
       <INSTANCE_STYLE/>
       <SPECIAL_PROPERTIES>﻿&lt;?xml version=&quot;1.0&quot; encoding=&quot;utf-16&quot;?&gt;&lt;asx:abap xmlns:asx=&quot;http://www.sap.com/abapxml&quot; version=&quot;1.0&quot;&gt;&lt;asx:values&gt;&lt;BN1&gt;&lt;ACTION_MENU_ID/&gt;&lt;ALIGNMENT&gt;03&lt;/ALIGNMENT&gt;&lt;ALT_DDIC_SHLP_NAME/&gt;&lt;BORDER&gt;0&lt;/BORDER&gt;&lt;COL_COUNT&gt;1&lt;/COL_COUNT&gt;&lt;DDIC_SHLP_TEXT_FIELD_NAME/&gt;&lt;DISPLAY_AS_TEXT/&gt;&lt;ENFORCE_FIELD_MERGING/&gt;&lt;HEIGHT/&gt;&lt;HIDE_FORMATTING_OPTIONS/&gt;&lt;HIDE_TEXT/&gt;&lt;HIDE_VALUE/&gt;&lt;HOTKEY&gt;00&lt;/HOTKEY&gt;&lt;IMAGE_SOURCE/&gt;&lt;IMAGE_IS_DECORATIVE/&gt;&lt;INPUT_HELP&gt;00&lt;/INPUT_HELP&gt;&lt;KEEP_ORIGINAL_SIZE/&gt;&lt;KEY_VISIBLE/&gt;&lt;LINK_DESIGN&gt;00&lt;/LINK_DESIGN&gt;&lt;LINK_TYPE&gt;02&lt;/LINK_TYPE&gt;&lt;MAX_TICK_MARKS&gt;0&lt;/MAX_TICK_MARKS&gt;&lt;MIME_TYPE/&gt;&lt;PASSWORD_FIELD/&gt;&lt;QUICKVIEW_ID/&gt;&lt;QUICKVIEW_IMAGE_REF/&gt;&lt;ROW_COUNT&gt;0&lt;/ROW_COUNT&gt;&lt;SECTION_HEADER_DESIGN/&gt;&lt;SECTION_HEADER_LEVEL&gt;00&lt;/SECTION_HEADER_LEVEL&gt;&lt;SEMANTIC_OBJECT/&gt;&lt;SHOW_TICK_MARKS/&gt;&lt;SUGGEST_FILTER_METHOD&gt;00&lt;/SUGGEST_FILTER_METHOD&gt;&lt;SUGGEST_HISTORY/&gt;&lt;SUGGEST_VALUES/&gt;&lt;SUPPRESS_FIELD_MERGING/&gt;&lt;TARGET/&gt;&lt;TEXT_DOCUMENT_NAME/&gt;&lt;TEXT_EDIT_HEIGHT_MODE&gt;00&lt;/TEXT_EDIT_HEIGHT_MODE&gt;&lt;TEXT_VIEW_DESIGN&gt;09&lt;/TEXT_VIEW_DESIGN&gt;&lt;TEXT_VIEW_LAYOUT&gt;01&lt;/TEXT_VIEW_LAYOUT&gt;&lt;TEXTVIEW_SEM_COL&gt;00&lt;/TEXTVIEW_SEM_COL&gt;&lt;TEXT_WRAPPING&gt;02&lt;/TEXT_WRAPPING&gt;&lt;THRESHOLDS/&gt;&lt;TICK_MARK_SPACING&gt;0&lt;/TICK_MARK_SPACING&gt;&lt;TOKEN_FORMAT&gt;00&lt;/TOKEN_FORMAT&gt;&lt;UNIT_WIDTH&gt;0&lt;/UNIT_WIDTH&gt;&lt;VIRUS_SCAN_PROFILE/&gt;&lt;WIDTH/&gt;&lt;WRAPPING/&gt;&lt;/BN1&gt;&lt;/asx:values&gt;&lt;/asx:abap&gt;</SPECIAL_PROPERTIES>
       <SPECIAL_ACTIONS/>
       <LABEL_TEXT Transl="true"/>
       <LABEL_VISIBILITY>02</LABEL_VISIBILITY>
       <LABEL_INSTANCE_STYLE/>
       <TAG_ACTIVE/>
       <TAG/>
       <CTXT_MENU_ID/>
      </Item>
      <Item Index="000006" SimpleFormat="true">
       <ID Final="5 ">FGL2_00155D36F2031EDA84C3D041BEFE5A54</ID>
       <NAME>CASE_SENSITIVE</NAME>
       <TYPE>CB</TYPE>
       <EXPLANATION Transl="true"/>
       <TEXT Transl="true"/>
       <TOOLTIP Transl="true"/>
       <INPUT_PROMPT Transl="true"/>
       <INSTANCE_STYLE/>
       <SPECIAL_PROPERTIES>﻿&lt;?xml version=&quot;1.0&quot; encoding=&quot;utf-16&quot;?&gt;&lt;asx:abap xmlns:asx=&quot;http://www.sap.com/abapxml&quot; version=&quot;1.0&quot;&gt;&lt;asx:values&gt;&lt;BN1&gt;&lt;ACTION_MENU_ID/&gt;&lt;ALIGNMENT&gt;03&lt;/ALIGNMENT&gt;&lt;ALT_DDIC_SHLP_NAME/&gt;&lt;BORDER&gt;0&lt;/BORDER&gt;&lt;COL_COUNT&gt;1&lt;/COL_COUNT&gt;&lt;DDIC_SHLP_TEXT_FIELD_NAME/&gt;&lt;DISPLAY_AS_TEXT/&gt;&lt;ENFORCE_FIELD_MERGING/&gt;&lt;HEIGHT/&gt;&lt;HIDE_FORMATTING_OPTIONS/&gt;&lt;HIDE_TEXT/&gt;&lt;HIDE_VALUE/&gt;&lt;HOTKEY&gt;00&lt;/HOTKEY&gt;&lt;IMAGE_SOURCE/&gt;&lt;IMAGE_IS_DECORATIVE/&gt;&lt;INPUT_HELP&gt;00&lt;/INPUT_HELP&gt;&lt;KEEP_ORIGINAL_SIZE/&gt;&lt;KEY_VISIBLE/&gt;&lt;LINK_DESIGN&gt;00&lt;/LINK_DESIGN&gt;&lt;LINK_TYPE&gt;02&lt;/LINK_TYPE&gt;&lt;MAX_TICK_MARKS&gt;0&lt;/MAX_TICK_MARKS&gt;&lt;MIME_TYPE/&gt;&lt;PASSWORD_FIELD/&gt;&lt;QUICKVIEW_ID/&gt;&lt;QUICKVIEW_IMAGE_REF/&gt;&lt;ROW_COUNT&gt;0&lt;/ROW_COUNT&gt;&lt;SECTION_HEADER_DESIGN/&gt;&lt;SECTION_HEADER_LEVEL&gt;00&lt;/SECTION_HEADER_LEVEL&gt;&lt;SEMANTIC_OBJECT/&gt;&lt;SHOW_TICK_MARKS/&gt;&lt;SUGGEST_FILTER_METHOD&gt;00&lt;/SUGGEST_FILTER_METHOD&gt;&lt;SUGGEST_HISTORY/&gt;&lt;SUGGEST_VALUES/&gt;&lt;SUPPRESS_FIELD_MERGING/&gt;&lt;TARGET/&gt;&lt;TEXT_DOCUMENT_NAME/&gt;&lt;TEXT_EDIT_HEIGHT_MODE&gt;00&lt;/TEXT_EDIT_HEIGHT_MODE&gt;&lt;TEXT_VIEW_DESIGN&gt;09&lt;/TEXT_VIEW_DESIGN&gt;&lt;TEXT_VIEW_LAYOUT&gt;01&lt;/TEXT_VIEW_LAYOUT&gt;&lt;TEXTVIEW_SEM_COL&gt;00&lt;/TEXTVIEW_SEM_COL&gt;&lt;TEXT_WRAPPING&gt;02&lt;/TEXT_WRAPPING&gt;&lt;THRESHOLDS/&gt;&lt;TICK_MARK_SPACING&gt;0&lt;/TICK_MARK_SPACING&gt;&lt;TOKEN_FORMAT&gt;00&lt;/TOKEN_FORMAT&gt;&lt;UNIT_WIDTH&gt;0&lt;/UNIT_WIDTH&gt;&lt;VIRUS_SCAN_PROFILE/&gt;&lt;WIDTH/&gt;&lt;WRAPPING/&gt;&lt;/BN1&gt;&lt;/asx:values&gt;&lt;/asx:abap&gt;</SPECIAL_PROPERTIES>
       <SPECIAL_ACTIONS/>
       <LABEL_TEXT Transl="true"/>
       <LABEL_VISIBILITY>02</LABEL_VISIBILITY>
       <LABEL_INSTANCE_STYLE/>
       <TAG_ACTIVE/>
       <TAG/>
       <CTXT_MENU_ID/>
      </Item>
      <Item Index="000007" SimpleFormat="true">
       <ID Final="5 ">FGL2_00155D36F2031EDA98AD30392F651A54</ID>
       <NAME>ALLOWED_VALUES_FUNCTION</NAME>
       <TYPE>IN</TYPE>
       <EXPLANATION Transl="true"/>
       <TEXT Transl="true"/>
       <TOOLTIP Transl="true"/>
       <INPUT_PROMPT Transl="true"/>
       <INSTANCE_STYLE/>
       <SPECIAL_PROPERTIES/>
       <SPECIAL_ACTIONS/>
       <LABEL_TEXT Transl="true"/>
       <LABEL_VISIBILITY>02</LABEL_VISIBILITY>
       <LABEL_INSTANCE_STYLE/>
       <TAG_ACTIVE/>
       <TAG/>
       <CTXT_MENU_ID/>
      </Item>
      <Item Index="000008" SimpleFormat="true">
       <ID Final="5 ">FGL2_00155D36F2031EDA98F8E62073BB7A54</ID>
       <NAME>CQ</NAME>
       <TYPE>DD</TYPE>
       <EXPLANATION Transl="true"/>
       <TEXT Transl="true"/>
       <TOOLTIP Transl="true"/>
       <INPUT_PROMPT Transl="true"/>
       <INSTANCE_STYLE/>
       <SPECIAL_PROPERTIES/>
       <SPECIAL_ACTIONS/>
       <LABEL_TEXT Transl="true"/>
       <LABEL_VISIBILITY>02</LABEL_VISIBILITY>
       <LABEL_INSTANCE_STYLE/>
       <TAG_ACTIVE/>
       <TAG/>
       <CTXT_MENU_ID/>
      </Item>
      <Item Index="000009" SimpleFormat="true">
       <ID Final="5 ">FGL2_00155D36F2031EDA98F8E6A59BFA9A54</ID>
       <NAME>CQ_REF</NAME>
       <TYPE>IN</TYPE>
       <EXPLANATION Transl="true"/>
       <TEXT Transl="true"/>
       <TOOLTIP Transl="true"/>
       <INPUT_PROMPT Transl="true"/>
       <INSTANCE_STYLE/>
       <SPECIAL_PROPERTIES/>
       <SPECIAL_ACTIONS/>
       <LABEL_TEXT Transl="true">7</LABEL_TEXT>
       <LABEL_VISIBILITY>02</LABEL_VISIBILITY>
       <LABEL_INSTANCE_STYLE/>
       <TAG_ACTIVE/>
       <TAG/>
       <CTXT_MENU_ID/>
      </Item>
     </Node>
    </Item>
   </Node>
  </Item>
 </Node>
</Component>
