﻿<?xml version="1.0" encoding="utf-8"?>
<Component Name="FPM_SEARCH_UIBB" ConfId="ZWDCC_NCA_CONFIG_GUIBBS" ConfType="00" ConfVar="">
 <Node Name="CONFIGURATION_CONTEXT" SimpleFormat="true">
  <Item Index="000001" SimpleFormat="true">
   <Node Name="SEARCH" SimpleFormat="true">
    <Item Index="000001" SimpleFormat="true">
     <FEEDER>ZCL_NCA_CONFIG_GUIBBS_FORM</FEEDER>
     <SEARCH_AS_SELECT_OPTION>X</SEARCH_AS_SELECT_OPTION>
     <ALLOW_PERSONALIZATION>01</ALLOW_PERSONALIZATION>
     <Node Name="ATTRIBUTES" SimpleFormat="true">
      <Item Index="000001" SimpleFormat="true">
       <ELEMENT_ID Final="5 ">_GENP_00155D36F2031ED6BADF3FD5D624DA53</ELEMENT_ID>
       <NAME>NCA_APP_ID</NAME>
       <INDEX>1</INDEX>
       <TEXT Transl="true"/>
       <DEFAULT_OPERATOR/>
       <GROUP_ID_ATTR/>
       <INPUT_PROMPT Transl="true"/>
       <ENABLE_TOKENS/>
       <SHLP_TEXTFIELD/>
       <TOKEN_FORMAT/>
      </Item>
      <Item Index="000002" SimpleFormat="true">
       <ELEMENT_ID Final="5 ">_GENP_00155D36F2031ED7B1B108E23EAE1A53</ELEMENT_ID>
       <NAME>DELETE_FLAG</NAME>
       <INDEX>2</INDEX>
       <TEXT Transl="true"/>
       <DEFAULT_OPERATOR/>
       <GROUP_ID_ATTR/>
       <INPUT_PROMPT Transl="true"/>
       <ENABLE_TOKENS/>
       <SHLP_TEXTFIELD/>
       <TOKEN_FORMAT/>
      </Item>
      <Item Index="000003" SimpleFormat="true">
       <ELEMENT_ID Final="5 ">_GENP_00155D36F2031ED7B1B10AA9229E5A53</ELEMENT_ID>
       <NAME>TITLE</NAME>
       <INDEX>3</INDEX>
       <TEXT Transl="true"/>
       <DEFAULT_OPERATOR/>
       <GROUP_ID_ATTR/>
       <INPUT_PROMPT Transl="true"/>
       <ENABLE_TOKENS/>
       <SHLP_TEXTFIELD/>
       <TOKEN_FORMAT/>
      </Item>
     </Node>
     <Node Name="EXCLUDED_OPERATORS" SimpleFormat="true"/>
     <Node Name="PARAMETER" SimpleFormat="true"/>
     <Node Name="PERSONALIZATION" SimpleFormat="true"/>
     <Node Name="RESULT_GUIBB_LIST" SimpleFormat="true">
      <Item Index="000001" SimpleFormat="true">
       <COMPONENT>FPM_LIST_UIBB_ATS</COMPONENT>
       <INTERFACE_VIEW>LIST_WINDOW</INTERFACE_VIEW>
       <CONFIG_ID>ZWDCC_NCA_CONFIG_GUIBBS_LIST</CONFIG_ID>
      </Item>
     </Node>
     <Node Name="RESULT_TABLE" SimpleFormat="true"/>
     <Node Name="SEARCH_GROUP" SimpleFormat="true"/>
     <Node Name="SETTINGS" SimpleFormat="true">
      <Item Index="000001" SimpleFormat="true">
       <LOCATION_SAVED_SEARCHES>P</LOCATION_SAVED_SEARCHES>
       <EXECUTE_SEARCH_ON_ENTER>X</EXECUTE_SEARCH_ON_ENTER>
      </Item>
     </Node>
    </Item>
   </Node>
  </Item>
 </Node>
</Component>
