﻿<?xml version="1.0" encoding="utf-8"?>
<abapGit version="v1.0.0" serializer="LCL_OBJECT_WDCC" serializer_version="v1.0.0">
 <asx:abap xmlns:asx="http://www.sap.com/abapxml" version="1.0">
  <asx:values>
   <OBJECT_NAME>ZWDCC_NCA_CONFIG_GUIBBC_MASTER  00</OBJECT_NAME>
   <CONFIG_ID>ZWDCC_NCA_CONFIG_GUIBBC_MASTER</CONFIG_ID>
   <WDA_COMPONENT>FPM_COMPOSITE_UIBB</WDA_COMPONENT>
   <DESCR_LANG>
    <WDY_CONFIG_DATT>
     <CONFIG_ID>ZWDCC_NCA_CONFIG_GUIBBC_MASTER</CONFIG_ID>
     <LANGU>E</LANGU>
     <DESCRIPTION>Composite Master</DESCRIPTION>
    </WDY_CONFIG_DATT>
   </DESCR_LANG>
  </asx:values>
 </asx:abap>
</abapGit>
