﻿<?xml version="1.0" encoding="utf-8"?>
<abapGit version="v1.0.0" serializer="LCL_OBJECT_CLAS" serializer_version="v1.0.0">
 <asx:abap xmlns:asx="http://www.sap.com/abapxml" version="1.0">
  <asx:values>
   <VSEOCLASS>
    <CLSNAME>ZCL_NCA_BRF_APPL</CLSNAME>
    <LANGU>E</LANGU>
    <DESCRIPT>BRF Plus Application Service</DESCRIPT>
    <STATE>1</STATE>
    <CLSCCINCL>X</CLSCCINCL>
    <FIXPT>X</FIXPT>
    <UNICODE>X</UNICODE>
   </VSEOCLASS>
   <DESCRIPTIONS>
    <SEOCOMPOTX>
     <CLSNAME>ZCL_NCA_BRF_APPL</CLSNAME>
     <CMPNAME>COPY_APPLICATION</CMPNAME>
     <LANGU>E</LANGU>
     <DESCRIPT>Copy Application</DESCRIPT>
    </SEOCOMPOTX>
    <SEOCOMPOTX>
     <CLSNAME>ZCL_NCA_BRF_APPL</CLSNAME>
     <CMPNAME>CREATE_FUNCTION</CMPNAME>
     <LANGU>E</LANGU>
     <DESCRIPT>Create Furmula + Function</DESCRIPT>
    </SEOCOMPOTX>
    <SEOCOMPOTX>
     <CLSNAME>ZCL_NCA_BRF_APPL</CLSNAME>
     <CMPNAME>CREATE_NCA_ACTION_DT</CMPNAME>
     <LANGU>E</LANGU>
     <DESCRIPT>Create a NCA Action Function with standard interface</DESCRIPT>
    </SEOCOMPOTX>
    <SEOCOMPOTX>
     <CLSNAME>ZCL_NCA_BRF_APPL</CLSNAME>
     <CMPNAME>CREATE_NCA_FUNCTION</CMPNAME>
     <LANGU>E</LANGU>
     <DESCRIPT>Create a NCA Action Function with standard interface</DESCRIPT>
    </SEOCOMPOTX>
    <SEOCOMPOTX>
     <CLSNAME>ZCL_NCA_BRF_APPL</CLSNAME>
     <CMPNAME>DELETE</CMPNAME>
     <LANGU>E</LANGU>
     <DESCRIPT>Mark Application for Deletion</DESCRIPT>
    </SEOCOMPOTX>
    <SEOCOMPOTX>
     <CLSNAME>ZCL_NCA_BRF_APPL</CLSNAME>
     <CMPNAME>EXECUTE_ACTION</CMPNAME>
     <LANGU>E</LANGU>
     <DESCRIPT>execute a function for a action</DESCRIPT>
    </SEOCOMPOTX>
    <SEOCOMPOTX>
     <CLSNAME>ZCL_NCA_BRF_APPL</CLSNAME>
     <CMPNAME>EXECUTE_SEARCH</CMPNAME>
     <LANGU>E</LANGU>
     <DESCRIPT>execute a function for a action</DESCRIPT>
    </SEOCOMPOTX>
    <SEOCOMPOTX>
     <CLSNAME>ZCL_NCA_BRF_APPL</CLSNAME>
     <CMPNAME>GET_ACTIONS</CMPNAME>
     <LANGU>E</LANGU>
     <DESCRIPT>get allowed Values from DT</DESCRIPT>
    </SEOCOMPOTX>
    <SEOCOMPOTX>
     <CLSNAME>ZCL_NCA_BRF_APPL</CLSNAME>
     <CMPNAME>GET_ALLOWED_VALUES</CMPNAME>
     <LANGU>E</LANGU>
     <DESCRIPT>get all actions from DT</DESCRIPT>
    </SEOCOMPOTX>
    <SEOCOMPOTX>
     <CLSNAME>ZCL_NCA_BRF_APPL</CLSNAME>
     <CMPNAME>GET_APPL_ID</CMPNAME>
     <LANGU>E</LANGU>
     <DESCRIPT>Get Application Id</DESCRIPT>
    </SEOCOMPOTX>
    <SEOCOMPOTX>
     <CLSNAME>ZCL_NCA_BRF_APPL</CLSNAME>
     <CMPNAME>GET_ID_FROM_NAME</CMPNAME>
     <LANGU>E</LANGU>
     <DESCRIPT>Get BRF+ Element ID from Name</DESCRIPT>
    </SEOCOMPOTX>
    <SEOCOMPOTX>
     <CLSNAME>ZCL_NCA_BRF_APPL</CLSNAME>
     <CMPNAME>GET_INSTANCE</CMPNAME>
     <LANGU>E</LANGU>
     <DESCRIPT>Get Instance</DESCRIPT>
    </SEOCOMPOTX>
    <SEOCOMPOTX>
     <CLSNAME>ZCL_NCA_BRF_APPL</CLSNAME>
     <CMPNAME>MO_INSTANCE</CMPNAME>
     <LANGU>E</LANGU>
     <DESCRIPT>BRF Plus Application Service</DESCRIPT>
    </SEOCOMPOTX>
    <SEOCOMPOTX>
     <CLSNAME>ZCL_NCA_BRF_APPL</CLSNAME>
     <CMPNAME>MO_NCA_OBJ</CMPNAME>
     <LANGU>E</LANGU>
     <DESCRIPT>NCA Object API</DESCRIPT>
    </SEOCOMPOTX>
    <SEOCOMPOTX>
     <CLSNAME>ZCL_NCA_BRF_APPL</CLSNAME>
     <CMPNAME>MT_ACTIONS</CMPNAME>
     <LANGU>E</LANGU>
     <DESCRIPT>Table Type for ZMARA_S_NCA_ACTIONS</DESCRIPT>
    </SEOCOMPOTX>
    <SEOCOMPOTX>
     <CLSNAME>ZCL_NCA_BRF_APPL</CLSNAME>
     <CMPNAME>MV_TKORR</CMPNAME>
     <LANGU>E</LANGU>
     <DESCRIPT>Data element for domain BOOLE: TRUE (=&apos;X&apos;) and FALSE (=&apos; &apos;)</DESCRIPT>
    </SEOCOMPOTX>
    <SEOCOMPOTX>
     <CLSNAME>ZCL_NCA_BRF_APPL</CLSNAME>
     <CMPNAME>_CREATE_SEARCH_ARTIFACTS</CMPNAME>
     <LANGU>E</LANGU>
     <DESCRIPT>SEARCH Elements</DESCRIPT>
    </SEOCOMPOTX>
    <SEOCOMPOTX>
     <CLSNAME>ZCL_NCA_BRF_APPL</CLSNAME>
     <CMPNAME>_CREATE_SEARCH_FUNCTION</CMPNAME>
     <LANGU>E</LANGU>
     <DESCRIPT>SEARCH</DESCRIPT>
    </SEOCOMPOTX>
   </DESCRIPTIONS>
  </asx:values>
 </asx:abap>
</abapGit>
