﻿<?xml version="1.0" encoding="utf-8"?>
<abapGit version="v1.0.0" serializer="LCL_OBJECT_TABL" serializer_version="v1.0.0">
 <asx:abap xmlns:asx="http://www.sap.com/abapxml" version="1.0">
  <asx:values>
   <DD02V>
    <TABNAME>ZNCA_S_BRF_ACT_FUNC_OUT</TABNAME>
    <DDLANGUAGE>E</DDLANGUAGE>
    <TABCLASS>INTTAB</TABCLASS>
    <DDTEXT>NCA BRF Action to BRF+ Function</DDTEXT>
    <EXCLASS>1</EXCLASS>
   </DD02V>
   <DD03P_TABLE>
    <DD03P>
     <TABNAME>ZNCA_S_BRF_ACT_FUNC_OUT</TABNAME>
     <FIELDNAME>FUNCTION</FIELDNAME>
     <POSITION>0001</POSITION>
     <ROLLNAME>FDT_NAME</ROLLNAME>
     <ADMINFIELD>0</ADMINFIELD>
     <COMPTYPE>E</COMPTYPE>
    </DD03P>
    <DD03P>
     <TABNAME>ZNCA_S_BRF_ACT_FUNC_OUT</TABNAME>
     <FIELDNAME>TEXT</FIELDNAME>
     <POSITION>0002</POSITION>
     <ROLLNAME>TXT30</ROLLNAME>
     <ADMINFIELD>0</ADMINFIELD>
     <COMPTYPE>E</COMPTYPE>
    </DD03P>
    <DD03P>
     <TABNAME>ZNCA_S_BRF_ACT_FUNC_OUT</TABNAME>
     <FIELDNAME>ENABLE_DISPLAY</FIELDNAME>
     <POSITION>0003</POSITION>
     <ROLLNAME>ZNCA_BRF_ENABLE_DISPLAY</ROLLNAME>
     <ADMINFIELD>0</ADMINFIELD>
     <VALEXI>X</VALEXI>
     <SHLPORIGIN>F</SHLPORIGIN>
     <COMPTYPE>E</COMPTYPE>
    </DD03P>
    <DD03P>
     <TABNAME>ZNCA_S_BRF_ACT_FUNC_OUT</TABNAME>
     <FIELDNAME>POSITION</FIELDNAME>
     <POSITION>0004</POSITION>
     <ROLLNAME>ZNCA_COMP_POSITION</ROLLNAME>
     <ADMINFIELD>0</ADMINFIELD>
     <COMPTYPE>E</COMPTYPE>
    </DD03P>
    <DD03P>
     <TABNAME>ZNCA_S_BRF_ACT_FUNC_OUT</TABNAME>
     <FIELDNAME>FPM_ICON</FIELDNAME>
     <POSITION>0005</POSITION>
     <ROLLNAME>ZNCA_FPM_ICON</ROLLNAME>
     <ADMINFIELD>0</ADMINFIELD>
     <COMPTYPE>E</COMPTYPE>
    </DD03P>
    <DD03P>
     <TABNAME>ZNCA_S_BRF_ACT_FUNC_OUT</TABNAME>
     <FIELDNAME>UI5_ICON</FIELDNAME>
     <POSITION>0006</POSITION>
     <ROLLNAME>ZNCA_UI5_APP_ICON</ROLLNAME>
     <ADMINFIELD>0</ADMINFIELD>
     <COMPTYPE>E</COMPTYPE>
    </DD03P>
    <DD03P>
     <TABNAME>ZNCA_S_BRF_ACT_FUNC_OUT</TABNAME>
     <FIELDNAME>DISABLED</FIELDNAME>
     <POSITION>0007</POSITION>
     <ROLLNAME>ZNCA_COMP_DISABLED</ROLLNAME>
     <ADMINFIELD>0</ADMINFIELD>
     <VALEXI>X</VALEXI>
     <SHLPORIGIN>F</SHLPORIGIN>
     <COMPTYPE>E</COMPTYPE>
    </DD03P>
    <DD03P>
     <TABNAME>ZNCA_S_BRF_ACT_FUNC_OUT</TABNAME>
     <FIELDNAME>VISIBLE</FIELDNAME>
     <POSITION>0008</POSITION>
     <ROLLNAME>ZNCA_COMP_VISIBLE</ROLLNAME>
     <ADMINFIELD>0</ADMINFIELD>
     <VALEXI>X</VALEXI>
     <SHLPORIGIN>F</SHLPORIGIN>
     <COMPTYPE>E</COMPTYPE>
    </DD03P>
   </DD03P_TABLE>
   <I18N_LANGS>
    <LANGU>D</LANGU>
   </I18N_LANGS>
   <DD02_TEXTS>
    <item>
     <DDLANGUAGE>D</DDLANGUAGE>
     <DDTEXT>NCA BRF Action to BRF+ Function</DDTEXT>
    </item>
   </DD02_TEXTS>
  </asx:values>
 </asx:abap>
</abapGit>
