﻿<?xml version="1.0" encoding="utf-8"?>
<abapGit version="v1.0.0" serializer="LCL_OBJECT_DTEL" serializer_version="v1.0.0">
 <asx:abap xmlns:asx="http://www.sap.com/abapxml" version="1.0">
  <asx:values>
   <DD04V>
    <ROLLNAME>ZNCA_BRF_COPY_MODE</ROLLNAME>
    <DDLANGUAGE>E</DDLANGUAGE>
    <DOMNAME>ZNCA_BRF_COPY_MODE</DOMNAME>
    <HEADLEN>13</HEADLEN>
    <SCRLEN1>10</SCRLEN1>
    <SCRLEN2>13</SCRLEN2>
    <SCRLEN3>13</SCRLEN3>
    <DDTEXT>BRF Copy Mode</DDTEXT>
    <REPTEXT>BRF Copy Mode</REPTEXT>
    <SCRTEXT_S>BRF Copy M</SCRTEXT_S>
    <SCRTEXT_M>BRF Copy Mode</SCRTEXT_M>
    <SCRTEXT_L>BRF Copy Mode</SCRTEXT_L>
    <DTELMASTER>E</DTELMASTER>
    <REFKIND>D</REFKIND>
   </DD04V>
   <I18N_LANGS>
    <LANGU>D</LANGU>
   </I18N_LANGS>
   <DD04_TEXTS>
    <item>
     <DDLANGUAGE>D</DDLANGUAGE>
     <DDTEXT>BRF Kopiermodus</DDTEXT>
     <REPTEXT>BRF Kopiermod</REPTEXT>
     <SCRTEXT_S>BRF Kopier</SCRTEXT_S>
     <SCRTEXT_M>BRF Kopiermod</SCRTEXT_M>
     <SCRTEXT_L>BRF Kopiermod</SCRTEXT_L>
    </item>
   </DD04_TEXTS>
  </asx:values>
 </asx:abap>
</abapGit>
