﻿<?xml version="1.0" encoding="utf-8"?>
<abapGit version="v1.0.0" serializer="LCL_OBJECT_TABL" serializer_version="v1.0.0">
 <asx:abap xmlns:asx="http://www.sap.com/abapxml" version="1.0">
  <asx:values>
   <DD02V>
    <TABNAME>ZNCA_S_BRF_GUIBBL_FORMULA</TABNAME>
    <DDLANGUAGE>E</DDLANGUAGE>
    <TABCLASS>INTTAB</TABCLASS>
    <DDTEXT>NCA BRF Integration Formula List</DDTEXT>
    <EXCLASS>4</EXCLASS>
   </DD02V>
   <DD03P_TABLE>
    <DD03P>
     <TABNAME>ZNCA_S_BRF_GUIBBL_FORMULA</TABNAME>
     <FIELDNAME>FORMULA_ID</FIELDNAME>
     <POSITION>0001</POSITION>
     <ROLLNAME>FDT_UUID</ROLLNAME>
     <ADMINFIELD>0</ADMINFIELD>
     <SHLPORIGIN>D</SHLPORIGIN>
     <COMPTYPE>E</COMPTYPE>
    </DD03P>
    <DD03P>
     <TABNAME>ZNCA_S_BRF_GUIBBL_FORMULA</TABNAME>
     <FIELDNAME>FORMULA_NAME</FIELDNAME>
     <POSITION>0002</POSITION>
     <ROLLNAME>FDT_NAME</ROLLNAME>
     <ADMINFIELD>0</ADMINFIELD>
     <COMPTYPE>E</COMPTYPE>
    </DD03P>
    <DD03P>
     <TABNAME>ZNCA_S_BRF_GUIBBL_FORMULA</TABNAME>
     <FIELDNAME>FORMULA_STRING</FIELDNAME>
     <DDLANGUAGE>E</DDLANGUAGE>
     <POSITION>0003</POSITION>
     <ADMINFIELD>0</ADMINFIELD>
     <INTTYPE>g</INTTYPE>
     <INTLEN>000008</INTLEN>
     <DATATYPE>STRG</DATATYPE>
     <MASK>  STRG</MASK>
    </DD03P>
   </DD03P_TABLE>
  </asx:values>
 </asx:abap>
</abapGit>
