﻿<?xml version="1.0" encoding="utf-8"?>
<abapGit version="v1.0.0" serializer="LCL_OBJECT_DTEL" serializer_version="v1.0.0">
 <asx:abap xmlns:asx="http://www.sap.com/abapxml" version="1.0">
  <asx:values>
   <DD04V>
    <ROLLNAME>ZNCA_BRF_ENABLE_DISPLAY</ROLLNAME>
    <DDLANGUAGE>E</DDLANGUAGE>
    <DOMNAME>XFELD</DOMNAME>
    <HEADLEN>55</HEADLEN>
    <SCRLEN1>10</SCRLEN1>
    <SCRLEN2>20</SCRLEN2>
    <SCRLEN3>40</SCRLEN3>
    <DDTEXT>Enable in display mode</DDTEXT>
    <REPTEXT>Enable in display mode</REPTEXT>
    <SCRTEXT_S>Enable Dsp</SCRTEXT_S>
    <SCRTEXT_M>Enable in display mo</SCRTEXT_M>
    <SCRTEXT_L>Enable in display mode</SCRTEXT_L>
    <DTELMASTER>E</DTELMASTER>
    <REFKIND>D</REFKIND>
   </DD04V>
   <I18N_LANGS>
    <LANGU>D</LANGU>
   </I18N_LANGS>
   <DD04_TEXTS>
    <item>
     <DDLANGUAGE>D</DDLANGUAGE>
     <DDTEXT>Aktiv im Anzeigemodus</DDTEXT>
     <REPTEXT>Aktiv im Anzeigemodus</REPTEXT>
     <SCRTEXT_S>Aktiv im A</SCRTEXT_S>
     <SCRTEXT_M>Aktiv im Anzeigemodu</SCRTEXT_M>
     <SCRTEXT_L>Aktiv im Anzeigemodus</SCRTEXT_L>
    </item>
   </DD04_TEXTS>
  </asx:values>
 </asx:abap>
</abapGit>
