﻿<?xml version="1.0" encoding="utf-8"?>
<abapGit version="v1.0.0" serializer="LCL_OBJECT_MSAG" serializer_version="v1.0.0">
 <asx:abap xmlns:asx="http://www.sap.com/abapxml" version="1.0">
  <asx:values>
   <T100A>
    <ARBGB>ZNCA_BRF</ARBGB>
    <MASTERLANG>E</MASTERLANG>
    <STEXT>Message class for NCA BRF+</STEXT>
   </T100A>
   <T100>
    <T100>
     <SPRSL>E</SPRSL>
     <ARBGB>ZNCA_BRF</ARBGB>
     <MSGNR>001</MSGNR>
     <TEXT>&amp;1&amp;2&amp;3&amp;4</TEXT>
    </T100>
    <T100>
     <SPRSL>E</SPRSL>
     <ARBGB>ZNCA_BRF</ARBGB>
     <MSGNR>002</MSGNR>
     <TEXT>The function &amp;1 behind action &amp;2 is not an NCA function</TEXT>
    </T100>
    <T100>
     <SPRSL>E</SPRSL>
     <ARBGB>ZNCA_BRF</ARBGB>
     <MSGNR>003</MSGNR>
     <TEXT>No authorization for corresponding nca app &amp;1 (ZNCA_BRF)</TEXT>
    </T100>
    <T100>
     <SPRSL>E</SPRSL>
     <ARBGB>ZNCA_BRF</ARBGB>
     <MSGNR>004</MSGNR>
     <TEXT>Inconsitency detected: &quot;&amp;1&quot; is not unique in your brf+ application</TEXT>
    </T100>
   </T100>
   <LONGTEXTS>
    <item>
     <DOKIL>
      <ID>NA</ID>
      <OBJECT>ZNCA_BRF002</OBJECT>
      <LANGU>E</LANGU>
      <TYP>E</TYP>
      <VERSION>0004</VERSION>
      <MASTERLANG>X</MASTERLANG>
      <TXTLINES>00007</TXTLINES>
     </DOKIL>
     <HEAD>
      <TDOBJECT>DOKU</TDOBJECT>
      <TDNAME>ZNCA_BRF002</TDNAME>
      <TDID>NA</TDID>
      <TDSPRAS>E</TDSPRAS>
      <TDFORM>S_DOCU_SHOW</TDFORM>
      <TDSTYLE>S_DOCUS1</TDSTYLE>
      <TDVERSION>00004</TDVERSION>
      <TDLINESIZE>072</TDLINESIZE>
     </HEAD>
     <LINES>
      <TLINE>
       <TDFORMAT>U1</TDFORMAT>
       <TDLINE>&amp;CAUSE&amp;</TDLINE>
      </TLINE>
      <TLINE>
       <TDFORMAT>AS</TDFORMAT>
       <TDLINE>The function behind DT_ACTION_FUNCTION is not a NCA function</TDLINE>
      </TLINE>
      <TLINE>
       <TDFORMAT>U1</TDFORMAT>
       <TDLINE>&amp;SYSTEM_RESPONSE&amp;</TDLINE>
      </TLINE>
      <TLINE>
       <TDFORMAT>AS</TDFORMAT>
       <TDLINE>The function was not executed</TDLINE>
      </TLINE>
      <TLINE>
       <TDFORMAT>U1</TDFORMAT>
       <TDLINE>&amp;WHAT_TO_DO&amp;</TDLINE>
      </TLINE>
      <TLINE>
       <TDFORMAT>AS</TDFORMAT>
       <TDLINE>The function have to be defined as a nca function</TDLINE>
      </TLINE>
      <TLINE>
       <TDFORMAT>B1</TDFORMAT>
       <TDLINE>In the context there have to be APP_IN structure</TDLINE>
      </TLINE>
      <TLINE>
       <TDFORMAT>B1</TDFORMAT>
       <TDLINE>In the context there have to be APP_SAVED structure</TDLINE>
      </TLINE>
      <TLINE>
       <TDFORMAT>B1</TDFORMAT>
       <TDLINE>The result data object have to be APP_OUT structure</TDLINE>
      </TLINE>
      <TLINE>
       <TDFORMAT>B1</TDFORMAT>
       <TDLINE>The top expression have to be FC_MAP_APP_IN_TO_APP_OUT</TDLINE>
      </TLINE>
      <TLINE>
       <TDFORMAT>U1</TDFORMAT>
       <TDLINE>&amp;SYS_ADMIN&amp;</TDLINE>
      </TLINE>
      <TLINE>
       <TDFORMAT>AS</TDFORMAT>
      </TLINE>
     </LINES>
    </item>
   </LONGTEXTS>
   <I18N_LANGS>
    <LANGU>D</LANGU>
   </I18N_LANGS>
   <T100T>
    <T100T>
     <SPRSL>D</SPRSL>
     <ARBGB>ZNCA_BRF</ARBGB>
     <STEXT>Message class for NCA BRF+</STEXT>
    </T100T>
   </T100T>
   <T100_TEXTS>
    <item>
     <SPRSL>D</SPRSL>
     <MSGNR>001</MSGNR>
     <TEXT>&amp;1&amp;2&amp;3&amp;4</TEXT>
    </item>
    <item>
     <SPRSL>D</SPRSL>
     <MSGNR>002</MSGNR>
     <TEXT>Die Funktion &amp;1 der Aktion &amp;2 ist keine NCA Funktion</TEXT>
    </item>
    <item>
     <SPRSL>D</SPRSL>
     <MSGNR>003</MSGNR>
     <TEXT>Nicht authorisiert für zugehörige NCA App &amp;1 (ZNCA_BRF)</TEXT>
    </item>
    <item>
     <SPRSL>D</SPRSL>
     <MSGNR>004</MSGNR>
     <TEXT>Inconsistenz gefunden: &quot;&amp;1&quot; ist nicht eindeutig in BRF+ Anwendung</TEXT>
    </item>
   </T100_TEXTS>
  </asx:values>
 </asx:abap>
</abapGit>
